AC_No,AC_Name,District,Reserved,Sl_No,Candidate_Name,Party_Full,Party_Short,Alliance,Symbol
1,Gummidipoondi,Tiruvallur,GEN,1.0,T.J.GOVINDARAJAN,Dravida Munnetra Kazhagam,DMK,INDIA/SPA,Rising sun
1,Gummidipoondi,Tiruvallur,GEN,2.0,SUDHAKAR.V,All India Anna Dravida Munnetra Kazhagam,AIADMK,NDA,Two leaves
1,Gummidipoondi,Tiruvallur,GEN,3.0,M.JAGADEESAN,Bahujan Samaj Party,BSP,Solo,Elephant
1,Gummidipoondi,Tiruvallur,GEN,4.0,R.SRIDAR. B.L.,Naam Tamilar Katchi,NTK,Solo,Farmer Carrying Plough
1,Gummidipoondi,Tiruvallur,GEN,5.0,SDK SANKAR,Aanaithinthiya Jananayaka Pathukappu Kazhagam,AJPK,-,Gas cylinder
1,Gummidipoondi,Tiruvallur,GEN,6.0,K. CHANDRA SEKAR,Veerath Thiyagi Viswanathadoss Thozhilalarkal Katchi,VTVTK,-,Pestle and mortar
1,Gummidipoondi,Tiruvallur,GEN,7.0,S.VIJAYAKUMAR,Tamilaga Vettri Kazhagam,TVK,Solo,Whistle
1,Gummidipoondi,Tiruvallur,GEN,8.0,M.KUMARAN,Independent,IND,Independent,Diamond
1,Gummidipoondi,Tiruvallur,GEN,9.0,GOPAL.K,Independent,IND,Independent,Letter box
1,Gummidipoondi,Tiruvallur,GEN,10.0,T.GOVINDAN,Independent,IND,Independent,Ship
1,Gummidipoondi,Tiruvallur,GEN,11.0,A.H. SIVA GANESH,Independent,IND,Independent,Batsman
1,Gummidipoondi,Tiruvallur,GEN,12.0,D.SUDHAKAR,Independent,IND,Independent,Peas
1,Gummidipoondi,Tiruvallur,GEN,13.0,V.SUDHAKAR,Independent,IND,Independent,Water melon
1,Gummidipoondi,Tiruvallur,GEN,14.0,D.DINESH,Independent,IND,Independent,Road roller
1,Gummidipoondi,Tiruvallur,GEN,15.0,G.RANJITH B.SC.L.L.B,Independent,IND,Independent,Crane
2,Ponneri,Tiruvallur,SC,1.0,DURAI CHANDRASEKAR,Indian National Congress,INC,INDIA/SPA,Hand
2,Ponneri,Tiruvallur,SC,2.0,SANTHOSHKUMAR.J,Bahujan Samaj Party,BSP,Solo,Elephant
2,Ponneri,Tiruvallur,SC,3.0,BALARAMAN.P,All India Anna Dravida Munnetra Kazhagam,AIADMK,NDA,Two leaves
2,Ponneri,Tiruvallur,SC,4.0,RAJATHI.M,Naam Tamilar Katchi,NTK,Solo,Farmer Carrying Plough
2,Ponneri,Tiruvallur,SC,5.0,ASHOK PRIYADARSHAN,Desiya Makkal Sakthi Katchi,DMSK,-,Football player
2,Ponneri,Tiruvallur,SC,6.0,RAJA.S,Vanchit Bahujan Aaghadi,VBA,-,Gas cylinder
2,Ponneri,Tiruvallur,SC,7.0,KOTTEESWARAN. K,Tamizhaga Vaazhvurimai Katchi,TVaK,-,Camera
2,Ponneri,Tiruvallur,SC,8.0,MALATHI.S,Tamizhaga Murpokku Makkal Katchi,TMMK,-,Matchbox
2,Ponneri,Tiruvallur,SC,9.0,DR.RAVI.M.S,Tamilaga Vettri Kazhagam,TVK,Solo,Whistle
2,Ponneri,Tiruvallur,SC,10.0,NAGAIYAN.G,Independent,IND,Independent,Batsman
2,Ponneri,Tiruvallur,SC,11.0,BARATHIRAJA.K,Independent,IND,Independent,Brush
2,Ponneri,Tiruvallur,SC,12.0,RAJASEKAR.J,Independent,IND,Independent,Pen drive
2,Ponneri,Tiruvallur,SC,13.0,VENKATESAN.S,Independent,IND,Independent,Water melon
3,Tiruttani,Tiruvallur,GEN,1.0,G.HARI,All India Anna Dravida Munnetra Kazhagam,AIADMK,NDA,Two leaves
3,Tiruttani,Tiruvallur,GEN,2.0,D.KRISHNAMURTHY,Desiya Murpokku Dravida Kazhagam,DMDK,INDIA/SPA,Nagara
3,Tiruttani,Tiruvallur,GEN,3.0,CHANDRAN .S.S,Naam Tamilar Katchi,NTK,Solo,Farmer Carrying Plough
3,Tiruttani,Tiruvallur,GEN,4.0,MUTHURAJ.G,Bahujan Samaj Party,BSP,Solo,Elephant
3,Tiruttani,Tiruvallur,GEN,5.0,M.SATHYA KUMAR,Tamilaga Vettri Kazhagam,TVK,Solo,Whistle
3,Tiruttani,Tiruvallur,GEN,6.0,BALAJI.A,Thakkam Katchi,TK,-,Matchbox
3,Tiruttani,Tiruvallur,GEN,7.0,PAVENDHAN.Y.R,Tamizhaga Vaazhvurimai Katchi,TVaK,-,Camera
3,Tiruttani,Tiruvallur,GEN,8.0,KRISHNAMOORTHY.K,Independent,IND,Independent,Diamond
3,Tiruttani,Tiruvallur,GEN,9.0,KRISHNAMOORTHY.D,Independent,IND,Independent,Pestle and mortar
3,Tiruttani,Tiruvallur,GEN,10.0,KRISHNAMOORTHY.M,Independent,IND,Independent,Noodles bowl
3,Tiruttani,Tiruvallur,GEN,11.0,SHETTU.S,Independent,IND,Independent,Gas cylinder
3,Tiruttani,Tiruvallur,GEN,12.0,DR.A.V.NARENDRAN,Independent,IND,Independent,Bangles
3,Tiruttani,Tiruvallur,GEN,13.0,JAMBU.B,Independent,IND,Independent,Bucket
4,Thiruvallur,Tiruvallur,GEN,1.0,V.G. RAAJENDRAN,Dravida Munnetra Kazhagam,DMK,INDIA/SPA,Rising sun
4,Thiruvallur,Tiruvallur,GEN,2.0,K. SENTHILKUMAR,Naam Tamilar Katchi,NTK,Solo,Farmer Carrying Plough
4,Thiruvallur,Tiruvallur,GEN,3.0,BE VEE RAMANAH,All India Anna Dravida Munnetra Kazhagam,AIADMK,NDA,Two leaves
4,Thiruvallur,Tiruvallur,GEN,4.0,B. RAJESH KUMAR,Bahujan Samaj Party,BSP,Solo,Elephant
4,Thiruvallur,Tiruvallur,GEN,5.0,DR. T. ARUNKUMAR,Tamilaga Vettri Kazhagam,TVK,Solo,Whistle
4,Thiruvallur,Tiruvallur,GEN,6.0,E. MANI,Republican Party of India (Athawale),RPI(A),-,Ganna kisan
4,Thiruvallur,Tiruvallur,GEN,7.0,E. RAJARATHINAM,Tamizhaga Vaazhvurimai Katchi,TVaK,-,Camera
4,Thiruvallur,Tiruvallur,GEN,8.0,N. VENKATESAN,Aanaithinthiya Jananayaka Pathukappu Kazhagam,AJPK,-,Gas cylinder
4,Thiruvallur,Tiruvallur,GEN,9.0,E.KOTHANDAN,Independent,IND,Independent,Rubber stamp
4,Thiruvallur,Tiruvallur,GEN,10.0,N. NAGENDRABABU,Independent,IND,Independent,Cot
4,Thiruvallur,Tiruvallur,GEN,11.0,N. BALAKRISHNAN,Independent,IND,Independent,Diamond
4,Thiruvallur,Tiruvallur,GEN,12.0,R. RAMANAN,Independent,IND,Independent,Can
4,Thiruvallur,Tiruvallur,GEN,13.0,G. RAJENDIRAN,Independent,IND,Independent,Water tank
4,Thiruvallur,Tiruvallur,GEN,14.0,S. RAJENDRAN,Independent,IND,Independent,Plate stand
5,Poonamallee,Tiruvallur,SC,1.0,KRISHNASWAMY.A,Dravida Munnetra Kazhagam,DMK,INDIA/SPA,Rising sun
5,Poonamallee,Tiruvallur,SC,2.0,MEKALA.J,Naam Tamilar Katchi,NTK,Solo,Farmer Carrying Plough
5,Poonamallee,Tiruvallur,SC,3.0,RAJASEKARAN.K,Bahujan Samaj Party,BSP,Solo,Elephant
5,Poonamallee,Tiruvallur,SC,4.0,ELUMALAI.T.A,Amma Makkal Munnettra Kazagam,AMMK,NDA,Pressure cooker
5,Poonamallee,Tiruvallur,SC,5.0,PRAKASAM.R,Tamilaga Vettri Kazhagam,TVK,Solo,Whistle
5,Poonamallee,Tiruvallur,SC,6.0,SIVAKUMAR.S,Independent,IND,Independent,Belt
5,Poonamallee,Tiruvallur,SC,7.0,DHASARATHAN.R,Independent,IND,Independent,Box
5,Poonamallee,Tiruvallur,SC,8.0,PURUSHOTHAMAN.B,Independent,IND,Independent,Saw
5,Poonamallee,Tiruvallur,SC,9.0,RAVIKUMAR.M,Independent,IND,Independent,Diamond
5,Poonamallee,Tiruvallur,SC,10.0,VELU.S,Independent,IND,Independent,Batsman
5,Poonamallee,Tiruvallur,SC,11.0,DR.JAYANTHI.R,Independent,IND,Independent,Swing
6,Avadi,Tiruvallur,GEN,1.0,S. CHARLES,Bahujan Samaj Party,BSP,Solo,Elephant
6,Avadi,Tiruvallur,GEN,2.0,S.M.NASAR,Dravida Munnetra Kazhagam,DMK,INDIA/SPA,Rising sun
6,Avadi,Tiruvallur,GEN,3.0,PUNITHA SHANMUGAM,Naam Tamilar Katchi,NTK,Solo,Farmer Carrying Plough
6,Avadi,Tiruvallur,GEN,4.0,RAJASIMHA MAHENDRA,Bharatiya Janata Party,BJP,NDA,Lotus
6,Avadi,Tiruvallur,GEN,5.0,R.EDMUND JAYENDREN,Tamizhaga Vaazhvurimai Katchi,TVaK,-,Camera
6,Avadi,Tiruvallur,GEN,6.0,C.S. KARNAN,Anti Corruption Dynamic Party,ACDP,-,Truck
6,Avadi,Tiruvallur,GEN,7.0,SENTHILKUMAR. S,Anna Puratchi Thalaivar Amma Dravida Munnetra Kazhagam,AMMK,NDA,Jackfruit
6,Avadi,Tiruvallur,GEN,8.0,R. BAKTHAVATCHALAM,All India Puratchi Thalaivar Makkal Munnettra Kazhagam,AIPTMK,-,Coconut farm
6,Avadi,Tiruvallur,GEN,9.0,R.RAMESH KUMAR,Tamilaga Vettri Kazhagam,TVK,Solo,Whistle
6,Avadi,Tiruvallur,GEN,10.0,P.JAYAKUMAR,Samaniya Makkal Nala Katchi,SMNK,-,Walking stick
6,Avadi,Tiruvallur,GEN,11.0,K. ANNAMALAI,Independent,IND,Independent,Refrigerator
6,Avadi,Tiruvallur,GEN,12.0,G.D. ARUNKUMAR,Independent,IND,Independent,Gramophone
6,Avadi,Tiruvallur,GEN,13.0,M. ERAJASIMMAN,Independent,IND,Independent,Cauliflower
6,Avadi,Tiruvallur,GEN,14.0,R. KUMAR,Independent,IND,Independent,Pen nib with seven rays
6,Avadi,Tiruvallur,GEN,15.0,S. SENTHILKUMAR,Independent,IND,Independent,Fountain
6,Avadi,Tiruvallur,GEN,16.0,P. CHELLAPANDIAN,Independent,IND,Independent,Gas cylinder
6,Avadi,Tiruvallur,GEN,17.0,K. BALAKRISHNAN,Independent,IND,Independent,Lady finger
6,Avadi,Tiruvallur,GEN,18.0,R. MANIKANDAN,Independent,IND,Independent,Envelope
6,Avadi,Tiruvallur,GEN,19.0,UNIESH RAJ. M,Independent,IND,Independent,Scissors
6,Avadi,Tiruvallur,GEN,20.0,RAJASEKAR. R,Independent,IND,Independent,Brush
7,Maduravoyal,Tiruvallur,GEN,1.0,GANAPATHY. K,Dravida Munnetra Kazhagam,DMK,INDIA/SPA,Rising sun
7,Maduravoyal,Tiruvallur,GEN,2.0,P. BENJAMIN,All India Anna Dravida Munnetra Kazhagam,AIADMK,NDA,Two leaves
7,Maduravoyal,Tiruvallur,GEN,3.0,REVATHI L,Naam Tamilar Katchi,NTK,Solo,Farmer Carrying Plough
7,Maduravoyal,Tiruvallur,GEN,4.0,AGNI SELVARAJU. J,Naadaalum Makkal Katchi,NMK,-,Pen nib with seven rays
7,Maduravoyal,Tiruvallur,GEN,5.0,MUTHURAMAN. S,Anna MGR Dravida Makkal Kalgam,AMGRDMK,-,Pan
7,Maduravoyal,Tiruvallur,GEN,6.0,MURALI. S,Naam Indiar Party,NIP,-,Spanner
7,Maduravoyal,Tiruvallur,GEN,7.0,RHEVANTH CHARAN,Tamilaga Vettri Kazhagam,TVK,Solo,Whistle
7,Maduravoyal,Tiruvallur,GEN,8.0,K. VENKATESAN,Veerath Thiyagi Viswanathadoss Thozhilalarkal Katchi,VTVTK,-,Pestle and mortar
7,Maduravoyal,Tiruvallur,GEN,9.0,J. VENKATESAN,All India Puratchi Thalaivar Makkal Munnettra Kazhagam,AIPTMK,-,Coconut farm
7,Maduravoyal,Tiruvallur,GEN,10.0,D. ANANDAN,Independent,IND,Independent,Bead necklace
7,Maduravoyal,Tiruvallur,GEN,11.0,K. GANAPATHY,Independent,IND,Independent,Diamond
7,Maduravoyal,Tiruvallur,GEN,12.0,V. KAMALA KANNAN,Independent,IND,Independent,CCTV Camera
7,Maduravoyal,Tiruvallur,GEN,13.0,SARAVANAN KUMAR,Independent,IND,Independent,Gas cylinder
7,Maduravoyal,Tiruvallur,GEN,14.0,R. SIVA,Independent,IND,Independent,Sitar
7,Maduravoyal,Tiruvallur,GEN,15.0,M. BALASUBRAMANIAN,Independent,IND,Independent,Bangles
7,Maduravoyal,Tiruvallur,GEN,16.0,S. BENJAMIN MOSES,Independent,IND,Independent,Electric pole
7,Maduravoyal,Tiruvallur,GEN,17.0,PONMUTHU RAMESH,Independent,IND,Independent,Stethoscope
7,Maduravoyal,Tiruvallur,GEN,18.0,N.A. MANI,Independent,IND,Independent,Bucket
7,Maduravoyal,Tiruvallur,GEN,19.0,R. YUVARAJ,Independent,IND,Independent,Football player
7,Maduravoyal,Tiruvallur,GEN,20.0,VIGNESH NANDAGOPAL,Independent,IND,Independent,Mixee
7,Maduravoyal,Tiruvallur,GEN,21.0,M. JAMES,Independent,IND,Independent,Cake
8,Ambattur,Tiruvallur,GEN,1.0,SILAMBARASAN,Naam Tamilar Katchi,NTK,Solo,Farmer Carrying Plough
8,Ambattur,Tiruvallur,GEN,2.0,DR. J.SAILAS,Bahujan Samaj Party,BSP,Solo,Elephant
8,Ambattur,Tiruvallur,GEN,3.0,DR.A.P. POORNIMA,Dravida Munnetra Kazhagam,DMK,INDIA/SPA,Rising sun
8,Ambattur,Tiruvallur,GEN,4.0,A.KALYANASUNDARAM,Nationalist Janshakti Party,NJP,-,Sitar
8,Ambattur,Tiruvallur,GEN,5.0,K.N. SEKAR,Pattali Makkal Katchi,PMK,NDA,Mango
8,Ambattur,Tiruvallur,GEN,6.0,BALAMURUGAN.G,Tamilaga Vettri Kazhagam,TVK,Solo,Whistle
8,Ambattur,Tiruvallur,GEN,7.0,V. RAMKUMAR,India Suyarajya Party,ISP,-,Diamond
8,Ambattur,Tiruvallur,GEN,8.0,RAJKUMAR,Tamizhaga Vaazhvurimai Katchi,TVaK,-,Camera
8,Ambattur,Tiruvallur,GEN,9.0,D. JEYAGANESH,Naam Indiar Party,NIP,-,Spanner
8,Ambattur,Tiruvallur,GEN,10.0,M.S. ARUMUGAM,Independent,IND,Independent,Gas cylinder
8,Ambattur,Tiruvallur,GEN,11.0,P. ARUMUGAM,Independent,IND,Independent,Water tank
8,Ambattur,Tiruvallur,GEN,12.0,G. SAMPATH,Independent,IND,Independent,Bangles
8,Ambattur,Tiruvallur,GEN,13.0,K. SEKAR,Independent,IND,Independent,Air conditioner
8,Ambattur,Tiruvallur,GEN,14.0,G.P. SEKAR,Independent,IND,Independent,Dish antenna
8,Ambattur,Tiruvallur,GEN,15.0,PALANI,Independent,IND,Independent,Batsman
8,Ambattur,Tiruvallur,GEN,16.0,R.BALAMURUGAN,Independent,IND,Independent,CCTV Camera
8,Ambattur,Tiruvallur,GEN,17.0,DR. S.PRAVEEN,Independent,IND,Independent,Television
8,Ambattur,Tiruvallur,GEN,18.0,D. PUSHPA,Independent,IND,Independent,Carrom board
8,Ambattur,Tiruvallur,GEN,19.0,S. MADHAVAN,Independent,IND,Independent,Football player
8,Ambattur,Tiruvallur,GEN,20.0,D.K.MESHACK KIRUBAKARAN,Independent,IND,Independent,Telephone
8,Ambattur,Tiruvallur,GEN,21.0,VINAYAGAMOORTHY.R,Independent,IND,Independent,Ship
8,Ambattur,Tiruvallur,GEN,22.0,S. JANARTHANAN,Independent,IND,Independent,Matchbox
8,Ambattur,Tiruvallur,GEN,23.0,JOTHI.M,Independent,IND,Independent,Balloon
9,Madavaram,Tiruvallur,GEN,1.0,E.KRITHIKA,Naam Tamilar Katchi,NTK,Solo,Farmer Carrying Plough
9,Madavaram,Tiruvallur,GEN,2.0,S.SUDHARSANAM,Dravida Munnetra Kazhagam,DMK,INDIA/SPA,Rising sun
9,Madavaram,Tiruvallur,GEN,3.0,MADHAVARAM V.MOORTHY,All India Anna Dravida Munnetra Kazhagam,AIADMK,NDA,Two leaves
9,Madavaram,Tiruvallur,GEN,4.0,N.JANAKIRAMAN,Bahujan Samaj Party,BSP,Solo,Elephant
9,Madavaram,Tiruvallur,GEN,5.0,R.KARTHIKEYAN,Tamizhaga Vaazhvurimai Katchi,TVaK,-,Camera
9,Madavaram,Tiruvallur,GEN,6.0,I.RAFFIK,Naadaalum Makkal Katchi,NMK,-,Pen nib with seven rays
9,Madavaram,Tiruvallur,GEN,7.0,M.L.VIJAYPRABHU,Tamilaga Vettri Kazhagam,TVK,Solo,Whistle
9,Madavaram,Tiruvallur,GEN,8.0,S.SIVAKUMAR,Independent,IND,Independent,Chain
9,Madavaram,Tiruvallur,GEN,9.0,SUDARSANAM,Independent,IND,Independent,Diamond
9,Madavaram,Tiruvallur,GEN,10.0,A.NAGARAJAN,Independent,IND,Independent,Peas
9,Madavaram,Tiruvallur,GEN,11.0,R.S.BALAJI,Independent,IND,Independent,Ship
9,Madavaram,Tiruvallur,GEN,12.0,G.PRABU,Independent,IND,Independent,Tooth brush
9,Madavaram,Tiruvallur,GEN,13.0,A.PONNALAGAN,Independent,IND,Independent,Saw
9,Madavaram,Tiruvallur,GEN,14.0,C.MOORTHY,Independent,IND,Independent,Electric pole
9,Madavaram,Tiruvallur,GEN,15.0,V.MURTHY,Independent,IND,Independent,Wallet
10,Thiruvottiyur,Tiruvallur,GEN,1.0,KUPPAN. K,All India Anna Dravida Munnetra Kazhagam,AIADMK,NDA,Two leaves
10,Thiruvottiyur,Tiruvallur,GEN,2.0,SATHYA. B,Naam Tamilar Katchi,NTK,Solo,Farmer Carrying Plough
10,Thiruvottiyur,Tiruvallur,GEN,3.0,SUNDARARAJ. L,Communist Party of India (Marxist),CPI(M),INDIA/SPA,Hammer Sickle and Star
10,Thiruvottiyur,Tiruvallur,GEN,4.0,MAHENDRA KUMAR. D,Bahujan Samaj Party,BSP,Solo,Elephant
10,Thiruvottiyur,Tiruvallur,GEN,5.0,SASIREKHA. M,Veerath Thiyagi Viswanathadoss Thozhilalarkal Katchi,VTVTK,-,Pestle and mortar
10,Thiruvottiyur,Tiruvallur,GEN,6.0,SENTHIL KUMAR. N,Tamilaga Vettri Kazhagam,TVK,Solo,Whistle
10,Thiruvottiyur,Tiruvallur,GEN,7.0,DILLI KUMAR. R,Democratic National Allegiance,DNA,-,Ship
10,Thiruvottiyur,Tiruvallur,GEN,8.0,VENKATARAMANAN. J,Tamizhaga Vaazhvurimai Katchi,TVaK,-,Camera
10,Thiruvottiyur,Tiruvallur,GEN,9.0,ARAVIND. R,Independent,IND,Independent,Matchbox
10,Thiruvottiyur,Tiruvallur,GEN,10.0,GOPI. K,Independent,IND,Independent,Gramophone
10,Thiruvottiyur,Tiruvallur,GEN,11.0,THANIKASALAM. B,Independent,IND,Independent,Door bell
10,Thiruvottiyur,Tiruvallur,GEN,12.0,BALARUBAN,Independent,IND,Independent,Boat with man and sail
10,Thiruvottiyur,Tiruvallur,GEN,13.0,MICHAELRAJ. M.A,Independent,IND,Independent,Gas cylinder
10,Thiruvottiyur,Tiruvallur,GEN,14.0,VIJAY. A,Independent,IND,Independent,Electric pole
10,Thiruvottiyur,Tiruvallur,GEN,15.0,JANAGARAJ,Independent,IND,Independent,Wool and Needle
11,Dr. Radhakrishnan Nagar,Chennai,GEN,1.0,R.S. RAAJESH,All India Anna Dravida Munnetra Kazhagam,AIADMK,NDA,Two leaves
11,Dr. Radhakrishnan Nagar,Chennai,GEN,2.0,VENNILA.T,Naam Tamilar Katchi,NTK,Solo,Farmer Carrying Plough
11,Dr. Radhakrishnan Nagar,Chennai,GEN,3.0,J. JOHN EBENEZER,Dravida Munnetra Kazhagam,DMK,INDIA/SPA,Rising sun
11,Dr. Radhakrishnan Nagar,Chennai,GEN,4.0,E. RAAMADASAN,Makkal Nalvaazhvu Katchi,MNK,-,Diamond
11,Dr. Radhakrishnan Nagar,Chennai,GEN,5.0,D. KARTHIKEYAN,Samata Party,SP,-,Calculator
11,Dr. Radhakrishnan Nagar,Chennai,GEN,6.0,CHANDRASEKAR,Tamizhaga Murpokku Makkal Katchi,TMMK,-,Matchbox
11,Dr. Radhakrishnan Nagar,Chennai,GEN,7.0,B. NAVIN,Tamizhaga Vaazhvurimai Katchi,TVaK,-,Camera
11,Dr. Radhakrishnan Nagar,Chennai,GEN,8.0,N. MARIE WILSON,Tamilaga Vetri Kazhagam,TVK,Solo,Whistle
11,Dr. Radhakrishnan Nagar,Chennai,GEN,9.0,A. MOHANRAJ,Socialist Unity Centre Of India (COMMUNIST),SUCI(C),-,Scissors
11,Dr. Radhakrishnan Nagar,Chennai,GEN,10.0,AMUDHA.N,Independent,IND,Independent,Triangle
11,Dr. Radhakrishnan Nagar,Chennai,GEN,11.0,D. AJITH KUMAR,Independent,IND,Independent,Biscuit
11,Dr. Radhakrishnan Nagar,Chennai,GEN,12.0,S. EMMANUVEL,Independent,IND,Independent,Ship
11,Dr. Radhakrishnan Nagar,Chennai,GEN,13.0,A. USHA,Independent,IND,Independent,Baby walker
11,Dr. Radhakrishnan Nagar,Chennai,GEN,14.0,R. ETHIRAJ,Independent,IND,Independent,Grapes
11,Dr. Radhakrishnan Nagar,Chennai,GEN,15.0,V. SHANKAR,Independent,IND,Independent,Bench
11,Dr. Radhakrishnan Nagar,Chennai,GEN,16.0,M. SATHISH,Independent,IND,Independent,Chain
11,Dr. Radhakrishnan Nagar,Chennai,GEN,17.0,J. SARAVANAKUMAR,Independent,IND,Independent,Road roller
11,Dr. Radhakrishnan Nagar,Chennai,GEN,18.0,L. SARAVANAN,Independent,IND,Independent,Laptop
11,Dr. Radhakrishnan Nagar,Chennai,GEN,19.0,V. SUDHAKAR,Independent,IND,Independent,Green chilli
11,Dr. Radhakrishnan Nagar,Chennai,GEN,20.0,K. SUJITH,Independent,IND,Independent,Carpet
11,Dr. Radhakrishnan Nagar,Chennai,GEN,21.0,R. TAMILARASAN,Independent,IND,Independent,Electric pole
11,Dr. Radhakrishnan Nagar,Chennai,GEN,22.0,TAMILSELVAN,Independent,IND,Independent,Sofa
11,Dr. Radhakrishnan Nagar,Chennai,GEN,23.0,R. DEVAKUMAR,Independent,IND,Independent,Coat
11,Dr. Radhakrishnan Nagar,Chennai,GEN,24.0,D. PRABHU,Independent,IND,Independent,Iron
11,Dr. Radhakrishnan Nagar,Chennai,GEN,25.0,G. BOTHI RAJAN,Independent,IND,Independent,Cake
11,Dr. Radhakrishnan Nagar,Chennai,GEN,26.0,MANIKANDAN.H,Independent,IND,Independent,Chimney
11,Dr. Radhakrishnan Nagar,Chennai,GEN,27.0,G. MADHAN KUMAR,Independent,IND,Independent,Box
11,Dr. Radhakrishnan Nagar,Chennai,GEN,28.0,V. MADHAN MOHAN,Independent,IND,Independent,Bat
11,Dr. Radhakrishnan Nagar,Chennai,GEN,29.0,P. MARIMUTHU,Independent,IND,Independent,Mixee
11,Dr. Radhakrishnan Nagar,Chennai,GEN,30.0,R. MUTHU CHELLA BHARATHI,Independent,IND,Independent,Carrom board
11,Dr. Radhakrishnan Nagar,Chennai,GEN,31.0,K. MURALI,Independent,IND,Independent,Pressure cooker
11,Dr. Radhakrishnan Nagar,Chennai,GEN,32.0,J. MURALI KRISHNAN,Independent,IND,Independent,Flute
11,Dr. Radhakrishnan Nagar,Chennai,GEN,33.0,C. RAJAMANICKAM,Independent,IND,Independent,Gas cylinder
11,Dr. Radhakrishnan Nagar,Chennai,GEN,34.0,J. VIJAYAN,Independent,IND,Independent,Coconut farm
11,Dr. Radhakrishnan Nagar,Chennai,GEN,35.0,A. VIJAY,Independent,IND,Independent,Robot
11,Dr. Radhakrishnan Nagar,Chennai,GEN,36.0,G. VIJAY,Independent,IND,Independent,Hand cart
11,Dr. Radhakrishnan Nagar,Chennai,GEN,37.0,C. JANARTHANAN,Independent,IND,Independent,Ring
11,Dr. Radhakrishnan Nagar,Chennai,GEN,38.0,D. JANARTHANAN,Independent,IND,Independent,Mike
12,Perambur,Chennai,GEN,1.0,R.D. SHEKAR,Dravida Munnetra Kazhagam,DMK,INDIA/SPA,Rising sun
12,Perambur,Chennai,GEN,2.0,S. VETRI THAMIZHAN,Naam Tamilar Katchi,NTK,Solo,Farmer Carrying Plough
12,Perambur,Chennai,GEN,3.0,VETRI VEL SELVAM,Bahujan Samaj Party,BSP,Solo,Elephant
12,Perambur,Chennai,GEN,4.0,ASHLIN BELMEN A.S,Tamilnadu Mahatma Gandhi Makkal Katchi,TMGMK,-,Diamond
12,Perambur,Chennai,GEN,5.0,M. GEETA,Thakkam Katchi,TK,-,Matchbox
12,Perambur,Chennai,GEN,6.0,DR.R. SARAVANA PERUMAL,Makkal Nalvaazhvu Katchi,MNK,-,Bucket
12,Perambur,Chennai,GEN,7.0,SIVAKUMAR.V,Tamil Telugu National Party,TTNP,-,Scissors
12,Perambur,Chennai,GEN,8.0,S. SURESHKUMAR,Makkalatchi Katchi,MK,-,Telephone
12,Perambur,Chennai,GEN,9.0,J. SEBASTIN,Socialist Unity Centre Of India (COMMUNIST),SUCI(C),-,Gas cylinder
12,Perambur,Chennai,GEN,10.0,M. THILAGABAMA,Pattali Makkal Katchi,PMK,NDA,Mango
12,Perambur,Chennai,GEN,11.0,K.M. DEVAN,Makkal Murasu Katchi,MMK,-,Computer
12,Perambur,Chennai,GEN,12.0,S. MALATHI,Veerath Thiyagi Viswanathadoss Thozhilalarkal Katchi,VTVTK,-,Pestle and mortar
12,Perambur,Chennai,GEN,13.0,A. RAJARAM,Republican Party of India (Athawale),RPI(A),-,Ganna kisan
12,Perambur,Chennai,GEN,14.0,VIJAY,All India Jananayaka Makkal Kazhagam,AIJMK,-,Road roller
12,Perambur,Chennai,GEN,15.0,D.V. VENUGOPAL,Tamizhaga Vaazhvurimai Katchi,TVaK,-,Camera
12,Perambur,Chennai,GEN,16.0,C. JOSEPH VIJAY,Tamilaga Vetri Kazhagam,TVK,Solo,Whistle
12,Perambur,Chennai,GEN,17.0,AGNI AALVAR,Independent,IND,Independent,Pressure cooker
12,Perambur,Chennai,GEN,18.0,AMALA.R,Independent,IND,Independent,Walking stick
12,Perambur,Chennai,GEN,19.0,AZARUTHEEN.M,Independent,IND,Independent,Battery Torch
12,Perambur,Chennai,GEN,20.0,P. ESAKKI MUTHU,Independent,IND,Independent,Table
12,Perambur,Chennai,GEN,21.0,E. UDHAYA KUMAR,Independent,IND,Independent,Letter box
12,Perambur,Chennai,GEN,22.0,M. KADHIRAVAN,Independent,IND,Independent,Trumpet
12,Perambur,Chennai,GEN,23.0,P. GUNASEKAR,Independent,IND,Independent,Can
12,Perambur,Chennai,GEN,24.0,B. SATHISH KUMAR,Independent,IND,Independent,Box
12,Perambur,Chennai,GEN,25.0,SATHISH.B,Independent,IND,Independent,Robot
12,Perambur,Chennai,GEN,26.0,P. THANGAMANI,Independent,IND,Independent,Binoculars
12,Perambur,Chennai,GEN,27.0,M. TAMILSELVAM,Independent,IND,Independent,Bicycle pump
12,Perambur,Chennai,GEN,28.0,H. DHANASEKAR,Independent,IND,Independent,Ship
12,Perambur,Chennai,GEN,29.0,M.I. THAHIRA BANU,Independent,IND,Independent,Grapes
12,Perambur,Chennai,GEN,30.0,NIVETHA,Independent,IND,Independent,Ring
12,Perambur,Chennai,GEN,31.0,B. BALAJI,Independent,IND,Independent,Jackfruit
12,Perambur,Chennai,GEN,32.0,P. PONRAJ,Independent,IND,Independent,Cutting pliers
12,Perambur,Chennai,GEN,33.0,BOWDHARAJ,Independent,IND,Independent,Mike
12,Perambur,Chennai,GEN,34.0,DR.D. MADAN,Independent,IND,Independent,Stethoscope
12,Perambur,Chennai,GEN,35.0,DR.G. MOORTHY,Independent,IND,Independent,CCTV Camera
12,Perambur,Chennai,GEN,36.0,S. MICHAEL,Independent,IND,Independent,Bat
12,Perambur,Chennai,GEN,37.0,S. RAMESH,Independent,IND,Independent,Biscuit
12,Perambur,Chennai,GEN,38.0,V. RAJI,Independent,IND,Independent,Tea filter
12,Perambur,Chennai,GEN,39.0,S. RAJESH KUMAR,Independent,IND,Independent,Balloon
12,Perambur,Chennai,GEN,40.0,REEGAN PRABHU,Independent,IND,Independent,Batsman
12,Perambur,Chennai,GEN,41.0,G. RUTHRA KUMAR,Independent,IND,Independent,Pen nib with seven rays
12,Perambur,Chennai,GEN,42.0,VIJAY.G,Independent,IND,Independent,Gramophone
12,Perambur,Chennai,GEN,43.0,S. VISHNU VARTHAN,Independent,IND,Independent,Pillow
12,Perambur,Chennai,GEN,44.0,B. VENKATESAN,Independent,IND,Independent,Coconut farm
12,Perambur,Chennai,GEN,45.0,R. JAYASEELAN,Independent,IND,Independent,Helmet
12,Perambur,Chennai,GEN,46.0,S. JOSEPH,Independent,IND,Independent,Pen drive
12,Perambur,Chennai,GEN,47.0,M. JOSEPH,Independent,IND,Independent,Noodles bowl
13,Kolathur,Chennai,GEN,1.0,P. SANTHANA KRISHNAN,All India Anna Dravida Munnetra Kazhagam,AIADMK,NDA,Two leaves
13,Kolathur,Chennai,GEN,2.0,SUBASHINI,Bahujan Samaj Party,BSP,Solo,Elephant
13,Kolathur,Chennai,GEN,3.0,SOUNDARA PANDIAN LUDER SETH,Naam Tamilar Katchi,NTK,Solo,Farmer Carrying Plough
13,Kolathur,Chennai,GEN,4.0,M. K. STALIN,Dravida Munnetra Kazhagam,DMK,INDIA/SPA,Rising sun
13,Kolathur,Chennai,GEN,5.0,AATHITHYA,Samata Party,SP,-,Bangles
13,Kolathur,Chennai,GEN,6.0,E. RAAMADASAN,Makkal Nalvaazhvu Katchi,MNK,-,Gas cylinder
13,Kolathur,Chennai,GEN,7.0,OORMILA,Tamizhaga Vaazhvurimai Katchi,TVaK,-,Camera
13,Kolathur,Chennai,GEN,8.0,K. ELUMALAI,Veerath Thiyagi Viswanathadoss Thozhilalarkal Katchi,VTVTK,-,Pestle and mortar
13,Kolathur,Chennai,GEN,9.0,SIVAGNANASAM,Desiya Makkal Sakthi Katchi,DMSK,-,Balloon
13,Kolathur,Chennai,GEN,10.0,S.Y. SYED YUSUF,Republican Party of India (Athawale),RPI(A),-,Ganna kisan
13,Kolathur,Chennai,GEN,11.0,V. S. BABU,Tamilaga Vetri Kazhagam,TVK,Solo,Whistle
13,Kolathur,Chennai,GEN,12.0,ARUL DOSS. A,Independent,IND,Independent,Table
13,Kolathur,Chennai,GEN,13.0,KAJA MAIDEEN,Independent,IND,Independent,Hand cart
13,Kolathur,Chennai,GEN,14.0,V. A. SUDHAKAR,Independent,IND,Independent,Ship
13,Kolathur,Chennai,GEN,15.0,M. SURESH,Independent,IND,Independent,Mike
13,Kolathur,Chennai,GEN,16.0,J. SURIYA MUTHU,Independent,IND,Independent,Iron
13,Kolathur,Chennai,GEN,17.0,R. SENTHIL KUMAR,Independent,IND,Independent,Diamond
13,Kolathur,Chennai,GEN,18.0,SELVI STEFFI. V. M,Independent,IND,Independent,Boat with man and sail
13,Kolathur,Chennai,GEN,19.0,NANDA KUMAR,Independent,IND,Independent,Helmet
13,Kolathur,Chennai,GEN,20.0,A. L. NARESH KUMAR,Independent,IND,Independent,Matchbox
13,Kolathur,Chennai,GEN,21.0,V. NARESH BABU,Independent,IND,Independent,Bat
13,Kolathur,Chennai,GEN,22.0,K. PANNEER SELVAM,Independent,IND,Independent,Ring
13,Kolathur,Chennai,GEN,23.0,S. BALACHANDAR,Independent,IND,Independent,Electric pole
13,Kolathur,Chennai,GEN,24.0,R. BALAJI,Independent,IND,Independent,Carrom board
13,Kolathur,Chennai,GEN,25.0,M. POORNIMA,Independent,IND,Independent,CCTV Camera
13,Kolathur,Chennai,GEN,26.0,R. MAHESH,Independent,IND,Independent,Road roller
13,Kolathur,Chennai,GEN,27.0,P. MILANY,Independent,IND,Independent,Bucket
13,Kolathur,Chennai,GEN,28.0,R. RAVIKUMAR,Independent,IND,Independent,Football player
13,Kolathur,Chennai,GEN,29.0,R. RAJ GURU,Independent,IND,Independent,Pen nib with seven rays
13,Kolathur,Chennai,GEN,30.0,RAJA. G,Independent,IND,Independent,Gas Stove
13,Kolathur,Chennai,GEN,31.0,A. RAJI,Independent,IND,Independent,Walking stick
13,Kolathur,Chennai,GEN,32.0,M. RAJESHKUMAR,Independent,IND,Independent,Door bell
13,Kolathur,Chennai,GEN,33.0,VIGIRDAN,Independent,IND,Independent,Flute
13,Kolathur,Chennai,GEN,34.0,FARMER JAYARAMAN. S K J.,Independent,IND,Independent,Chappals
13,Kolathur,Chennai,GEN,35.0,S. SHARAN,Independent,IND,Independent,Computer
14,Villivakkam,Chennai,GEN,1.0,KARTHIK MOHAN,Dravida Munnetra Kazhagam,DMK,INDIA/SPA,Rising sun
14,Villivakkam,Chennai,GEN,2.0,ROSHINI S,Naam Tamilar Katchi,NTK,Solo,Farmer Carrying Plough
14,Villivakkam,Chennai,GEN,3.0,VIJAYAKUMAR S.R,All India Anna Dravida Munnetra Kazhagam,AIADMK,NDA,Two leaves
14,Villivakkam,Chennai,GEN,4.0,ABDUL SHABEEKA,Tamizhaga Vaazhvurimai Katchi,TVaK,-,Camera
14,Villivakkam,Chennai,GEN,5.0,AJITHKUMAR A,Thakkam Katchi,TK,-,Matchbox
14,Villivakkam,Chennai,GEN,6.0,AADHAV ARJUNA,Tamilaga Vetri Kazhagam,TVK,Solo,Whistle
14,Villivakkam,Chennai,GEN,7.0,ASHOK KUMAR C.A,Independent,IND,Independent,Gas cylinder
14,Villivakkam,Chennai,GEN,8.0,ANBAZHAGAN G,Independent,IND,Independent,Tooth brush
14,Villivakkam,Chennai,GEN,9.0,KANNAN M,Independent,IND,Independent,Batsman
14,Villivakkam,Chennai,GEN,10.0,KANDASAMY S,Independent,IND,Independent,Coconut farm
14,Villivakkam,Chennai,GEN,11.0,KARTHICK S,Independent,IND,Independent,Gift pack
14,Villivakkam,Chennai,GEN,12.0,KARTHICK P,Independent,IND,Independent,Binoculars
14,Villivakkam,Chennai,GEN,13.0,SHANMUGA D,Independent,IND,Independent,Pen nib with seven rays
14,Villivakkam,Chennai,GEN,14.0,CHARAVANAN M.P,Independent,IND,Independent,Letter box
14,Villivakkam,Chennai,GEN,15.0,SOLOMON J.R,Independent,IND,Independent,Pressure cooker
14,Villivakkam,Chennai,GEN,16.0,SUBRAMANIAN K,Independent,IND,Independent,Table
14,Villivakkam,Chennai,GEN,17.0,DHAYANIDHI D,Independent,IND,Independent,Electric pole
14,Villivakkam,Chennai,GEN,18.0,DEVARAJAN G,Independent,IND,Independent,CCTV Camera
14,Villivakkam,Chennai,GEN,19.0,BALAMURALI G,Independent,IND,Independent,Bat
14,Villivakkam,Chennai,GEN,20.0,PURUSHOTHAMAN P,Independent,IND,Independent,Bucket
14,Villivakkam,Chennai,GEN,21.0,MANIMARAN P,Independent,IND,Independent,Balloon
14,Villivakkam,Chennai,GEN,22.0,MURALI R,Independent,IND,Independent,Air conditioner
14,Villivakkam,Chennai,GEN,23.0,MURALI VINODH M,Independent,IND,Independent,Almirah
14,Villivakkam,Chennai,GEN,24.0,YUVARAJ S,Independent,IND,Independent,Bricks
14,Villivakkam,Chennai,GEN,25.0,RAJI M,Independent,IND,Independent,Box
14,Villivakkam,Chennai,GEN,26.0,VIJAYAKUMAR G,Independent,IND,Independent,Battery Torch
14,Villivakkam,Chennai,GEN,27.0,VIJAYAKUMAR D,Independent,IND,Independent,Brush
14,Villivakkam,Chennai,GEN,28.0,JAYA ZEBA C,Independent,IND,Independent,Diamond
15,Thiru-Vi-Ka-Nagar,Chennai,SC,1.0,K. S. RAVICHANDRAN,Dravida Munnetra Kazhagam,DMK,INDIA/SPA,Rising sun
15,Thiru-Vi-Ka-Nagar,Chennai,SC,2.0,PORKODI ARMSTRONG,All India Anna Dravida Munnetra Kazhagam,AIADMK,NDA,Two leaves
15,Thiru-Vi-Ka-Nagar,Chennai,SC,3.0,JAGADESH CHANDER .M,Naam Tamilar Katchi,NTK,Solo,Farmer Carrying Plough
15,Thiru-Vi-Ka-Nagar,Chennai,SC,4.0,C. CHRISTY,All India Puratchi Thalaivar Makkal Munnetra Kazhagam,AIPTMK,-,Coconut farm
15,Thiru-Vi-Ka-Nagar,Chennai,SC,5.0,A. SELVA KUMAR,Thakkam Katchi,TK,-,Matchbox
15,Thiru-Vi-Ka-Nagar,Chennai,SC,6.0,M. R. PALLAVI,Tamilaga Vetri Kazhagam,TVK,Solo,Whistle
15,Thiru-Vi-Ka-Nagar,Chennai,SC,7.0,S JAYAKALPANA,Republican Party of India (Athawale),RPI(A),-,Ganna kisan
15,Thiru-Vi-Ka-Nagar,Chennai,SC,8.0,R. ANANDAN,Independent,IND,Independent,Cot
15,Thiru-Vi-Ka-Nagar,Chennai,SC,9.0,M. KANNADASAN,Independent,IND,Independent,Chimney
15,Thiru-Vi-Ka-Nagar,Chennai,SC,10.0,M. KOLANJI,Independent,IND,Independent,Diamond
15,Thiru-Vi-Ka-Nagar,Chennai,SC,11.0,D. SATHISH KUMAR,Independent,IND,Independent,Funnel
15,Thiru-Vi-Ka-Nagar,Chennai,SC,12.0,SATHISH,Independent,IND,Independent,Electric pole
15,Thiru-Vi-Ka-Nagar,Chennai,SC,13.0,S. SENTHAMIZHAN,Independent,IND,Independent,Box
15,Thiru-Vi-Ka-Nagar,Chennai,SC,14.0,G. J. DHARANIRAJ,Independent,IND,Independent,Swing
15,Thiru-Vi-Ka-Nagar,Chennai,SC,15.0,S. PARTHIBAN,Independent,IND,Independent,Wheel barrow
15,Thiru-Vi-Ka-Nagar,Chennai,SC,16.0,PRAKASH ARUNACHALAM,Independent,IND,Independent,Kettle
15,Thiru-Vi-Ka-Nagar,Chennai,SC,17.0,PRASANTH. D,Independent,IND,Independent,Ship
15,Thiru-Vi-Ka-Nagar,Chennai,SC,18.0,PRAVEEN THIYAGARAJAN,Independent,IND,Independent,Batsman
15,Thiru-Vi-Ka-Nagar,Chennai,SC,19.0,R. MURUGAN,Independent,IND,Independent,Cauliflower
15,Thiru-Vi-Ka-Nagar,Chennai,SC,20.0,M. MOHAN,Independent,IND,Independent,Brush
15,Thiru-Vi-Ka-Nagar,Chennai,SC,21.0,S. RAJENDRAN,Independent,IND,Independent,Typewriter
15,Thiru-Vi-Ka-Nagar,Chennai,SC,22.0,M. LOKESH,Independent,IND,Independent,Violin
15,Thiru-Vi-Ka-Nagar,Chennai,SC,23.0,C. JAGAN MOHAN,Independent,IND,Independent,Telephone
16,Egmore,Chennai,SC,1.0,ABISHEK. R,All India Anna Dravida Munnetra Kazhagam,AIADMK,NDA,Two leaves
16,Egmore,Chennai,SC,2.0,SARANYA IMRAN,Naam Tamilar Katchi,NTK,Solo,Farmer Carrying Plough
16,Egmore,Chennai,SC,3.0,TAMILAN PRASANNA,Dravida Munnetra Kazhagam,DMK,INDIA/SPA,Rising sun
16,Egmore,Chennai,SC,4.0,ARUN RAO. N.A,Naam Indiar Party,NIP,-,Spanner
16,Egmore,Chennai,SC,5.0,DR.N. GUNASEKAR,Republican Party of India (Athawale),RPI(A),-,Ganna kisan
16,Egmore,Chennai,SC,6.0,D. THIRUNAVUKKARASAR,Tamizhaga Vaazhvurimai Katchi,TVaK,-,Camera
16,Egmore,Chennai,SC,7.0,T. MAGIZHANBAN,All India Puratchi Thalaivar Makkal Munnetra Kazhagam,AIPTMK,-,Coconut farm
16,Egmore,Chennai,SC,8.0,G.R. RAJENDRAN,National Maha Sabha Party,NMSP,-,Gas cylinder
16,Egmore,Chennai,SC,9.0,RAJMOHAN,Tamilaga Vetri Kazhagam,TVK,Solo,Whistle
16,Egmore,Chennai,SC,10.0,ARAVINDAN,Independent,IND,Independent,Matchbox
16,Egmore,Chennai,SC,11.0,R. KUMARAVEL,Independent,IND,Independent,Iron
16,Egmore,Chennai,SC,12.0,M. NAGARAJAN,Independent,IND,Independent,Helmet
16,Egmore,Chennai,SC,13.0,S. PICHAMUTHU,Independent,IND,Independent,Batsman
16,Egmore,Chennai,SC,14.0,RAJKUMAR,Independent,IND,Independent,Dumbbells
16,Egmore,Chennai,SC,15.0,RAJMOHAN,Independent,IND,Independent,School bag
16,Egmore,Chennai,SC,16.0,S. VINOTH KUMAR,Independent,IND,Independent,Diamond
16,Egmore,Chennai,SC,17.0,VENKATESH. K,Independent,IND,Independent,Carrom board
16,Egmore,Chennai,SC,18.0,SRIDHAR. M,Independent,IND,Independent,Stumps
17,Royapuram,Chennai,GEN,1.0,DR. A. SUBAIR KHAN,Dravida Munnetra Kazhagam,DMK,INDIA/SPA,Rising sun
17,Royapuram,Chennai,GEN,2.0,A. BABU MAILAN,Naam Tamilar Katchi,NTK,Solo,Farmer Carrying Plough
17,Royapuram,Chennai,GEN,3.0,D. JAYAKUMAR,All India Anna Dravida Munnetra Kazhagam,AIADMK,NDA,Two leaves
17,Royapuram,Chennai,GEN,4.0,M. JAYARAJKUMAR,Bahujan Samaj Party,BSP,Solo,Elephant
17,Royapuram,Chennai,GEN,5.0,A. SATHIK KUMAR,Democratic National Allegiance,DNA,-,Ship
17,Royapuram,Chennai,GEN,6.0,M. RAJKUMAR,Tamizhaga Vaazhvurimai Katchi,TVaK,-,Camera
17,Royapuram,Chennai,GEN,7.0,R. VINOTH KUMAR,Naam Indiar Party,NIP,-,Spanner
17,Royapuram,Chennai,GEN,8.0,K.V. VIJAY DAMU,Tamilaga Vetri Kazhagam,TVK,Solo,Whistle
17,Royapuram,Chennai,GEN,9.0,T. KAVIYARASU,Independent,IND,Independent,Swing
17,Royapuram,Chennai,GEN,10.0,G. KARTHIKEYAN,Independent,IND,Independent,Football player
17,Royapuram,Chennai,GEN,11.0,KERTHIVARUNNAN R,Independent,IND,Independent,Air conditioner
17,Royapuram,Chennai,GEN,12.0,A. SASIKUMAR,Independent,IND,Independent,Wallet
17,Royapuram,Chennai,GEN,13.0,M. SHANMUGAM,Independent,IND,Independent,Matchbox
17,Royapuram,Chennai,GEN,14.0,K.J. SIVAKUMAR,Independent,IND,Independent,Boat with man and sail
17,Royapuram,Chennai,GEN,15.0,P. SUMATHI,Independent,IND,Independent,Bricks
17,Royapuram,Chennai,GEN,16.0,J. SELVAKUMAR,Independent,IND,Independent,Dish antenna
17,Royapuram,Chennai,GEN,17.0,M. DHINAKARAN,Independent,IND,Independent,Cake
17,Royapuram,Chennai,GEN,18.0,A. NIZAR AHAMED,Independent,IND,Independent,Chess board
17,Royapuram,Chennai,GEN,19.0,V. BHAGATH SINGH,Independent,IND,Independent,Robot
17,Royapuram,Chennai,GEN,20.0,K. PRASATH,Independent,IND,Independent,Electric pole
17,Royapuram,Chennai,GEN,21.0,M. MAHALAKSHMI,Independent,IND,Independent,Green chilli
17,Royapuram,Chennai,GEN,22.0,S. RAJU,Independent,IND,Independent,Calculator
17,Royapuram,Chennai,GEN,23.0,T. RAJESH,Independent,IND,Independent,Gas cylinder
17,Royapuram,Chennai,GEN,24.0,R. RAJKUMAR,Independent,IND,Independent,Box
17,Royapuram,Chennai,GEN,25.0,A. JAYAKUMAR,Independent,IND,Independent,Bicycle pump
17,Royapuram,Chennai,GEN,26.0,D. JAYAKUMAR,Independent,IND,Independent,Binoculars
17,Royapuram,Chennai,GEN,27.0,I JAYAPRAKASH,Independent,IND,Independent,Diamond
17,Royapuram,Chennai,GEN,28.0,C. SRIDHAR,Independent,IND,Independent,Coat
18,Harbour,Chennai,GEN,1.0,M SURESH,Bahujan Samaj Party,BSP,Solo,Elephant
18,Harbour,Chennai,GEN,2.0,P K SEKARBABU,Dravida Munnetra Kazhagam,DMK,INDIA/SPA,Rising sun
18,Harbour,Chennai,GEN,3.0,R FOUZAN SHARIFF,Naam Tamilar Katchi,NTK,Solo,Farmer Carrying Plough
18,Harbour,Chennai,GEN,4.0,R MANOHAR,All India Anna Dravida Munnetra Kazhagam,AIADMK,NDA,Two leaves
18,Harbour,Chennai,GEN,5.0,SINORA P S ASHOK,Tamilaga Vetri Kazhagam,TVK,Solo,Whistle
18,Harbour,Chennai,GEN,6.0,SIVALINGAM ASHOK,Independent,IND,Independent,Plate stand
18,Harbour,Chennai,GEN,7.0,ASHOK KUMAR,Independent,IND,Independent,Peas
18,Harbour,Chennai,GEN,8.0,S GANESH,Independent,IND,Independent,Diamond
18,Harbour,Chennai,GEN,9.0,D KABILAN,Independent,IND,Independent,Air conditioner
18,Harbour,Chennai,GEN,10.0,M KALAIVENTHAN,Independent,IND,Independent,Lady finger
18,Harbour,Chennai,GEN,11.0,SANKAR A,Independent,IND,Independent,Tea filter
18,Harbour,Chennai,GEN,12.0,J SHANMUGAPRIYAN,Independent,IND,Independent,Bangles
18,Harbour,Chennai,GEN,13.0,R DINESH,Independent,IND,Independent,Electric pole
18,Harbour,Chennai,GEN,14.0,J M NIRAIMOZHI,Independent,IND,Independent,Batsman
18,Harbour,Chennai,GEN,15.0,A NEPOLIAN,Independent,IND,Independent,Calculator
18,Harbour,Chennai,GEN,16.0,BABU SINGH,Independent,IND,Independent,Telephone
18,Harbour,Chennai,GEN,17.0,K E MANOHAR,Independent,IND,Independent,Grapes
18,Harbour,Chennai,GEN,18.0,G VISU,Independent,IND,Independent,Gas Stove
18,Harbour,Chennai,GEN,19.0,I VINOD,Independent,IND,Independent,Ship
18,Harbour,Chennai,GEN,20.0,P VIJAYAKUMAR,Independent,IND,Independent,Trumpet
18,Harbour,Chennai,GEN,21.0,T VIJAYARAJ,Independent,IND,Independent,Nail cutter
18,Harbour,Chennai,GEN,22.0,S VEERABATHRAN,Independent,IND,Independent,Cutting pliers
18,Harbour,Chennai,GEN,23.0,V JAGADEESAN,Independent,IND,Independent,Chess board
19,Chepauk-Thiruvallikeni,Chennai,GEN,1.0,AADIRAJARAM,All India Anna Dravida Munnetra Kazhagam,AIADMK,NDA,Two leaves
19,Chepauk-Thiruvallikeni,Chennai,GEN,2.0,AYSHA,Naam Tamilar Katchi,NTK,Solo,Farmer Carrying Plough
19,Chepauk-Thiruvallikeni,Chennai,GEN,3.0,UDHAYANIDHI STALIN,Dravida Munnetra Kazhagam,DMK,INDIA/SPA,Rising sun
19,Chepauk-Thiruvallikeni,Chennai,GEN,4.0,MOHAMMED YASSER,Bahujan Samaj Party,BSP,Solo,Elephant
19,Chepauk-Thiruvallikeni,Chennai,GEN,5.0,IRFAN BASHA,Tamizhaga Vaazhvurimai Katchi,TVaK,-,Camera
19,Chepauk-Thiruvallikeni,Chennai,GEN,6.0,SELVAM. D,Tamilaga Vetri Kazhagam,TVK,Solo,Whistle
19,Chepauk-Thiruvallikeni,Chennai,GEN,7.0,AGNI AALVAR,Independent,IND,Independent,Pen nib with seven rays
19,Chepauk-Thiruvallikeni,Chennai,GEN,8.0,ATHIMULAM,Independent,IND,Independent,Electric pole
19,Chepauk-Thiruvallikeni,Chennai,GEN,9.0,AYISHA,Independent,IND,Independent,Coconut farm
19,Chepauk-Thiruvallikeni,Chennai,GEN,10.0,ARUMUGAM. C,Independent,IND,Independent,Gas cylinder
19,Chepauk-Thiruvallikeni,Chennai,GEN,11.0,KUMAR. M,Independent,IND,Independent,Spanner
19,Chepauk-Thiruvallikeni,Chennai,GEN,12.0,SAMY. S.K DR,Independent,IND,Independent,Mike
19,Chepauk-Thiruvallikeni,Chennai,GEN,13.0,SEENIVASAN L,Independent,IND,Independent,Almirah
19,Chepauk-Thiruvallikeni,Chennai,GEN,14.0,SELVAM K,Independent,IND,Independent,Wool and Needle
19,Chepauk-Thiruvallikeni,Chennai,GEN,15.0,SELVAM K,Independent,IND,Independent,Brush
19,Chepauk-Thiruvallikeni,Chennai,GEN,16.0,SYED LAYAK BHASHA,Independent,IND,Independent,Matchbox
19,Chepauk-Thiruvallikeni,Chennai,GEN,17.0,BHARATHKUMAR G,Independent,IND,Independent,Coat
19,Chepauk-Thiruvallikeni,Chennai,GEN,18.0,MILANY. P,Independent,IND,Independent,Chess board
19,Chepauk-Thiruvallikeni,Chennai,GEN,19.0,MIRZA SAFDER ALI,Independent,IND,Independent,Battery Torch
19,Chepauk-Thiruvallikeni,Chennai,GEN,20.0,MOHAMED DHARIK I,Independent,IND,Independent,Helmet
19,Chepauk-Thiruvallikeni,Chennai,GEN,21.0,MOHAMED MEERA A,Independent,IND,Independent,Television
19,Chepauk-Thiruvallikeni,Chennai,GEN,22.0,RAJASEKAR S,Independent,IND,Independent,Wheel barrow
19,Chepauk-Thiruvallikeni,Chennai,GEN,23.0,RAJESHKUMAR K,Independent,IND,Independent,Tea filter
19,Chepauk-Thiruvallikeni,Chennai,GEN,24.0,VIJAYA KUMAR B,Independent,IND,Independent,Shoe
19,Chepauk-Thiruvallikeni,Chennai,GEN,25.0,SELVAM (ALIAS) VENKATESH,Independent,IND,Independent,Razor
19,Chepauk-Thiruvallikeni,Chennai,GEN,26.0,SELVAM (ALIAS) HARINARAYANAN,Independent,IND,Independent,Frying pan
20,Thousand Lights,Chennai,GEN,1.0,EZHILAN NAGANATHAN,Dravida Munnetra Kazhagam,DMK,INDIA/SPA,Rising sun
20,Thousand Lights,Chennai,GEN,2.0,KALANCHIYAM.MU,Naam Tamilar Katchi,NTK,Solo,Farmer Carrying Plough
20,Thousand Lights,Chennai,GEN,3.0,VALARMATHI.B,All India Anna Dravida Munnetra Kazhagam,AIADMK,NDA,Two leaves
20,Thousand Lights,Chennai,GEN,4.0,PRABHAKAR.J.C.D,Tamilaga Vetri Kazhagam,TVK,Solo,Whistle
20,Thousand Lights,Chennai,GEN,5.0,MOHAMED GHOUSE.H,Tamizhaga Vaazhvurimai Katchi,TVaK,-,Camera
20,Thousand Lights,Chennai,GEN,6.0,KARTHIKEYAN.S,Independent,IND,Independent,Cake
20,Thousand Lights,Chennai,GEN,7.0,SHANKAR.V,Independent,IND,Independent,Grapes
20,Thousand Lights,Chennai,GEN,8.0,SATHYA.A,Independent,IND,Independent,Mike
20,Thousand Lights,Chennai,GEN,9.0,SUNDARA RAJU.A,Independent,IND,Independent,Gas cylinder
20,Thousand Lights,Chennai,GEN,10.0,DHANASEKARAN.V,Independent,IND,Independent,Carrom board
20,Thousand Lights,Chennai,GEN,11.0,PACHAYAPPAN.E,Independent,IND,Independent,Biscuit
20,Thousand Lights,Chennai,GEN,12.0,PRABHAKARAN.T,Independent,IND,Independent,Bread
20,Thousand Lights,Chennai,GEN,13.0,PRABHAKARAN.B,Independent,IND,Independent,Gas Stove
20,Thousand Lights,Chennai,GEN,14.0,PRABHAKARAN.V,Independent,IND,Independent,Letter box
20,Thousand Lights,Chennai,GEN,15.0,MUNIYANE,Independent,IND,Independent,Brush
20,Thousand Lights,Chennai,GEN,16.0,VALARMATHI.E,Independent,IND,Independent,Box
20,Thousand Lights,Chennai,GEN,17.0,VALARMATHI.D,Independent,IND,Independent,Bat
20,Thousand Lights,Chennai,GEN,18.0,VIJAY.D,Independent,IND,Independent,Belt
21,Anna Nagar,Chennai,GEN,1.0,S. GOKULIA INDIRA,All India Anna Dravida Munnetra Kazhagam,AIADMK,NDA,Two leaves
21,Anna Nagar,Chennai,GEN,2.0,S. SHANKAR,Naam Tamilar Katchi,NTK,Solo,Farmer Carrying Plough
21,Anna Nagar,Chennai,GEN,3.0,N. CHITRARASU,Dravida Munnetra Kazhagam,DMK,INDIA/SPA,Rising sun
21,Anna Nagar,Chennai,GEN,4.0,B. ANAND,Thakkam Katchi,TK,-,Matchbox
21,Anna Nagar,Chennai,GEN,5.0,S. DHAYALAN,Thamizhaga Munnetra Congress,TMC,-,Battery Torch
21,Anna Nagar,Chennai,GEN,6.0,V. K. RAMKUMAR,Tamilaga Vetri Kazhagam,TVK,Solo,Whistle
21,Anna Nagar,Chennai,GEN,7.0,E. V. S. RAJKUMAR NADU,Tamil Telugu National Party,TTNP,-,Bat
21,Anna Nagar,Chennai,GEN,8.0,N. PRAJHA,Naam Indiar Party,NIP,-,Spanner
21,Anna Nagar,Chennai,GEN,9.0,T. S. HABEEB MOHAMMAD,Independent,IND,Independent,Pen nib with seven rays
21,Anna Nagar,Chennai,GEN,10.0,S. ANSAR ALI,Independent,IND,Independent,Jackfruit
21,Anna Nagar,Chennai,GEN,11.0,G. OMPRAKASH,Independent,IND,Independent,Frying pan
21,Anna Nagar,Chennai,GEN,12.0,L. KASINATHAN,Independent,IND,Independent,Helmet
21,Anna Nagar,Chennai,GEN,13.0,S. SATHISH KUMAR,Independent,IND,Independent,Gas cylinder
21,Anna Nagar,Chennai,GEN,14.0,G. SIVA KUMAR,Independent,IND,Independent,Doli
21,Anna Nagar,Chennai,GEN,15.0,M. SELVAMUTHUKUMAR,Independent,IND,Independent,Dish antenna
21,Anna Nagar,Chennai,GEN,16.0,L. NARENDAN,Independent,IND,Independent,Ring
21,Anna Nagar,Chennai,GEN,17.0,J. NAGARAJ,Independent,IND,Independent,Chappals
21,Anna Nagar,Chennai,GEN,18.0,M. MANOHARAN,Independent,IND,Independent,Stool
21,Anna Nagar,Chennai,GEN,19.0,MOHAMMED BILAL FATHICK,Independent,IND,Independent,Sitar
21,Anna Nagar,Chennai,GEN,20.0,RAMAMOORTHY E,Independent,IND,Independent,Flute
21,Anna Nagar,Chennai,GEN,21.0,RAJENDRAN NADU,Independent,IND,Independent,Pressure cooker
21,Anna Nagar,Chennai,GEN,22.0,S. VINESH KUMAR,Independent,IND,Independent,Plate stand
21,Anna Nagar,Chennai,GEN,23.0,JANARTHANAN P,Independent,IND,Independent,Computer
21,Anna Nagar,Chennai,GEN,24.0,M. HARISHANKAR,Independent,IND,Independent,Diamond
22,Virugampakkam,Chennai,GEN,1.0,SANTHOSH,Naam Tamilar Katchi,NTK,Solo,Farmer Carrying Plough
22,Virugampakkam,Chennai,GEN,2.0,PRABHAKARAJA A A M V,Dravida Munnetra Kazhagam,DMK,INDIA/SPA,Rising sun
22,Virugampakkam,Chennai,GEN,3.0,VIRUGAI V. N. RAVI,All India Anna Dravida Munnetra Kazhagam,AIADMK,NDA,Two leaves
22,Virugampakkam,Chennai,GEN,4.0,SABARINATHAN R,Tamilaga Vetri Kazhagam,TVK,Solo,Whistle
22,Virugampakkam,Chennai,GEN,5.0,SURESHBABU T.M,Tamil Telugu National Party,TTNP,-,Bat
22,Virugampakkam,Chennai,GEN,6.0,BALAMURUGAN P,Naam Indiar Party,NIP,-,Spanner
22,Virugampakkam,Chennai,GEN,7.0,MUTHURAJ T,Tamizhaga Vaazhvurimai Katchi,TVaK,-,Camera
22,Virugampakkam,Chennai,GEN,8.0,ROY GEORGE,Anna Puratchi Thalaivar Amma Dravida Munnetra Kazhagam,AMMK,NDA,Jackfruit
22,Virugampakkam,Chennai,GEN,9.0,JAGADISH S,Republican Party of India (Athawale),RPI(A),-,Ganna kisan
22,Virugampakkam,Chennai,GEN,10.0,ALEX PANDIAN K,Independent,IND,Independent,Gas Stove
22,Virugampakkam,Chennai,GEN,11.0,ESAKKIMUTHUNADAR P,Independent,IND,Independent,Air conditioner
22,Virugampakkam,Chennai,GEN,12.0,EZHILRAJ D,Independent,IND,Independent,Gas cylinder
22,Virugampakkam,Chennai,GEN,13.0,KARTHICK M,Independent,IND,Independent,Electric pole
22,Virugampakkam,Chennai,GEN,14.0,KUMAR S,Independent,IND,Independent,Balloon
22,Virugampakkam,Chennai,GEN,15.0,GOPINATH G,Independent,IND,Independent,Diamond
22,Virugampakkam,Chennai,GEN,16.0,SANKAR E,Independent,IND,Independent,Box
22,Virugampakkam,Chennai,GEN,17.0,CHANDRA SEKAR K,Independent,IND,Independent,Ship
22,Virugampakkam,Chennai,GEN,18.0,SABARINATHAN P,Independent,IND,Independent,Battery Torch
22,Virugampakkam,Chennai,GEN,19.0,SRINIVASAN M,Independent,IND,Independent,Mike
22,Virugampakkam,Chennai,GEN,20.0,DINESHKUMAR N,Independent,IND,Independent,School bag
22,Virugampakkam,Chennai,GEN,21.0,RANGARAJ G,Independent,IND,Independent,Pressure cooker
22,Virugampakkam,Chennai,GEN,22.0,RAVIKUMAR,Independent,IND,Independent,Laptop
22,Virugampakkam,Chennai,GEN,23.0,LUKMANBABU S,Independent,IND,Independent,Coconut farm
22,Virugampakkam,Chennai,GEN,24.0,VENKATESAN C,Independent,IND,Independent,Head phone
23,Saidapet,Chennai,GEN,1.0,KUMARAN. G.P,Bahujan Samaj Party,BSP,Solo,Elephant
23,Saidapet,Chennai,GEN,2.0,SUBRAMANIAN. MA,Dravida Munnetra Kazhagam,DMK,INDIA/SPA,Rising sun
23,Saidapet,Chennai,GEN,3.0,SRIVIDYA. G,Naam Tamilar Katchi,NTK,Solo,Farmer Carrying Plough
23,Saidapet,Chennai,GEN,4.0,ARUL PRAKASAM. M,Tamilaga Vetri Kazhagam,TVK,Solo,Whistle
23,Saidapet,Chennai,GEN,5.0,SENTHAMIZHAN. G,Amma Makkal Munnetra Kazhagam,AMMK,NDA,Pressure cooker
23,Saidapet,Chennai,GEN,6.0,SOUNDARARAJAN. N,Naam Indiar Party,NIP,-,Spanner
23,Saidapet,Chennai,GEN,7.0,PARTHIBAN. S,MGR Makkal Katchi,MGRMK,-,Helmet
23,Saidapet,Chennai,GEN,8.0,ANAND. S,Independent,IND,Independent,Bat
23,Saidapet,Chennai,GEN,9.0,KANDHASAMY. R (ALIAS) BABU,Independent,IND,Independent,Sewing machine
23,Saidapet,Chennai,GEN,10.0,PRASAD. N,Independent,IND,Independent,Brick
23,Saidapet,Chennai,GEN,11.0,PRITHIVRAJ. A,Independent,IND,Independent,Gas cylinder
23,Saidapet,Chennai,GEN,12.0,YOGAPRAKASH. B,Independent,IND,Independent,Diamond
23,Saidapet,Chennai,GEN,13.0,RAJA. R,Independent,IND,Independent,Pen nib with seven rays
23,Saidapet,Chennai,GEN,14.0,VALARMATHI. P,Independent,IND,Independent,Air conditioner
23,Saidapet,Chennai,GEN,15.0,GINGSTON. M,Independent,IND,Independent,Ship
24,Thiyagarayanagar,Chennai,GEN,1.0,ANUSHA V,Naam Tamilar Katchi,NTK,Solo,Farmer Carrying Plough
24,Thiyagarayanagar,Chennai,GEN,2.0,SATHYANARAYANAN B,All India Anna Dravida Munnetra Kazhagam,AIADMK,NDA,Two leaves
24,Thiyagarayanagar,Chennai,GEN,3.0,RAJANBAZHAGAN,Dravida Munnetra Kazhagam,DMK,INDIA/SPA,Rising sun
24,Thiyagarayanagar,Chennai,GEN,4.0,ANAND N,Tamilaga Vetri Kazhagam,TVK,Solo,Whistle
24,Thiyagarayanagar,Chennai,GEN,5.0,RAVI M L,Desiya Makkal Sakthi Katchi,DMSK,-,Balloon
24,Thiyagarayanagar,Chennai,GEN,6.0,ABUKITHER M,Independent,IND,Independent,Pen nib with seven rays
24,Thiyagarayanagar,Chennai,GEN,7.0,ARAVIND G M S H Y T,Independent,IND,Independent,Shutter
24,Thiyagarayanagar,Chennai,GEN,8.0,EASAN NATARAJAN T,Independent,IND,Independent,Camera
24,Thiyagarayanagar,Chennai,GEN,9.0,KUMAR SRI SRI B,Independent,IND,Independent,Brief case
24,Thiyagarayanagar,Chennai,GEN,10.0,SATHISH KUMAR B,Independent,IND,Independent,Helmet
24,Thiyagarayanagar,Chennai,GEN,11.0,GNANASEKARAN G,Independent,IND,Independent,Crane
24,Thiyagarayanagar,Chennai,GEN,12.0,THENNARASU P,Independent,IND,Independent,Shoe
24,Thiyagarayanagar,Chennai,GEN,13.0,PADMINI NARASIMHAN,Independent,IND,Independent,Lunch box
24,Thiyagarayanagar,Chennai,GEN,14.0,BADRI S,Independent,IND,Independent,Gas cylinder
24,Thiyagarayanagar,Chennai,GEN,15.0,BALAJI S,Independent,IND,Independent,Cake
24,Thiyagarayanagar,Chennai,GEN,16.0,PRASATH D,Independent,IND,Independent,Ring
24,Thiyagarayanagar,Chennai,GEN,17.0,MANIKANDAN T,Independent,IND,Independent,Bread toaster
24,Thiyagarayanagar,Chennai,GEN,18.0,MANIKANDAN N,Independent,IND,Independent,Ship
24,Thiyagarayanagar,Chennai,GEN,19.0,MOORTHY N,Independent,IND,Independent,Road roller
24,Thiyagarayanagar,Chennai,GEN,20.0,MYTHILI C,Independent,IND,Independent,Belt
24,Thiyagarayanagar,Chennai,GEN,21.0,RAMKUMAR L,Independent,IND,Independent,Tennis racket & ball
24,Thiyagarayanagar,Chennai,GEN,22.0,RAMACHANDRAN O N,Independent,IND,Independent,Sitar
24,Thiyagarayanagar,Chennai,GEN,23.0,RAJESH E,Independent,IND,Independent,Television
24,Thiyagarayanagar,Chennai,GEN,24.0,VETRIVEL K,Independent,IND,Independent,Bat
24,Thiyagarayanagar,Chennai,GEN,25.0,JAYAVEL,Independent,IND,Independent,Pendulum
24,Thiyagarayanagar,Chennai,GEN,26.0,JOTHIRAJ G M,Independent,IND,Independent,Wallet
25,Mylapore,Chennai,GEN,1.0,ARUN R.L,Naam Tamilar Katchi,NTK,Solo,Farmer Carrying Plough
25,Mylapore,Chennai,GEN,2.0,DR. TAMILISAI SOUNDARARAJAN,Bharatiya Janata Party,BJP,NDA,Lotus
25,Mylapore,Chennai,GEN,3.0,BALAJI V,Bahujan Samaj Party,BSP,Solo,Elephant
25,Mylapore,Chennai,GEN,4.0,VELU DHA,Dravida Munnetra Kazhagam,DMK,INDIA/SPA,Rising sun
25,Mylapore,Chennai,GEN,5.0,DEVENDRAN R,Tamizhaga Murpokku Makkal Katchi,TMMK,-,Matchbox
25,Mylapore,Chennai,GEN,6.0,NAGARAJAN S,All India Jananayaka Makkal Kazhagam,AIJMK,-,Mixee
25,Mylapore,Chennai,GEN,7.0,MOORTHY S,Thamizhaga Dravida Katchi,TDK,-,Helmet
25,Mylapore,Chennai,GEN,8.0,MOHANRAJ J,Jebamani Janata,JJ,-,Green chilli
25,Mylapore,Chennai,GEN,9.0,VENKATARAMANAN P,Tamilaga Vetri Kazhagam,TVK,Solo,Whistle
25,Mylapore,Chennai,GEN,10.0,SELVAMUTHU S,Independent,IND,Independent,Ship
25,Mylapore,Chennai,GEN,11.0,PARTHIPAN G,Independent,IND,Independent,Cauliflower
25,Mylapore,Chennai,GEN,12.0,RADHAKRISHNAN G,Independent,IND,Independent,Box
25,Mylapore,Chennai,GEN,13.0,ROMANRAJ A,Independent,IND,Independent,Letter box
25,Mylapore,Chennai,GEN,14.0,VINU PRADHA A,Independent,IND,Independent,Flute
25,Mylapore,Chennai,GEN,15.0,VIJAYALAKSHMI P,Independent,IND,Independent,Sitar
25,Mylapore,Chennai,GEN,16.0,VIJAY KRISHNA V,Independent,IND,Independent,Bangles
25,Mylapore,Chennai,GEN,17.0,VENKATARAMAN B,Independent,IND,Independent,Trumpet
25,Mylapore,Chennai,GEN,18.0,VELU K,Independent,IND,Independent,Dish antenna
25,Mylapore,Chennai,GEN,19.0,JAYAGOPI M,Independent,IND,Independent,Electric pole
26,Velachery,Chennai,GEN,1.0,AASSAN MAULAANA J.M.H,Indian National Congress,INC,INDIA/SPA,Hand
26,Velachery,Chennai,GEN,2.0,ASHOK. M.K,All India Anna Dravida Munnetra Kazhagam,AIADMK,NDA,Two leaves
26,Velachery,Chennai,GEN,3.0,KEERTHANA. M,Naam Tamilar Katchi,NTK,Solo,Farmer Carrying Plough
26,Velachery,Chennai,GEN,4.0,MOHANRAJ. K,Bahujan Samaj Party,BSP,Solo,Elephant
26,Velachery,Chennai,GEN,5.0,KANCHANA. R,Tamizhaga Murpokku Makkal Katchi,TMMK,-,Matchbox
26,Velachery,Chennai,GEN,6.0,KUMAR. R,Tamilaga Vettri Kazhagam,TVK,Solo,Whistle
26,Velachery,Chennai,GEN,7.0,POYYAMOZHI. M,Proutist Sarva Samaj,PSS,-,Diamond
26,Velachery,Chennai,GEN,8.0,MANI. M,VeeraTh Thiyagi Viswanatha Doss Thozhilalar Katchi,VTVTK,-,Pestle and mortar
26,Velachery,Chennai,GEN,9.0,MOHAMED YASEEN. I,Thakkam Katchi,TK,-,Balloon
26,Velachery,Chennai,GEN,10.0,ROKESH KUMAR. V,Tamizhaga Vaazhvurimai Katchi,TVaK,-,Camera
26,Velachery,Chennai,GEN,11.0,ASHOK. M,Independent,IND,Independent,Sofa
26,Velachery,Chennai,GEN,12.0,AZARUTHEEN. M,Independent,IND,Independent,Calculator
26,Velachery,Chennai,GEN,13.0,AHAMMED NAZEER KHAN,Independent,IND,Independent,Chain
26,Velachery,Chennai,GEN,14.0,KANNAN. K,Independent,IND,Independent,School bag
26,Velachery,Chennai,GEN,15.0,KALA PETHACHI,Independent,IND,Independent,Sitar
26,Velachery,Chennai,GEN,16.0,SARABESHWAR SISU. P,Independent,IND,Independent,Dumbbells
26,Velachery,Chennai,GEN,17.0,SURESH K,Independent,IND,Independent,Frying pan
26,Velachery,Chennai,GEN,18.0,DIWAKAR. R,Independent,IND,Independent,Gramophone
26,Velachery,Chennai,GEN,19.0,DEEPAK RAVI,Independent,IND,Independent,Brief case
26,Velachery,Chennai,GEN,20.0,BHASKAR. G,Independent,IND,Independent,Baby walker
26,Velachery,Chennai,GEN,21.0,MOHAN. R,Independent,IND,Independent,Air conditioner
26,Velachery,Chennai,GEN,22.0,RADHAKRISHNAN. D.R,Independent,IND,Independent,Gas cylinder
26,Velachery,Chennai,GEN,23.0,RAJASEKAR. S,Independent,IND,Independent,Electric pole
26,Velachery,Chennai,GEN,24.0,RITISH,Independent,IND,Independent,Ludo
26,Velachery,Chennai,GEN,25.0,VIGNESH. M,Independent,IND,Independent,Pencil sharpener
26,Velachery,Chennai,GEN,26.0,VIGNESH. R,Independent,IND,Independent,Envelope
26,Velachery,Chennai,GEN,27.0,JANAGARAJ RAVI GUNASEELAN,Independent,IND,Independent,Chappals
27,Shozhinganallur,Chennai,GEN,1.0,S. ARAVIND RAMESH,Dravida Munnetra Kazhagam,DMK,INDIA/SPA,Rising sun
27,Shozhinganallur,Chennai,GEN,2.0,K. P. KANDAN,All India Anna Dravida Munnetra Kazhagam,AIADMK,NDA,Two leaves
27,Shozhinganallur,Chennai,GEN,3.0,S. PUSHNA KUMAR,Bahujan Samaj Party,BSP,Solo,Elephant
27,Shozhinganallur,Chennai,GEN,4.0,R. JAYALAKSHMI,Naam Tamilar Katchi,NTK,Solo,Farmer Carrying Plough
27,Shozhinganallur,Chennai,GEN,5.0,M. ALEXANDAR,Naam Indiar Party,NIP,-,Spanner
27,Shozhinganallur,Chennai,GEN,6.0,M. CHRISTIL DASS,Dravida Jananayaga Makkal Katchi,DJMK,-,Gift pack
27,Shozhinganallur,Chennai,GEN,7.0,ECR P. SARAVANAN,Tamilaga Vetri Kazhagam,TVK,Solo,Whistle
27,Shozhinganallur,Chennai,GEN,8.0,M. G. RAMU,Jebamani Janata,JJ,-,Battery Torch
27,Shozhinganallur,Chennai,GEN,9.0,K. VISHWANATHAN,All India Puratchi Thalaivar Makkal Munnetra Kazhagam,AIPTMK,-,Coconut farm
27,Shozhinganallur,Chennai,GEN,10.0,R. RAVICHANDRAN,Independent,IND,Independent,Bricks
27,Shozhinganallur,Chennai,GEN,11.0,V. KANDHAN,Independent,IND,Independent,Bucket
27,Shozhinganallur,Chennai,GEN,12.0,S. KARTHIK,Independent,IND,Independent,Road roller
27,Shozhinganallur,Chennai,GEN,13.0,S. GOVINDHAN,Independent,IND,Independent,Diamond
27,Shozhinganallur,Chennai,GEN,14.0,P. CHANDRA KANTH,Independent,IND,Independent,Mike
27,Shozhinganallur,Chennai,GEN,15.0,CHANDRASEKARAN,Independent,IND,Independent,Ring
27,Shozhinganallur,Chennai,GEN,16.0,D. SRINIVASAN,Independent,IND,Independent,Throwing a javelin
27,Shozhinganallur,Chennai,GEN,17.0,G. SURESH KUMAR,Independent,IND,Independent,Chess board
27,Shozhinganallur,Chennai,GEN,18.0,N. PRASHANTHA RAO,Independent,IND,Independent,Pen nib with seven rays
27,Shozhinganallur,Chennai,GEN,19.0,A. MOHAMMED GANI,Independent,IND,Independent,Matchbox
27,Shozhinganallur,Chennai,GEN,20.0,MUTHARASAN,Independent,IND,Independent,Electric pole
27,Shozhinganallur,Chennai,GEN,21.0,E. MURALI B.A,Independent,IND,Independent,Iron
27,Shozhinganallur,Chennai,GEN,22.0,R. YOGESHWARAN,Independent,IND,Independent,Ship
27,Shozhinganallur,Chennai,GEN,23.0,RAMANATHAN M,Independent,IND,Independent,Bat
27,Shozhinganallur,Chennai,GEN,24.0,RAJESH,Independent,IND,Independent,Water melon
27,Shozhinganallur,Chennai,GEN,25.0,E. VIJAY,Independent,IND,Independent,Laptop
27,Shozhinganallur,Chennai,GEN,26.0,FARMER JAYARAMAN S K J,Independent,IND,Independent,Gas cylinder
27,Shozhinganallur,Chennai,GEN,27.0,JAIKUMAR BALACHANDRAN,Independent,IND,Independent,Football player
28,Alandur,Chennai,GEN,1.0,T.M. ANBARASAN,Dravida Munnetra Kazhagam,DMK,INDIA/SPA,Rising sun
28,Alandur,Chennai,GEN,2.0,S. SARAVANAN,All India Anna Dravida Munnetra Kazhagam,AIADMK,NDA,Two leaves
28,Alandur,Chennai,GEN,3.0,Y.G. MAHALAKSHMI,Naam Tamilar Katchi,NTK,Solo,Farmer Carrying Plough
28,Alandur,Chennai,GEN,4.0,JAGNI SELVARASU,Nasadalam Makkal Katchi,NMK,-,Pen nib with seven rays
28,Alandur,Chennai,GEN,5.0,ARAVIND CHANDRASEKAR,Indhu Dravida Makkal Katchi,IDMK,-,Gas cylinder
28,Alandur,Chennai,GEN,6.0,B. KALYANARAMKUMAR,Naam Indiar Party,NIP,-,Spanner
28,Alandur,Chennai,GEN,7.0,S. ROYAPPAN,Tamizhaga Vaazhvurimai Katchi,TVaK,-,Camera
28,Alandur,Chennai,GEN,8.0,A. VELUSAMY,Puthiya Tamilagam,PT,-,Television
28,Alandur,Chennai,GEN,9.0,N. HARI KRISHNAN,All India Puratchi Thalaivar Makkal Munnetra Kazhagam,AIPTMK,-,Coconut farm
28,Alandur,Chennai,GEN,10.0,M. HARISH,Tamilaga Vetri Kazhagam,TVK,Solo,Whistle
28,Alandur,Chennai,GEN,11.0,V. ANBARASAN,Independent,IND,Independent,Well
28,Alandur,Chennai,GEN,12.0,A. SARAVANAN,Independent,IND,Independent,Electric pole
28,Alandur,Chennai,GEN,13.0,S. SARAVANAN,Independent,IND,Independent,Batsman
28,Alandur,Chennai,GEN,14.0,D. SARAVANAN,Independent,IND,Independent,Grapes
28,Alandur,Chennai,GEN,15.0,R. SARAVANAN,Independent,IND,Independent,Road roller
28,Alandur,Chennai,GEN,16.0,R. SURESH,Independent,IND,Independent,Cutting pliers
28,Alandur,Chennai,GEN,17.0,SENKODI VIJAYALAKSHMI,Independent,IND,Independent,Ship
28,Alandur,Chennai,GEN,18.0,R. SELVAKUMAR,Independent,IND,Independent,Scissors
28,Alandur,Chennai,GEN,19.0,G. DANIEL ANTONY RAJ,Independent,IND,Independent,Box
28,Alandur,Chennai,GEN,20.0,MAHESH KUMAR,Independent,IND,Independent,Peas
28,Alandur,Chennai,GEN,21.0,G. RAMANAN,Independent,IND,Independent,Pen stand
28,Alandur,Chennai,GEN,22.0,K. VELAYUDHAM,Independent,IND,Independent,Hand cart
28,Alandur,Chennai,GEN,23.0,M. HARISH,Independent,IND,Independent,Tea filter
29,Sriperumbudur,Kancheepuram,SC,1.0,M. SINDHU EZHILARASAN,Naam Tamilar Katchi,NTK,Solo,Farmer Carrying Plough
29,Sriperumbudur,Kancheepuram,SC,2.0,K. SELVAPERUNTHAGAI,Indian National Congress,INC,INDIA/SPA,Hand
29,Sriperumbudur,Kancheepuram,SC,3.0,K. PALANI,All India Anna Dravida Munnetra Kazhagam,AIADMK,NDA,Two leaves
29,Sriperumbudur,Kancheepuram,SC,4.0,A. GURUNANDHAN,Anaithinthiya Anna Dravida Makkal Seiyal Katchi,AADMSK,-,Telephone
29,Sriperumbudur,Kancheepuram,SC,5.0,A. GNANASEKARAN,Tamizhaga Vaazhvurimai Katchi,TVaK,-,Camera
29,Sriperumbudur,Kancheepuram,SC,6.0,M. TAMILARASAN,Communist Party of India (Marxist-Leninist) Liberation,CPI(ML)L,-,Flag with three stars
29,Sriperumbudur,Kancheepuram,SC,7.0,THENNARASU K,Tamilaga Vetri Kazhagam,TVK,Solo,Whistle
29,Sriperumbudur,Kancheepuram,SC,8.0,D. PURUSHOTHAMAN,All India Puratchi Thalaivar Makkal Munnetra Kazhagam,AIPTMK,-,Coconut farm
29,Sriperumbudur,Kancheepuram,SC,9.0,ELANGOVAN SIVAKUMAR,Independent,IND,Independent,Scissors
29,Sriperumbudur,Kancheepuram,SC,10.0,J. NITHYA,Independent,IND,Independent,Electric pole
29,Sriperumbudur,Kancheepuram,SC,11.0,E. MURUGAN,Independent,IND,Independent,Box
29,Sriperumbudur,Kancheepuram,SC,12.0,G. RAJATHI,Independent,IND,Independent,Water tank
29,Sriperumbudur,Kancheepuram,SC,13.0,P. VEDHAGIRI,Independent,IND,Independent,Air conditioner
30,Pallavaram,Chengalpattu,GEN,1.0,DR. R. KARTHIKEYAN,Naam Tamilar Katchi,NTK,Solo,Farmer Carrying Plough
30,Pallavaram,Chengalpattu,GEN,2.0,N. BHARATHI,Bahujan Samaj Party,BSP,Solo,Elephant
30,Pallavaram,Chengalpattu,GEN,3.0,D. MURUGESAN,Desiya Murpokku Dravida Kazhagam,DMDK,INDIA/SPA,Nagara
30,Pallavaram,Chengalpattu,GEN,4.0,V. VENKATESAN,All India Anna Dravida Munnetra Kazhagam,AIADMK,NDA,Two leaves
30,Pallavaram,Chengalpattu,GEN,5.0,TAMIRTHA KANTHAN,Naam Indiar Party,NIP,-,Spanner
30,Pallavaram,Chengalpattu,GEN,6.0,M. L. RAVI,Desiya Makkal Sakthi Katchi,DMSK,-,Balloon
30,Pallavaram,Chengalpattu,GEN,7.0,J. KAMATCHI,Tamilaga Vetri Kazhagam,TVK,Solo,Whistle
30,Pallavaram,Chengalpattu,GEN,8.0,A. THANGARAJ,Puthiya Tamilagam,PT,-,Gas cylinder
30,Pallavaram,Chengalpattu,GEN,9.0,G. RAMESH BABU,Indhu Dravida Makkal Katchi,IDMK,-,Battery Torch
30,Pallavaram,Chengalpattu,GEN,10.0,S. RAJAMATHULLA,Tamizhaga Vaazhvurimai Katchi,TVaK,-,Camera
30,Pallavaram,Chengalpattu,GEN,11.0,B. RAJESWARI,Nasadalam Makkal Katchi,NMK,-,Pen nib with seven rays
30,Pallavaram,Chengalpattu,GEN,12.0,R. RAJKUMAR,All India Puratchi Thalaivar Makkal Munnetra Kazhagam,AIPTMK,-,Coconut farm
30,Pallavaram,Chengalpattu,GEN,13.0,M. SANKAR,Independent,IND,Independent,Electric pole
30,Pallavaram,Chengalpattu,GEN,14.0,S. SATHYARAJ,Independent,IND,Independent,Telephone
30,Pallavaram,Chengalpattu,GEN,15.0,M. SIVAKUMAR,Independent,IND,Independent,Pestle and mortar
30,Pallavaram,Chengalpattu,GEN,16.0,S. SUNDARAMOORTHY PANDIYAR,Independent,IND,Independent,Ship
30,Pallavaram,Chengalpattu,GEN,17.0,R. MUTHUKUMAR,Independent,IND,Independent,Bricks
30,Pallavaram,Chengalpattu,GEN,18.0,P. RAVICHANDRAN,Independent,IND,Independent,Water melon
30,Pallavaram,Chengalpattu,GEN,19.0,N. RAVIKUMAR,Independent,IND,Independent,Road roller
30,Pallavaram,Chengalpattu,GEN,20.0,RAJESH T R,Independent,IND,Independent,Noodles bowl
30,Pallavaram,Chengalpattu,GEN,21.0,S. VETRI VEL,Independent,IND,Independent,Flute
30,Pallavaram,Chengalpattu,GEN,22.0,R. JAWAHAR,Independent,IND,Independent,Diamond
30,Pallavaram,Chengalpattu,GEN,23.0,G. JOHN PANDIAN,Independent,IND,Independent,Matchbox
31,Tambaram,Chengalpattu,GEN,1.0,C. RAJENDRAN,All India Anna Dravida Munnetra Kazhagam,AIADMK,NDA,Two leaves
31,Tambaram,Chengalpattu,GEN,2.0,R. S. KRUTHIKA DEVI,Dravida Munnetra Kazhagam,DMK,INDIA/SPA,Rising sun
31,Tambaram,Chengalpattu,GEN,3.0,S. TAMILCHELVI,Naam Tamilar Katchi,NTK,Solo,Farmer Carrying Plough
31,Tambaram,Chengalpattu,GEN,4.0,M. RAJA,Bahujan Samaj Party,BSP,Solo,Elephant
31,Tambaram,Chengalpattu,GEN,5.0,D. SARATHKUMAR,Tamilaga Vetri Kazhagam,TVK,Solo,Whistle
31,Tambaram,Chengalpattu,GEN,6.0,SIVARAMAN S,Veerath Thiyagi Viswanathadoss Thozhilalarkal Katchi,VTVTK,-,Pestle and mortar
31,Tambaram,Chengalpattu,GEN,7.0,THAMBIRAJ E,Naam Indiar Party,NIP,-,Spanner
31,Tambaram,Chengalpattu,GEN,8.0,S. PARTHIBAN,Democratic National Allegiance,DNA,-,Ship
31,Tambaram,Chengalpattu,GEN,9.0,P. PON RAJA,Tamizhaga Vaazhvurimai Katchi,TVaK,-,Camera
31,Tambaram,Chengalpattu,GEN,10.0,S. KARTHIK,Independent,IND,Independent,Diamond
31,Tambaram,Chengalpattu,GEN,11.0,SARATHKUMAR R,Independent,IND,Independent,Gas cylinder
31,Tambaram,Chengalpattu,GEN,12.0,T. DHIVAKARAN,Independent,IND,Independent,Electric pole
31,Tambaram,Chengalpattu,GEN,13.0,S. BALASUBRAMANIAN,Independent,IND,Independent,Sewing machine
31,Tambaram,Chengalpattu,GEN,14.0,R. RAVIKUMAR,Independent,IND,Independent,Football player
31,Tambaram,Chengalpattu,GEN,15.0,M. JACOB,Independent,IND,Independent,Mixee
32,Chengalpattu,Chengalpattu,GEN,1.0,AMUTHAN,Naam Tamilar Katchi,NTK,Solo,Farmer Carrying Plough
32,Chengalpattu,Chengalpattu,GEN,2.0,M. GAJENDRAN,All India Anna Dravida Munnetra Kazhagam,AIADMK,NDA,Two leaves
32,Chengalpattu,Chengalpattu,GEN,3.0,KARTHICKANDAPANI,Dravida Munnetra Kazhagam,DMK,INDIA/SPA,Rising sun
32,Chengalpattu,Chengalpattu,GEN,4.0,S. SARAVANAN,Bahujan Samaj Party,BSP,Solo,Elephant
32,Chengalpattu,Chengalpattu,GEN,5.0,S. SELVAM (A) CHELLA,Tamizhaga Vaazhvurimai Katchi,TVaK,-,Camera
32,Chengalpattu,Chengalpattu,GEN,6.0,S. THIYAGARAJAN,Tamilaga Vetri Kazhagam,TVK,Solo,Whistle
32,Chengalpattu,Chengalpattu,GEN,7.0,M. ANANDAN,Independent,IND,Independent,Peas
32,Chengalpattu,Chengalpattu,GEN,8.0,A. ESAKKIAPPAN,Independent,IND,Independent,Ship
32,Chengalpattu,Chengalpattu,GEN,9.0,KARTHICKA,Independent,IND,Independent,Air conditioner
32,Chengalpattu,Chengalpattu,GEN,10.0,G. CHRISTOPHER,Independent,IND,Independent,Electric pole
32,Chengalpattu,Chengalpattu,GEN,11.0,S. DELHI BABU,Independent,IND,Independent,Bat
32,Chengalpattu,Chengalpattu,GEN,12.0,T. PREM BALAJI,Independent,IND,Independent,Stapler
32,Chengalpattu,Chengalpattu,GEN,13.0,V. RAMAKRISHNAN,Independent,IND,Independent,Coconut farm
32,Chengalpattu,Chengalpattu,GEN,14.0,C. VIMALRAJ,Independent,IND,Independent,Water melon
32,Chengalpattu,Chengalpattu,GEN,15.0,P. GEORGE DEVADOSS,Independent,IND,Independent,Nail cutter
33,Thiruporur,Chengalpattu,GEN,1.0,AMBETH RAJAN,Naam Tamilar Katchi,NTK,Solo,Farmer Carrying Plough
33,Thiruporur,Chengalpattu,GEN,2.0,R. PANNERDOSS,Viduthalai Chiruthaigal Katchi,VCK,INDIA/SPA,Pot
33,Thiruporur,Chengalpattu,GEN,3.0,DR. D. VINOTH KUMAR,Bahujan Samaj Party,BSP,Solo,Elephant
33,Thiruporur,Chengalpattu,GEN,4.0,A. SELVARAJ,Mamin Makkal Katchi,MMK,-,Gas cylinder
33,Thiruporur,Chengalpattu,GEN,5.0,V. DESAPPAN,Samata Party,SP,-,Boat with man and sail
33,Thiruporur,Chengalpattu,GEN,6.0,K. BALU,Pattali Makkal Katchi,PMK,NDA,Mango
33,Thiruporur,Chengalpattu,GEN,7.0,B. VIJAYARAJ,Tamilaga Vetri Kazhagam,TVK,Solo,Whistle
33,Thiruporur,Chengalpattu,GEN,8.0,V. M. CHANDIRAN,Independent,IND,Independent,Ship
33,Thiruporur,Chengalpattu,GEN,9.0,S. GNANASEKARAN,Independent,IND,Independent,Table
33,Thiruporur,Chengalpattu,GEN,10.0,D. PANNERSELVAM,Independent,IND,Independent,Cauliflower
33,Thiruporur,Chengalpattu,GEN,11.0,S. MESHAK,Independent,IND,Independent,CCTV Camera
34,Cheyyur,Chengalpattu,SC,1.0,SINTHANAI SELVAN,Viduthalai Chiruthaigal Katchi,VCK,INDIA/SPA,Pot
34,Cheyyur,Chengalpattu,SC,2.0,SWATHILAKSHMI SEKAR,Naam Tamilar Katchi,NTK,Solo,Farmer Carrying Plough
34,Cheyyur,Chengalpattu,SC,3.0,RAJASEKAR E,All India Anna Dravida Munnetra Kazhagam,AIADMK,NDA,Two leaves
34,Cheyyur,Chengalpattu,SC,4.0,GANGADURAI K,Tamizhaga Vaazhvurimai Katchi,TVaK,-,Camera
34,Cheyyur,Chengalpattu,SC,5.0,MURUGAVEL A,All India Puratchi Thalaivar Makkal Munnetra Kazhagam,AIPTMK,-,Coconut farm
34,Cheyyur,Chengalpattu,SC,6.0,MOHAN RAJA M.G.K,Tamilaga Vetri Kazhagam,TVK,Solo,Whistle
34,Cheyyur,Chengalpattu,SC,7.0,AMBETHKAR S,Independent,IND,Independent,CCTV Camera
34,Cheyyur,Chengalpattu,SC,8.0,ARUN C,Independent,IND,Independent,Pen drive
34,Cheyyur,Chengalpattu,SC,9.0,EZHIL E,Independent,IND,Independent,Water tank
34,Cheyyur,Chengalpattu,SC,10.0,KRISHNAKANTH E,Independent,IND,Independent,Diesel pump
34,Cheyyur,Chengalpattu,SC,11.0,GOPIKRISHNA D,Independent,IND,Independent,Diamond
34,Cheyyur,Chengalpattu,SC,12.0,RAJA K,Independent,IND,Independent,Bucket
34,Cheyyur,Chengalpattu,SC,13.0,JEGAN M,Independent,IND,Independent,Matchbox
35,Madurantakam,Chengalpattu,SC,1.0,S. AMULU PONMALAR,Dravida Munnetra Kazhagam,DMK,INDIA/SPA,Rising sun
35,Madurantakam,Chengalpattu,SC,2.0,MARAGATHAM KUMARAVEL K,All India Anna Dravida Munnetra Kazhagam,AIADMK,NDA,Two leaves
35,Madurantakam,Chengalpattu,SC,3.0,NEELAM E. RAMKUMAR,Bahujan Samaj Party,BSP,Solo,Elephant
35,Madurantakam,Chengalpattu,SC,4.0,G. JANAKIRAMAN,Naam Tamilar Katchi,NTK,Solo,Farmer Carrying Plough
35,Madurantakam,Chengalpattu,SC,5.0,EZHIL KATHARINE EZHILMALAI,Tamilaga Vettri Kazhagam,TVK,Solo,Whistle
35,Madurantakam,Chengalpattu,SC,6.0,R. SUGAN,All India Puratchi Thalaivar Makkal Munnetra Kazhagam,AIPTMK,-,Coconut farm
35,Madurantakam,Chengalpattu,SC,7.0,S. PUNNIYAKOTTI,Tamizhaga Vaazhvurimai Katchi,TVaK,-,Camera
35,Madurantakam,Chengalpattu,SC,8.0,M. KADIRVEL,Independent,IND,Independent,Ship
35,Madurantakam,Chengalpattu,SC,9.0,RANJITHAM M,Independent,IND,Independent,Diamond
36,Uthiramerur,Kancheepuram,GEN,1.0,SUNDAR K,Dravida Munnetra Kazhagam,DMK,INDIA/SPA,Rising sun
36,Uthiramerur,Kancheepuram,GEN,2.0,MARAM MASILAMANI B.S,Naam Tamilar Katchi,NTK,Solo,Farmer Carrying Plough
36,Uthiramerur,Kancheepuram,GEN,3.0,SIVAKUMAR A,Desiya Makkal Sakthi Katchi,DMSK,-,Balloon
36,Uthiramerur,Kancheepuram,GEN,4.0,MAGESHKUMAR P,Pattali Makkal Katchi,PMK,NDA,Mango
36,Uthiramerur,Kancheepuram,GEN,5.0,MUNIRATHNAM J,Tamilaga Vetri Kazhagam,TVK,Solo,Whistle
36,Uthiramerur,Kancheepuram,GEN,6.0,JAKIRUSAND D,Tamizhaga Vaazhvurimai Katchi,TVaK,-,Camera
36,Uthiramerur,Kancheepuram,GEN,7.0,ANBU V,Independent,IND,Independent,Whale
36,Uthiramerur,Kancheepuram,GEN,8.0,KAMALAKANNAN K,Independent,IND,Independent,Flute
36,Uthiramerur,Kancheepuram,GEN,9.0,GUNASEKAR V,Independent,IND,Independent,Batsman
36,Uthiramerur,Kancheepuram,GEN,10.0,CITTIBABU R,Independent,IND,Independent,Matchbox
36,Uthiramerur,Kancheepuram,GEN,11.0,DEVARAJAN C,Independent,IND,Independent,Water melon
36,Uthiramerur,Kancheepuram,GEN,12.0,DEVENTHRAMOORTHY S,Independent,IND,Independent,Hand cart
36,Uthiramerur,Kancheepuram,GEN,13.0,MAGESH KUMAR T,Independent,IND,Independent,Road roller
36,Uthiramerur,Kancheepuram,GEN,14.0,MAHESWARI J,Independent,IND,Independent,Ship
37,Kancheepuram,Kancheepuram,GEN,1.0,V. SOMASUNDARAM,All India Anna Dravida Munnetra Kazhagam,AIADMK,NDA,Two leaves
37,Kancheepuram,Kancheepuram,GEN,2.0,NITHYA SUGUMAR,Dravida Munnetra Kazhagam,DMK,INDIA/SPA,Rising sun
37,Kancheepuram,Kancheepuram,GEN,3.0,VETRISELVAN,Naam Tamilar Katchi,NTK,Solo,Farmer Carrying Plough
37,Kancheepuram,Kancheepuram,GEN,4.0,R. V. RANJITH KUMAR,Tamilaga Vetri Kazhagam,TVK,Solo,Whistle
37,Kancheepuram,Kancheepuram,GEN,5.0,M. NANDHAKUMAR,Anti Corruption Dynamic Party,ACDP,-,Jackfruit
37,Kancheepuram,Kancheepuram,GEN,6.0,V. NARESH,Tamizhaga Vaazhvurimai Katchi,TVaK,-,Camera
37,Kancheepuram,Kancheepuram,GEN,7.0,P. VENKATESAN,All India Puratchi Thalaivar Makkal Munnetra Kazhagam,AIPTMK,-,Coconut farm
37,Kancheepuram,Kancheepuram,GEN,8.0,M. SOMASUNDARAM,Independent,IND,Independent,Bat
37,Kancheepuram,Kancheepuram,GEN,9.0,V. SOMASUNDARAM,Independent,IND,Independent,Water melon
37,Kancheepuram,Kancheepuram,GEN,10.0,GNANAMOORTHY,Independent,IND,Independent,Balloon
37,Kancheepuram,Kancheepuram,GEN,11.0,C. DILLIBABU,Independent,IND,Independent,Bucket
37,Kancheepuram,Kancheepuram,GEN,12.0,E. DHAKSHNAMOORTHY,Independent,IND,Independent,Diamond
37,Kancheepuram,Kancheepuram,GEN,13.0,G. BABU,Independent,IND,Independent,Pressure cooker
37,Kancheepuram,Kancheepuram,GEN,14.0,M. BALAJI,Independent,IND,Independent,Ring
37,Kancheepuram,Kancheepuram,GEN,15.0,M. MEGANATHAN,Independent,IND,Independent,Ship
38,Arakkonam,Ranipet,SC,1.0,EZHIL CAROLINE,Viduthalai Chiruthaigal Katchi,VCK,INDIA/SPA,Pot
38,Arakkonam,Ranipet,SC,2.0,P. SUDHAKAR,Bahujan Samaj Party,BSP,Solo,Elephant
38,Arakkonam,Ranipet,SC,3.0,S. RAVI,All India Anna Dravida Munnetra Kazhagam,AIADMK,NDA,Two leaves
38,Arakkonam,Ranipet,SC,4.0,K. RAJKUMAR,Naam Tamilar Katchi,NTK,Solo,Farmer Carrying Plough
38,Arakkonam,Ranipet,SC,5.0,V. GANDHIRAJ,Tamilaga Vetri Kazhagam,TVK,Solo,Whistle
38,Arakkonam,Ranipet,SC,6.0,N. LAKSHMIPATHY,Tamizhaga Vaazhvurimai Katchi,TVaK,-,Camera
38,Arakkonam,Ranipet,SC,7.0,VETRIVEL. M,Anaithinthiya Jananayaka Pathukappu Kazhagam,AJPK,-,Gas cylinder
38,Arakkonam,Ranipet,SC,8.0,P. GOVINDARAJ,Independent,IND,Independent,Balloon
38,Arakkonam,Ranipet,SC,9.0,M. SANTHANAM,Independent,IND,Independent,Stapler
38,Arakkonam,Ranipet,SC,10.0,N. PRAVEENKUMAR,Independent,IND,Independent,Road roller
38,Arakkonam,Ranipet,SC,11.0,M. MANIKANDAN,Independent,IND,Independent,Pendulum
38,Arakkonam,Ranipet,SC,12.0,T. MURALIDHARAN,Independent,IND,Independent,Ship
38,Arakkonam,Ranipet,SC,13.0,G. MOHAN,Independent,IND,Independent,Scissors
39,Sholinghur,Ranipet,GEN,1.0,A. ASHOK KUMAR,Naam Tamilar Katchi,NTK,Solo,Farmer Carrying Plough
39,Sholinghur,Ranipet,GEN,2.0,M. GIRIDHARAN,Bahujan Samaj Party,BSP,Solo,Elephant
39,Sholinghur,Ranipet,GEN,3.0,A. M. MUNIRATHINAM,Indian National Congress,INC,INDIA/SPA,Hand
39,Sholinghur,Ranipet,GEN,4.0,G. KAPIL,Tamilaga Vetri Kazhagam,TVK,Solo,Whistle
39,Sholinghur,Ranipet,GEN,5.0,K. SARAVANAN,Pattali Makkal Katchi,PMK,NDA,Mango
39,Sholinghur,Ranipet,GEN,6.0,SUDHAKAR K,Tamizhaga Vaazhvurimai Katchi,TVaK,-,Camera
39,Sholinghur,Ranipet,GEN,7.0,S. SENTHILKUMAR,Vanchit Bahujan Aaghadi,VBA,-,Gas cylinder
39,Sholinghur,Ranipet,GEN,8.0,R. VINOTH,Veerath Thiyagi Viswanathadoss Thozhilalarkal Katchi,VTVTK,-,Pestle and mortar
39,Sholinghur,Ranipet,GEN,9.0,A. ANANDAN,Independent,IND,Independent,Grapes
39,Sholinghur,Ranipet,GEN,10.0,S. ILAYARAJA,Independent,IND,Independent,Batsman
39,Sholinghur,Ranipet,GEN,11.0,KAVIYARASAN SUBRAMANI,Independent,IND,Independent,Rubber stamp
39,Sholinghur,Ranipet,GEN,12.0,N. GOPALAKRISHNAN,Independent,IND,Independent,Truck
39,Sholinghur,Ranipet,GEN,13.0,V. SATHASIVAM,Independent,IND,Independent,T.V. Remote
39,Sholinghur,Ranipet,GEN,14.0,SANTHANAM R,Independent,IND,Independent,Iron
39,Sholinghur,Ranipet,GEN,15.0,R. SETHUPATHI,Independent,IND,Independent,Scissors
39,Sholinghur,Ranipet,GEN,16.0,M. DINESH,Independent,IND,Independent,Diamond
39,Sholinghur,Ranipet,GEN,17.0,A. PALANI,Independent,IND,Independent,Stapler
39,Sholinghur,Ranipet,GEN,18.0,N. MANI,Independent,IND,Independent,Capsicum
39,Sholinghur,Ranipet,GEN,19.0,K. MUNISAMY,Independent,IND,Independent,Television
39,Sholinghur,Ranipet,GEN,20.0,V. MUNIRATHINAM,Independent,IND,Independent,Bucket
39,Sholinghur,Ranipet,GEN,21.0,T. RAJENDRAN,Independent,IND,Independent,Flute
39,Sholinghur,Ranipet,GEN,22.0,M. VIJAYAN,Independent,IND,Independent,Water melon
39,Sholinghur,Ranipet,GEN,23.0,V. HEMACHANDIRAN,Independent,IND,Independent,Matchbox
40,Katpadi,Vellore,GEN,1.0,S. THIRUKKUMARAN,Naam Tamilar Katchi,NTK,Solo,Farmer Carrying Plough
40,Katpadi,Vellore,GEN,2.0,DURAI MURUGAN,Dravida Munnetra Kazhagam,DMK,INDIA/SPA,Rising sun
40,Katpadi,Vellore,GEN,3.0,J. RAMESH,Bahujan Samaj Party,BSP,Solo,Elephant
40,Katpadi,Vellore,GEN,4.0,V. RAMU,All India Anna Dravida Munnetra Kazhagam,AIADMK,NDA,Two leaves
40,Katpadi,Vellore,GEN,5.0,INDU W,Tamil Manila Murpokku Dravida Kazhagam,TMMDK,-,Ship
40,Katpadi,Vellore,GEN,6.0,GANESAN P,Indhu Dravida Makkal Katchi,IDMK,-,Gas cylinder
40,Katpadi,Vellore,GEN,7.0,V. CHANDRAN,All India Puratchi Thalaivar Makkal Munnetra Kazhagam,AIPTMK,-,Coconut farm
40,Katpadi,Vellore,GEN,8.0,DR. M. SUDHAKAR,Tamilaga Vettri Kazhagam,TVK,Solo,Whistle
40,Katpadi,Vellore,GEN,9.0,S. BALAJI,Tamil Nadu Ilangyar Katchi,TNIK,-,Ring
40,Katpadi,Vellore,GEN,10.0,S. RAMAN,Independent,IND,Independent,Electric pole
40,Katpadi,Vellore,GEN,11.0,SARAVANAN D,Independent,IND,Independent,Jackfruit
40,Katpadi,Vellore,GEN,12.0,M. SUTHAGAR,Independent,IND,Independent,Gramophone
40,Katpadi,Vellore,GEN,13.0,DHANASEKAR,Independent,IND,Independent,Bat
40,Katpadi,Vellore,GEN,14.0,DHANANCHEZHIYAN,Independent,IND,Independent,Diamond
40,Katpadi,Vellore,GEN,15.0,D. RAMU,Independent,IND,Independent,Peas
41,Ranipet,Ranipet,GEN,1.0,R. GANDHI,Dravida Munnetra Kazhagam,DMK,INDIA/SPA,Rising sun
41,Ranipet,Ranipet,GEN,2.0,V. M. KARTHIKEYAN,Bharatiya Janata Party,BJP,NDA,Lotus
41,Ranipet,Ranipet,GEN,3.0,THAARIKA SALMAN,Naam Tamilar Katchi,NTK,Solo,Farmer Carrying Plough
41,Ranipet,Ranipet,GEN,4.0,J. JENIFER JANET,Bahujan Samaj Party,BSP,Solo,Elephant
41,Ranipet,Ranipet,GEN,5.0,T. HAFIRA,Tamilaga Vetri Kazhagam,TVK,Solo,Whistle
41,Ranipet,Ranipet,GEN,6.0,S. MUNISAMY,Anti Corruption Dynamic Party,ACDP,-,Ginger
41,Ranipet,Ranipet,GEN,7.0,N. VISWANATHAN,Tamizhaga Vaazhvurimai Katchi,TVaK,-,Camera
41,Ranipet,Ranipet,GEN,8.0,J. HASSAN,Independent,IND,Independent,Diamond
41,Ranipet,Ranipet,GEN,9.0,K. SAKTHIVEL NATHAN,Independent,IND,Independent,Tea filter
41,Ranipet,Ranipet,GEN,10.0,N. SUGUMAR,Independent,IND,Independent,Frying pan
41,Ranipet,Ranipet,GEN,11.0,V. SURESH,Independent,IND,Independent,Ship
41,Ranipet,Ranipet,GEN,12.0,V. DHARMENDIRAN,Independent,IND,Independent,CCTV Camera
41,Ranipet,Ranipet,GEN,13.0,A. NARESH KUMAR,Independent,IND,Independent,Matchbox
41,Ranipet,Ranipet,GEN,14.0,J. MOHAN,Independent,IND,Independent,Gas cylinder
41,Ranipet,Ranipet,GEN,15.0,S. JAYAPRAKASH,Independent,IND,Independent,Pestle and mortar
42,Arcot,Ranipet,GEN,1.0,ARCHANA NARASIMMAN,Naam Tamilar Katchi,NTK,Solo,Farmer Carrying Plough
42,Arcot,Ranipet,GEN,2.0,J. L. ESWARAPPAN,Dravida Munnetra Kazhagam,DMK,INDIA/SPA,Rising sun
42,Arcot,Ranipet,GEN,3.0,S. M. SUKUMAR,All India Anna Dravida Munnetra Kazhagam,AIADMK,NDA,Two leaves
42,Arcot,Ranipet,GEN,4.0,M. VASANTHAKUMAR,Bahujan Samaj Party,BSP,Solo,Elephant
42,Arcot,Ranipet,GEN,5.0,V. GANDHI,Vanchit Bahujan Aaghadi,VBA,-,Diamond
42,Arcot,Ranipet,GEN,6.0,S. P. SHANMUGAM,Anaithinthiya Jananayaka Pathukappu Kazhagam,AJPK,-,Gas cylinder
42,Arcot,Ranipet,GEN,7.0,V. SEETHARAMAN,Anti Corruption Dynamic Party,ACDP,-,Ship
42,Arcot,Ranipet,GEN,8.0,G. VIJAY MOHAN,Tamilaga Vetri Kazhagam,TVK,Solo,Whistle
42,Arcot,Ranipet,GEN,9.0,P. VENKATESAN,Tamizhaga Vaazhvurimai Katchi,TVaK,-,Camera
42,Arcot,Ranipet,GEN,10.0,R. INDUMATHI,Independent,IND,Independent,Flute
42,Arcot,Ranipet,GEN,11.0,ESWARAPPAN M,Independent,IND,Independent,Water melon
42,Arcot,Ranipet,GEN,12.0,V. SHANTHI,Independent,IND,Independent,Grapes
42,Arcot,Ranipet,GEN,13.0,K. MANIKANDAN,Independent,IND,Independent,Door bell
42,Arcot,Ranipet,GEN,14.0,A. VIJAY,Independent,IND,Independent,Road roller
43,Vellore,Vellore,GEN,1.0,S. R. KAPPU,All India Anna Dravida Munnetra Kazhagam,AIADMK,NDA,Two leaves
43,Vellore,Vellore,GEN,2.0,P. KARTHIKEYAN,Dravida Munnetra Kazhagam,DMK,INDIA/SPA,Rising sun
43,Vellore,Vellore,GEN,3.0,A. SONIYA,Naam Tamilar Katchi,NTK,Solo,Farmer Carrying Plough
43,Vellore,Vellore,GEN,4.0,S. MIRSHAD,Tamizhaga Vaazhvurimai Katchi,TVaK,-,Camera
43,Vellore,Vellore,GEN,5.0,S. GIRIDHARA PRASAD,Party for the Rights of Other Backward Classes,PROBC,-,Laptop
43,Vellore,Vellore,GEN,6.0,K. MUNIYAPPAN,All Pensioners Party,APP,-,Bangles
43,Vellore,Vellore,GEN,7.0,K. M. VINAYAGAM,Viro Ke Vir Indian Party,VKVIP,-,Gas cylinder
43,Vellore,Vellore,GEN,8.0,K. VIMALA,Naam Indiar Party,NIP,-,Spanner
43,Vellore,Vellore,GEN,9.0,M. M. VINOTH KANNAN,Tamilaga Vetri Kazhagam,TVK,Solo,Whistle
43,Vellore,Vellore,GEN,10.0,M. VINOTHKUMAR,Amma MGR Dravida Munnetra Kazhagam,AMGRDMK,-,Pan
43,Vellore,Vellore,GEN,11.0,S. APPU,All India Jananayaka Makkal Kazhagam,AIJMK,-,Binoculars
43,Vellore,Vellore,GEN,12.0,S. MADHAN KUMAR,Independent,IND,Independent,CCTV Camera
43,Vellore,Vellore,GEN,13.0,S. RAJKAMAL,Independent,IND,Independent,Flute
43,Vellore,Vellore,GEN,14.0,M. LOGANATHAN,Independent,IND,Independent,Bat
43,Vellore,Vellore,GEN,15.0,U. VIJAYA KUMAR,Independent,IND,Independent,Water melon
44,Anaikattu,Vellore,GEN,1.0,A. P. NANDAKUMAR,Dravida Munnetra Kazhagam,DMK,INDIA/SPA,Rising sun
44,Anaikattu,Vellore,GEN,2.0,M. RAVIKUMAR,Naam Tamilar Katchi,NTK,Solo,Farmer Carrying Plough
44,Anaikattu,Vellore,GEN,3.0,D. VELAZHAGAN,All India Anna Dravida Munnetra Kazhagam,AIADMK,NDA,Two leaves
44,Anaikattu,Vellore,GEN,4.0,R. SARAVANAN,Namadhu Makkal Katchi,NMK,-,Gas Stove
44,Anaikattu,Vellore,GEN,5.0,V. VINOTHKANNA,Tamizhaga Vaazhvurimai Katchi,TVaK,-,Camera
44,Anaikattu,Vellore,GEN,6.0,V. S. VENKATESH,Anaithinthiya Jananayaka Pathukappu Kazhagam,AJPK,-,Green chilli
44,Anaikattu,Vellore,GEN,7.0,R. VELMURUGAN,Tamilaga Vetri Kazhagam,TVK,Solo,Whistle
44,Anaikattu,Vellore,GEN,8.0,P. JAYASEELAN,Puthiya Tamilagam,PT,-,Gas cylinder
44,Anaikattu,Vellore,GEN,9.0,E. SURESH,Independent,IND,Independent,Balloon
44,Anaikattu,Vellore,GEN,10.0,S. SELVAMOORTHY,Independent,IND,Independent,Bat
44,Anaikattu,Vellore,GEN,11.0,M. NANDHA KUMAR,Independent,IND,Independent,Electric pole
44,Anaikattu,Vellore,GEN,12.0,K. MANOHARAN,Independent,IND,Independent,Iron
44,Anaikattu,Vellore,GEN,13.0,R. RAMESH,Independent,IND,Independent,Water tank
45,Kilvaithinankuppam,Vellore,SC,1.0,DR. RAJESWARI R,Dravida Munnetra Kazhagam,DMK,INDIA/SPA,Rising sun
45,Kilvaithinankuppam,Vellore,SC,2.0,KALAIYENTHIRI R,Naam Tamilar Katchi,NTK,Solo,Farmer Carrying Plough
45,Kilvaithinankuppam,Vellore,SC,3.0,JEGAN MOORTHY M,All India Anna Dravida Munnetra Kazhagam,AIADMK,NDA,Two leaves
45,Kilvaithinankuppam,Vellore,SC,4.0,ANANDALAI THANGARAJ M,All India Puratchi Thalaivar Makkal Munnetra Kazhagam,AIPTMK,-,Coconut farm
45,Kilvaithinankuppam,Vellore,SC,5.0,THENRAL KUMAR E,Tamilaga Vetri Kazhagam,TVK,Solo,Whistle
45,Kilvaithinankuppam,Vellore,SC,6.0,RAJA M,Tamizhaga Vaazhvurimai Katchi,TVaK,-,Camera
45,Kilvaithinankuppam,Vellore,SC,7.0,KUMARESAN L,Independent,IND,Independent,Bucket
45,Kilvaithinankuppam,Vellore,SC,8.0,SATHISH A,Independent,IND,Independent,Almirah
45,Kilvaithinankuppam,Vellore,SC,9.0,MURUGAN K P,Independent,IND,Independent,Batsman
45,Kilvaithinankuppam,Vellore,SC,10.0,JAYASHANKAR J,Independent,IND,Independent,Brush
45,Kilvaithinankuppam,Vellore,SC,11.0,JAYA BHARATH J,Independent,IND,Independent,Frying pan
46,Gudiyattam,Vellore,SC,1.0,J. EMALAN,Naam Tamilar Katchi,NTK,Solo,Farmer Carrying Plough
46,Gudiyattam,Vellore,SC,2.0,PARITHA PURUSHOTHAMAN G,All India Anna Dravida Munnetra Kazhagam,AIADMK,NDA,Two leaves
46,Gudiyattam,Vellore,SC,3.0,K. B. PRADAP,Desiya Murpokku Dravida Kazhagam,DMDK,INDIA/SPA,Nagara
46,Gudiyattam,Vellore,SC,4.0,T. POOVARASAN,Bahujan Samaj Party,BSP,Solo,Elephant
46,Gudiyattam,Vellore,SC,5.0,K. ASHA,Puthiya Tamilagam,PT,-,Gas cylinder
46,Gudiyattam,Vellore,SC,6.0,K. SINDU,Tamilaga Vetri Kazhagam,TVK,Solo,Whistle
46,Gudiyattam,Vellore,SC,7.0,K. THABITHAL,All India Puratchi Thalaivar Makkal Munnetra Kazhagam,AIPTMK,-,Coconut farm
46,Gudiyattam,Vellore,SC,8.0,SUBAKARAN A,Independent,IND,Independent,Diamond
46,Gudiyattam,Vellore,SC,9.0,M. SUMATHI,Independent,IND,Independent,Electric pole
46,Gudiyattam,Vellore,SC,10.0,BHARATH MATHIRUBAN,Independent,IND,Independent,Matchbox
46,Gudiyattam,Vellore,SC,11.0,A. RAJESH,Independent,IND,Independent,Bat
47,Vaniyambadi,Tirupathur,GEN,1.0,SUBRAMANI P,Bahujan Samaj Party,BSP,Solo,Elephant
47,Vaniyambadi,Tirupathur,GEN,2.0,SENDHIL KUMAR G,All India Anna Dravida Munnetra Kazhagam,AIADMK,NDA,Two leaves
47,Vaniyambadi,Tirupathur,GEN,3.0,MURUGESAN G,Naam Tamilar Katchi,NTK,Solo,Farmer Carrying Plough
47,Vaniyambadi,Tirupathur,GEN,4.0,ANBARASU P,Anaithinthiya Jananayaka Pathukappu Kazhagam,AJPK,-,Gas cylinder
47,Vaniyambadi,Tirupathur,GEN,5.0,SUNDARAMMAL,Makkal Arasial Katchi,MAK,-,Pressure cooker
47,Vaniyambadi,Tirupathur,GEN,6.0,SYED FAROOQ BASHA SSB,Indian Union Muslim League,IUML,INDIA/SPA,Ladder
47,Vaniyambadi,Tirupathur,GEN,7.0,SYED BHURHANUDEEN,Tamilaga Vetri Kazhagam,TVK,Solo,Whistle
47,Vaniyambadi,Tirupathur,GEN,8.0,DEVENDRAN J,Tamizhaga Vaazhvurimai Katchi,TVaK,-,Camera
47,Vaniyambadi,Tirupathur,GEN,9.0,ABDUL WAHID A,Independent,IND,Independent,Coconut farm
47,Vaniyambadi,Tirupathur,GEN,10.0,SRINIVASAN A,Independent,IND,Independent,Mike
47,Vaniyambadi,Tirupathur,GEN,11.0,SELVARAJ M,Independent,IND,Independent,Gift pack
47,Vaniyambadi,Tirupathur,GEN,12.0,NAVEEN R,Independent,IND,Independent,CCTV Camera
47,Vaniyambadi,Tirupathur,GEN,13.0,MANJUNATH K,Independent,IND,Independent,Stumps
47,Vaniyambadi,Tirupathur,GEN,14.0,MANOJ S,Independent,IND,Independent,Laptop
47,Vaniyambadi,Tirupathur,GEN,15.0,RAJESH T,Independent,IND,Independent,Ship
48,Ambur,Tirupathur,GEN,1.0,AFSHIA NASRIN S,Naam Tamilar Katchi,NTK,Solo,Farmer Carrying Plough
48,Ambur,Tirupathur,GEN,2.0,WAZEER AHMED J,Bahujan Samaj Party,BSP,Solo,Elephant
48,Ambur,Tirupathur,GEN,3.0,VILWANATHAN A.C,Dravida Munnetra Kazhagam,DMK,INDIA/SPA,Rising sun
48,Ambur,Tirupathur,GEN,4.0,VENKATESAN R,All India Anna Dravida Munnetra Kazhagam,AIADMK,NDA,Two leaves
48,Ambur,Tirupathur,GEN,5.0,ASADULLAH B,Indian National League,INL,-,Camera
48,Ambur,Tirupathur,GEN,6.0,IMTHIYAZ PANDARATTUDU ABDU,Tamilaga Vetri Kazhagam,TVK,Solo,Whistle
48,Ambur,Tirupathur,GEN,7.0,KAREEM BASHA A,All India Majlis-E-Inquilab-E-Millat,AIMEIEM,-,Ship
48,Ambur,Tirupathur,GEN,8.0,GOVINDHAN A,All India Youth Development Party,AIYDP,-,Ring
48,Ambur,Tirupathur,GEN,9.0,SASI REKA Y,Makkal Arasial Katchi,MAK,-,Pressure cooker
48,Ambur,Tirupathur,GEN,10.0,HAROON RASHEED BADU,All India Puratchi Thalaivar Makkal Munnetra Kazhagam,AIPTMK,-,Coconut farm
48,Ambur,Tirupathur,GEN,11.0,KUMARAVEL P,Independent,IND,Independent,Diamond
48,Ambur,Tirupathur,GEN,12.0,FIRDOSE AHMED M,Independent,IND,Independent,Gas cylinder
48,Ambur,Tirupathur,GEN,13.0,MUSHTAQ AHMED KUTLAPPAI,Independent,IND,Independent,Bat
48,Ambur,Tirupathur,GEN,14.0,VISWANATHAN J,Independent,IND,Independent,Pen nib with seven rays
48,Ambur,Tirupathur,GEN,15.0,VENKATESAN M,Independent,IND,Independent,Peas
48,Ambur,Tirupathur,GEN,16.0,SRINATH,Independent,IND,Independent,Laptop
49,Jolarpet,Tirupathur,GEN,1.0,KAVITHADHANDAPANI,Dravida Munnetra Kazhagam,DMK,INDIA/SPA,Rising sun
49,Jolarpet,Tirupathur,GEN,2.0,SASIREKHA K,Naam Tamilar Katchi,NTK,Solo,Farmer Carrying Plough
49,Jolarpet,Tirupathur,GEN,3.0,SIVAKUMAR V C,Bahujan Samaj Party,BSP,Solo,Elephant
49,Jolarpet,Tirupathur,GEN,4.0,VEERAMANI K.C.,All India Anna Dravida Munnetra Kazhagam,AIADMK,NDA,Two leaves
49,Jolarpet,Tirupathur,GEN,5.0,KALASTHIRI S,All India Uzhavargal Uzhaippalargal Katchi,AIUUK,-,Coconut farm
49,Jolarpet,Tirupathur,GEN,6.0,KRISHNAMOORTHY D,Makkal Nala Kazhagam,MNK,-,Ring
49,Jolarpet,Tirupathur,GEN,7.0,SANKAR T.K,Tamizhaga Vaazhvurimai Katchi,TVaK,-,Camera
49,Jolarpet,Tirupathur,GEN,8.0,SASI REKA Y,Makkal Arasial Katchi,MAK,-,Pressure cooker
49,Jolarpet,Tirupathur,GEN,9.0,SENTHAMILSELVAN M,Naadaalum Makkal Katchi,NMK,-,Pen nib with seven rays
49,Jolarpet,Tirupathur,GEN,10.0,MUNISAMY C,Tamilaga Vetri Kazhagam,TVK,Solo,Whistle
49,Jolarpet,Tirupathur,GEN,11.0,KAVITHA C,Independent,IND,Independent,Computer
49,Jolarpet,Tirupathur,GEN,12.0,KAVITHA T,Independent,IND,Independent,Bat
49,Jolarpet,Tirupathur,GEN,13.0,KAMATCHI S,Independent,IND,Independent,Jackfruit
49,Jolarpet,Tirupathur,GEN,14.0,CHENRAYAN A,Independent,IND,Independent,Mike
49,Jolarpet,Tirupathur,GEN,15.0,CHENNA KESAVAN C,Independent,IND,Independent,Diamond
49,Jolarpet,Tirupathur,GEN,16.0,THANGARAJ P,Independent,IND,Independent,Gas cylinder
49,Jolarpet,Tirupathur,GEN,17.0,PRIYA K,Independent,IND,Independent,Ship
49,Jolarpet,Tirupathur,GEN,18.0,MOHANRAJ R,Independent,IND,Independent,Bricks
49,Jolarpet,Tirupathur,GEN,19.0,VEERAMANI H,Independent,IND,Independent,Air conditioner
50,Tirupattur,Tirupathur,GEN,1.0,ARUMUGAM V,Naam Tamilar Katchi,NTK,Solo,Farmer Carrying Plough
50,Tirupattur,Tirupathur,GEN,2.0,NALLATHAMBI A,Dravida Munnetra Kazhagam,DMK,INDIA/SPA,Rising sun
50,Tirupattur,Tirupathur,GEN,3.0,RAJIV GANDHI S,Bahujan Samaj Party,BSP,Solo,Elephant
50,Tirupattur,Tirupathur,GEN,4.0,KALASTHIRI S,All India Uzhavargal Uzhaippalargal Katchi,AIUUK,-,Coconut farm
50,Tirupattur,Tirupathur,GEN,5.0,SATHIYAMOORTHY S,Makkal Nala Kazhagam,MNK,-,Bead necklace
50,Tirupattur,Tirupathur,GEN,6.0,SEKAR N,All India Youth Development Party,AIYDP,-,Diamond
50,Tirupattur,Tirupathur,GEN,7.0,GNANASEKAR A,Amma Makkal Munnetra Kazhagam,AMMK,NDA,Pressure cooker
50,Tirupattur,Tirupathur,GEN,8.0,DR. THIRUPATHI N,Tamilaga Vetri Kazhagam,TVK,Solo,Whistle
50,Tirupattur,Tirupathur,GEN,9.0,RAJESH S,Tamizhaga Vaazhvurimai Katchi,TVaK,-,Camera
50,Tirupattur,Tirupathur,GEN,10.0,VIJAYAKUMAR G,Anaithinthiya Jananayaka Pathukappu Kazhagam,AJPK,-,Gas cylinder
50,Tirupattur,Tirupathur,GEN,11.0,ANJALI M,Independent,IND,Independent,Almirah
50,Tirupattur,Tirupathur,GEN,12.0,GOVIND T G,Independent,IND,Independent,Ludo
50,Tirupattur,Tirupathur,GEN,13.0,SANKAR S,Independent,IND,Independent,Battery Torch
50,Tirupattur,Tirupathur,GEN,14.0,GNANASEKARAN M,Independent,IND,Independent,Balloon
50,Tirupattur,Tirupathur,GEN,15.0,GNANASEKARAN R,Independent,IND,Independent,Chain
50,Tirupattur,Tirupathur,GEN,16.0,THIRUPATHI C,Independent,IND,Independent,Wheel barrow
50,Tirupattur,Tirupathur,GEN,17.0,THIRUPATHI S,Independent,IND,Independent,Road roller
50,Tirupattur,Tirupathur,GEN,18.0,THIRUPATHI N,Independent,IND,Independent,Bucket
50,Tirupattur,Tirupathur,GEN,19.0,NALLATHAMBI R,Independent,IND,Independent,Matchbox
50,Tirupattur,Tirupathur,GEN,20.0,BALABHARATHI S V,Independent,IND,Independent,Mike
50,Tirupattur,Tirupathur,GEN,21.0,DR. POOVALAGI P,Independent,IND,Independent,Ship
50,Tirupattur,Tirupathur,GEN,22.0,MOHAN P R,Independent,IND,Independent,Bat
50,Tirupattur,Tirupathur,GEN,23.0,RAGUJOSEPH J,Independent,IND,Independent,Violin
50,Tirupattur,Tirupathur,GEN,24.0,VENKATESAN K,Independent,IND,Independent,Ring
51,Uthangarai,Krishnagiri,SC,1.0,R. KUPPUSAMY,Indian National Congress,INC,INDIA/SPA,Hand
51,Uthangarai,Krishnagiri,SC,2.0,T. M. TAMILSELVAM,All India Anna Dravida Munnetra Kazhagam,AIADMK,NDA,Two leaves
51,Uthangarai,Krishnagiri,SC,3.0,MEKALA,Naam Tamilar Katchi,NTK,Solo,Farmer Carrying Plough
51,Uthangarai,Krishnagiri,SC,4.0,N. ELAYARAJA,Tamilaga Vetri Kazhagam,TVK,Solo,Whistle
51,Uthangarai,Krishnagiri,SC,5.0,K. THAVARAJ,Tamizhaga Vaazhvurimai Katchi,TVaK,-,Camera
51,Uthangarai,Krishnagiri,SC,6.0,PALANI R,Thakkam Katchi,TK,-,Matchbox
51,Uthangarai,Krishnagiri,SC,7.0,RAMESHWARI,Bharatiya Janata Party,BJP,NDA,Stethoscope
51,Uthangarai,Krishnagiri,SC,8.0,VIJAYAL,Anaithinthiya Jananayaka Pathukappu Kazhagam,AJPK,-,Gas cylinder
51,Uthangarai,Krishnagiri,SC,9.0,KUMARAVEL,Independent,IND,Independent,Mike
51,Uthangarai,Krishnagiri,SC,10.0,A. SAMRAJ,Independent,IND,Independent,Laptop
51,Uthangarai,Krishnagiri,SC,11.0,TAMILMANI,Independent,IND,Independent,Coconut farm
51,Uthangarai,Krishnagiri,SC,12.0,BAKKIYARAJ R,Independent,IND,Independent,Bat
51,Uthangarai,Krishnagiri,SC,13.0,MUNIRAJ,Independent,IND,Independent,Carrom board
52,Bargur,Krishnagiri,GEN,1.0,KAVINKUMAR S,Naam Tamilar Katchi,NTK,Solo,Farmer Carrying Plough
52,Bargur,Krishnagiri,GEN,2.0,E. C. GOVINDARAJAN,All India Anna Dravida Munnetra Kazhagam,AIADMK,NDA,Two leaves
52,Bargur,Krishnagiri,GEN,3.0,D. SIVASANKARAN,Bahujan Samaj Party,BSP,Solo,Elephant
52,Bargur,Krishnagiri,GEN,4.0,D. MATHIAZHAGAN,Dravida Munnetra Kazhagam,DMK,INDIA/SPA,Rising sun
52,Bargur,Krishnagiri,GEN,5.0,S. ALBERT FRANCIS XAVIER,Tamizhaga Vaazhvurimai Katchi,TVaK,-,Camera
52,Bargur,Krishnagiri,GEN,6.0,A. SUDHAKAR,Republican Party of India (Athawale),RPI(A),-,Ganna kisan
52,Bargur,Krishnagiri,GEN,7.0,M. NEDUNCHEZHIAN,Periyar Ambedkar Munnetra Kazhagam (PAMK),PAMK,-,Telephone
52,Bargur,Krishnagiri,GEN,8.0,MANI K,All India Youth Development Party,AIYDP,-,Pen nib with seven rays
52,Bargur,Krishnagiri,GEN,9.0,E. MURALIDHARAN,Tamilaga Vetri Kazhagam,TVK,Solo,Whistle
52,Bargur,Krishnagiri,GEN,10.0,K. ANNADURAI,Independent,IND,Independent,Gas cylinder
52,Bargur,Krishnagiri,GEN,11.0,ANITHA MAYAPERUMAL,Independent,IND,Independent,Ship
52,Bargur,Krishnagiri,GEN,12.0,D. GOVINDARAJAN,Independent,IND,Independent,Jackfruit
52,Bargur,Krishnagiri,GEN,13.0,E. C. GOVINDARAJE,Independent,IND,Independent,Electric pole
52,Bargur,Krishnagiri,GEN,14.0,S. SASIKUMAR,Independent,IND,Independent,Laptop
52,Bargur,Krishnagiri,GEN,15.0,MATHESH R,Independent,IND,Independent,Mike
53,Krishnagiri,Krishnagiri,GEN,1.0,ASHOKKUMAR K,All India Anna Dravida Munnetra Kazhagam,AIADMK,NDA,Two leaves
53,Krishnagiri,Krishnagiri,GEN,2.0,SIVAKUMAR S,Bahujan Samaj Party,BSP,Solo,Elephant
53,Krishnagiri,Krishnagiri,GEN,3.0,SUGANTHI,Naam Tamilar Katchi,NTK,Solo,Farmer Carrying Plough
53,Krishnagiri,Krishnagiri,GEN,4.0,CHELLAKUMAR A,Indian National Congress,INC,INDIA/SPA,Hand
53,Krishnagiri,Krishnagiri,GEN,5.0,SINGARAVELAN VISWANATHAN,Vishva Tamil Kazhagam,VTK,-,Ring
53,Krishnagiri,Krishnagiri,GEN,6.0,MANGAMMAL,Tamilar Makkal Katchi,TMK,-,Well
53,Krishnagiri,Krishnagiri,GEN,7.0,MUKUNDHAN P,Tamilaga Vetri Kazhagam,TVK,Solo,Whistle
53,Krishnagiri,Krishnagiri,GEN,8.0,MUTHULAKSHMI VEERAPPAN,Tamizhaga Vaazhvurimai Katchi,TVaK,-,Camera
53,Krishnagiri,Krishnagiri,GEN,9.0,ADVOCATE MUTHIAH S,Thakkam Katchi,TK,-,Matchbox
53,Krishnagiri,Krishnagiri,GEN,10.0,KUMARESAN M,Independent,IND,Independent,Bat
53,Krishnagiri,Krishnagiri,GEN,11.0,CHANDRAMOHAN K M,Independent,IND,Independent,Gas cylinder
53,Krishnagiri,Krishnagiri,GEN,12.0,SIVAN C,Independent,IND,Independent,Television
53,Krishnagiri,Krishnagiri,GEN,13.0,SRINIVASAN K,Independent,IND,Independent,Coconut farm
53,Krishnagiri,Krishnagiri,GEN,14.0,NANJUNDAN M,Independent,IND,Independent,Electric pole
53,Krishnagiri,Krishnagiri,GEN,15.0,VENKATESH RAJ A E,Independent,IND,Independent,Bucket
54,Veppanahalli,Krishnagiri,GEN,1.0,SRINIVASAN.P.S,Dravida Munnetra Kazhagam,DMK,INDIA/SPA,Rising sun
54,Veppanahalli,Krishnagiri,GEN,2.0,NAGARAJ.R,Naam Tamilar Katchi,NTK,Solo,Farmer Carrying Plough
54,Veppanahalli,Krishnagiri,GEN,3.0,MUNUSAMY.K.P,All India Anna Dravida Munnetra Kazhagam,AIADMK,NDA,Two leaves
54,Veppanahalli,Krishnagiri,GEN,4.0,IYAPPAN.L,Tamizhaga Vaazhvurimai Katchi,TVaK,-,Camera
54,Veppanahalli,Krishnagiri,GEN,5.0,SAMPANGI.S.R,Tamilaga Vettri Kazhagam,TVK,Solo,Whistle
54,Veppanahalli,Krishnagiri,GEN,6.0,SENTHILKUMAR.R,Tamil Nadu Ilangyar Katchi,TNIK,-,Football player
54,Veppanahalli,Krishnagiri,GEN,7.0,PRAJAPATHI VIJAY.C,Tamilar Makkal Katchi,TMK,-,Well
54,Veppanahalli,Krishnagiri,GEN,8.0,ESHWARAN.C,Independent,IND,Independent,Gas cylinder
54,Veppanahalli,Krishnagiri,GEN,9.0,GOVINDARAJ.G.J,Independent,IND,Independent,Tiller
54,Veppanahalli,Krishnagiri,GEN,10.0,MANOHARAN.K.A,Independent,IND,Independent,Sitar
54,Veppanahalli,Krishnagiri,GEN,11.0,YUVARAJ.K.P.U,Independent,IND,Independent,Road roller
54,Veppanahalli,Krishnagiri,GEN,12.0,RAMASAMY.G.C,Independent,IND,Independent,Television
54,Veppanahalli,Krishnagiri,GEN,13.0,VENKATESAN.C,Independent,IND,Independent,Diamond
55,Hosur,Krishnagiri,GEN,1.0,SATHYA S A,Dravida Munnetra Kazhagam,DMK,INDIA/SPA,Rising sun
55,Hosur,Krishnagiri,GEN,2.0,BALAKRISHNAREDDY P,All India Anna Dravida Munnetra Kazhagam,AIADMK,NDA,Two leaves
55,Hosur,Krishnagiri,GEN,3.0,STALIN R,Naam Tamilar Katchi,NTK,Solo,Farmer Carrying Plough
55,Hosur,Krishnagiri,GEN,4.0,SURYA Y,Republican Party of India (Athawale),RPI(A),-,Ganna kisan
55,Hosur,Krishnagiri,GEN,5.0,PONNUMANI R,Tamilar Makkal Katchi,TMK,-,Well
55,Hosur,Krishnagiri,GEN,6.0,VENDARKARASAN S,Tamilaga Vetri Kazhagam,TVK,Solo,Whistle
55,Hosur,Krishnagiri,GEN,7.0,GANESH M,Independent,IND,Independent,Gas cylinder
55,Hosur,Krishnagiri,GEN,8.0,DR. SHANMUGAM A R,Independent,IND,Independent,Chappals
55,Hosur,Krishnagiri,GEN,9.0,DEVPAPY,Independent,IND,Independent,Jackfruit
55,Hosur,Krishnagiri,GEN,10.0,PATTABIRAMA C,Independent,IND,Independent,Camera
55,Hosur,Krishnagiri,GEN,11.0,MASOOD S,Independent,IND,Independent,Battery Torch
55,Hosur,Krishnagiri,GEN,12.0,MARY FRANCIS S,Independent,IND,Independent,Television
55,Hosur,Krishnagiri,GEN,13.0,RAJENDRAN P,Independent,IND,Independent,Coconut farm
56,Thalli,Krishnagiri,GEN,1.0,RAMACHANDRAN T,Communist Party of India,CPI,INDIA/SPA,Ears of corn and sickle
56,Thalli,Krishnagiri,GEN,2.0,NARASIMMA REDDY ALIAS NARASIMMAN R,Naam Tamilar Katchi,NTK,Solo,Farmer Carrying Plough
56,Thalli,Krishnagiri,GEN,3.0,DR. NAGESH KUMAR C,Bharatiya Janata Party,BJP,NDA,Lotus
56,Thalli,Krishnagiri,GEN,4.0,AJITH G,Tamizhaga Vaazhvurimai Katchi,TVaK,-,Camera
56,Thalli,Krishnagiri,GEN,5.0,SURESH G,Tamilaga Vetri Kazhagam,TVK,Solo,Whistle
56,Thalli,Krishnagiri,GEN,6.0,JAYARAM N,Amma Makkal Katchi,AMK,-,Coconut farm
56,Thalli,Krishnagiri,GEN,7.0,ASHARAJA K,Independent,IND,Independent,Ring
56,Thalli,Krishnagiri,GEN,8.0,KUMAR D J,Independent,IND,Independent,Bucket
56,Thalli,Krishnagiri,GEN,9.0,DEWAPPA Y,Independent,IND,Independent,Jackfruit
56,Thalli,Krishnagiri,GEN,10.0,JAGAN M,Independent,IND,Independent,Computer
57,Palacode,Dharmapuri,GEN,1.0,ANBALAGAN K P,All India Anna Dravida Munnetra Kazhagam,AIADMK,NDA,Two leaves
57,Palacode,Dharmapuri,GEN,2.0,DR. D. N. V. SENTHILKUMAR S,Dravida Munnetra Kazhagam,DMK,INDIA/SPA,Rising sun
57,Palacode,Dharmapuri,GEN,3.0,BOOPATHI R,Naam Tamilar Katchi,NTK,Solo,Farmer Carrying Plough
57,Palacode,Dharmapuri,GEN,4.0,GOPI R,Tamilaga Vetri Kazhagam,TVK,Solo,Whistle
57,Palacode,Dharmapuri,GEN,5.0,PALANIYAMMAL M,Tamilar Makkal Katchi,TMK,-,Well
57,Palacode,Dharmapuri,GEN,6.0,RAMESH P,Naadaalum Makkal Katchi,NMK,-,Pen nib with seven rays
57,Palacode,Dharmapuri,GEN,7.0,JAYARAMAN PERUMAL P,Tamizhaga Vaazhvurimai Katchi,TVaK,-,Camera
57,Palacode,Dharmapuri,GEN,8.0,KRISHNAN L,Independent,IND,Independent,Dish antenna
57,Palacode,Dharmapuri,GEN,9.0,CHINNASAMY N,Independent,IND,Independent,Gas cylinder
57,Palacode,Dharmapuri,GEN,10.0,SENTHILKUMAR G,Independent,IND,Independent,Diamond
57,Palacode,Dharmapuri,GEN,11.0,SENTHILKUMAR K,Independent,IND,Independent,Flute
57,Palacode,Dharmapuri,GEN,12.0,PERUMAL MUNUSAMY M,Independent,IND,Independent,Ship
57,Palacode,Dharmapuri,GEN,13.0,MADHAPPAN P,Independent,IND,Independent,Mixee
57,Palacode,Dharmapuri,GEN,14.0,RAMAN M,Independent,IND,Independent,Electric pole
58,Pennagaram,Dharmapuri,GEN,1.0,AJITH KUMAR. S.,Bahujan Samaj Party,BSP,Solo,Elephant
58,Pennagaram,Dharmapuri,GEN,2.0,G. K. M. TAMILKUMARAN,Indian National Congress,INC,INDIA/SPA,Hand
58,Pennagaram,Dharmapuri,GEN,3.0,PALANIYAMMAL. T.,Naam Tamilar Katchi,NTK,Solo,Farmer Carrying Plough
58,Pennagaram,Dharmapuri,GEN,4.0,KANNAN. K.,Tamilar Makkal Katchi,TMK,-,Well
58,Pennagaram,Dharmapuri,GEN,5.0,GAJENDRAN. S.,Tamilaga Vettri Kazhagam,TVK,Solo,Whistle
58,Pennagaram,Dharmapuri,GEN,6.0,SELVAM. V.,Pattali Makkal Katchi,PMK,NDA,Mango
58,Pennagaram,Dharmapuri,GEN,7.0,THAVAMANI. C.,Tamizhaga Vaazhvurimai Katchi,TVaK,-,Camera
58,Pennagaram,Dharmapuri,GEN,8.0,THIRUMURUGAN. P.,Naadaalum Makkal Katchi,NMK,-,Pen nib with seven rays
58,Pennagaram,Dharmapuri,GEN,9.0,ANNAMALAI. M.,Independent,IND,Independent,Diamond
58,Pennagaram,Dharmapuri,GEN,10.0,ARUNKUMAR. G.,Independent,IND,Independent,Binoculars
58,Pennagaram,Dharmapuri,GEN,11.0,ELAVARSAN. A.,Independent,IND,Independent,Bricks
58,Pennagaram,Dharmapuri,GEN,12.0,SAKTHIVEL. M.,Independent,IND,Independent,Gas cylinder
58,Pennagaram,Dharmapuri,GEN,13.0,SELVAM. V.,Independent,IND,Independent,Batsman
58,Pennagaram,Dharmapuri,GEN,14.0,SENDRAYAN. G.,Independent,IND,Independent,Box
58,Pennagaram,Dharmapuri,GEN,15.0,GNANASELVAM. S.,Independent,IND,Independent,Swing
58,Pennagaram,Dharmapuri,GEN,16.0,TAMILARASAN. M.,Independent,IND,Independent,Neck tie
58,Pennagaram,Dharmapuri,GEN,17.0,TAMILSELVI. S.,Independent,IND,Independent,Matchbox
58,Pennagaram,Dharmapuri,GEN,18.0,POOMANI. P.,Independent,IND,Independent,Ship
58,Pennagaram,Dharmapuri,GEN,19.0,MANIVANNAN. S.,Independent,IND,Independent,Road roller
58,Pennagaram,Dharmapuri,GEN,20.0,MANOHARAN. K. A.,Independent,IND,Independent,Sitar
58,Pennagaram,Dharmapuri,GEN,21.0,VILKRISHNAN. R.,Independent,IND,Independent,Scissors
58,Pennagaram,Dharmapuri,GEN,22.0,VEERAPPAN. M.,Independent,IND,Independent,Refrigerator
59,Dharmapuri,Dharmapuri,GEN,1.0,DR. ELANGOVAN. V.,Desiya Murpokku Dravida Kazhagam,DMDK,INDIA/SPA,Nagara
59,Dharmapuri,Dharmapuri,GEN,2.0,SHANTHALAKSHMI. K.,Naam Tamilar Katchi,NTK,Solo,Farmer Carrying Plough
59,Dharmapuri,Dharmapuri,GEN,3.0,SARAVANAN. A.,Aanaithinthiya Jananayaka Pathukappu Kazhagam,AJPK,-,Gas cylinder
59,Dharmapuri,Dharmapuri,GEN,4.0,SIVAGAMI. G.,Tamilar Makkal Katchi,TMK,-,Water tank
59,Dharmapuri,Dharmapuri,GEN,5.0,SIVAN. M.,Tamilaga Vettri Kazhagam,TVK,Solo,Whistle
59,Dharmapuri,Dharmapuri,GEN,6.0,SOWMIYA ANBUMANI,Pattali Makkal Katchi,PMK,NDA,Mango
59,Dharmapuri,Dharmapuri,GEN,7.0,PRASANTH. DBJ.,Tamizhaga Vaazhvurimai Katchi,TVaK,-,Camera
59,Dharmapuri,Dharmapuri,GEN,8.0,MANIKANDAN. S.,Vishwa Tamil Kazhagam,VTK,-,Ring
59,Dharmapuri,Dharmapuri,GEN,9.0,MADHU. P.,Naadaalum Makkal Katchi,NMK,-,Pen nib with seven rays
59,Dharmapuri,Dharmapuri,GEN,10.0,ARUMUGAM. MUNI.,Independent,IND,Independent,Chappals
59,Dharmapuri,Dharmapuri,GEN,11.0,KUMAR. V.,Independent,IND,Independent,Bricks
59,Dharmapuri,Dharmapuri,GEN,12.0,SARAVANAN. G.,Independent,IND,Independent,Noodles bowl
59,Dharmapuri,Dharmapuri,GEN,13.0,SIVAM. R.,Independent,IND,Independent,Frying pan
59,Dharmapuri,Dharmapuri,GEN,14.0,SIVAN. A.,Independent,IND,Independent,Sitar
59,Dharmapuri,Dharmapuri,GEN,15.0,SUNDARAMOORTHY. M.,Independent,IND,Independent,Gas Stove
59,Dharmapuri,Dharmapuri,GEN,16.0,THIRUPATHI. M.,Independent,IND,Independent,Ludo
59,Dharmapuri,Dharmapuri,GEN,17.0,NAGARAJAN. D.,Independent,IND,Independent,Well
59,Dharmapuri,Dharmapuri,GEN,18.0,PALANI. K.,Independent,IND,Independent,Television
59,Dharmapuri,Dharmapuri,GEN,19.0,PRABHAKARAN. M.,Independent,IND,Independent,Capsicum
60,Pappireddippatti,Dharmapuri,GEN,1.0,ARCHANA TAMLARUV,Naam Tamilar Katchi,NTK,Solo,Farmer Carrying Plough
60,Pappireddippatti,Dharmapuri,GEN,2.0,PALANIAPPAN P,Dravida Munnetra Kazhagam,DMK,INDIA/SPA,Rising sun
60,Pappireddippatti,Dharmapuri,GEN,3.0,MARAGATHAM VETRIVEL,All India Anna Dravida Munnetra Kazhagam,AIADMK,NDA,Two leaves
60,Pappireddippatti,Dharmapuri,GEN,4.0,GANESAN S,Vishva Tamil Kazhagam,VTK,-,Ring
60,Pappireddippatti,Dharmapuri,GEN,5.0,CHENNAKRISHNAN V,All India Puratchi Thalaivar Makkal Munnetra Kazhagam,AIPTMK,-,Coconut farm
60,Pappireddippatti,Dharmapuri,GEN,6.0,THILAGAVATHI S,Tamilaga Vetri Kazhagam,TVK,Solo,Whistle
60,Pappireddippatti,Dharmapuri,GEN,7.0,POOVARASU,Tamilar Makkal Katchi,TMK,-,Well
60,Pappireddippatti,Dharmapuri,GEN,8.0,JAMUNARANI M,Naadaalum Makkal Katchi,NMK,-,Pen nib with seven rays
60,Pappireddippatti,Dharmapuri,GEN,9.0,SATHISH S,Independent,IND,Independent,Batsman
60,Pappireddippatti,Dharmapuri,GEN,10.0,CHINNASAMY P,Independent,IND,Independent,Bucket
60,Pappireddippatti,Dharmapuri,GEN,11.0,TAMILRAJ K,Independent,IND,Independent,Gas cylinder
60,Pappireddippatti,Dharmapuri,GEN,12.0,PALANIAPPAN R,Independent,IND,Independent,Diamond
60,Pappireddippatti,Dharmapuri,GEN,13.0,MURUGAN S,Independent,IND,Independent,Bead necklace
60,Pappireddippatti,Dharmapuri,GEN,14.0,MOORTHI P,Independent,IND,Independent,Door bell
61,Harur,Dharmapuri,SC,1.0,MURUGAN.R,Dravida Munnetra Kazhagam,DMK,INDIA/SPA,Rising sun
61,Harur,Dharmapuri,SC,2.0,SAMPATHKUMAR.V,All India Anna Dravida Munnetra Kazhagam,AIADMK,NDA,Two leaves
61,Harur,Dharmapuri,SC,3.0,KANNAN.S,Tamilaga Vettri Kazhagam,TVK,Solo,Whistle
61,Harur,Dharmapuri,SC,4.0,SELVAM.M,Naam Tamilar Katchi,NTK,Solo,Farmer Carrying Plough
61,Harur,Dharmapuri,SC,5.0,KRISHNAN.T,Bahujan Samaj Party,BSP,Solo,Elephant
61,Harur,Dharmapuri,SC,6.0,ANBU.P,Independent,IND,Independent,Diamond
61,Harur,Dharmapuri,SC,7.0,GANESAN.R,Independent,IND,Independent,Letter box
61,Harur,Dharmapuri,SC,8.0,VELU.A,Independent,IND,Independent,Ship
61,Harur,Dharmapuri,SC,9.0,RAJKUMAR.S,Independent,IND,Independent,Batsman
61,Harur,Dharmapuri,SC,10.0,PALANI.M,Independent,IND,Independent,Peas
61,Harur,Dharmapuri,SC,11.0,KANNAN.R,Independent,IND,Independent,Gas cylinder
61,Harur,Dharmapuri,SC,12.0,MURUGAN.S,Independent,IND,Independent,Road roller
61,Harur,Dharmapuri,SC,13.0,SELVAM.T,Independent,IND,Independent,Crane
61,Harur,Dharmapuri,SC,14.0,KRISHNAN.P,Independent,IND,Independent,Water melon
62,Chengam,Tiruvannamalai,SC,1.0,M. P. GIRI,Dravida Munnetra Kazhagam,DMK,INDIA/SPA,Rising sun
62,Chengam,Tiruvannamalai,SC,2.0,S. VELU,All India Anna Dravida Munnetra Kazhagam,AIADMK,NDA,Two leaves
62,Chengam,Tiruvannamalai,SC,3.0,J. SHOBA,Naam Tamilar Katchi,NTK,Solo,Farmer Carrying Plough
62,Chengam,Tiruvannamalai,SC,4.0,C. SELVAN,Republican Party of India (Athawale),RPI(A),-,Ganna kisan
62,Chengam,Tiruvannamalai,SC,5.0,K. BHARATHIDHASAN,Tamilaga Vetri Kazhagam,TVK,Solo,Whistle
62,Chengam,Tiruvannamalai,SC,6.0,K. MANIKANDAN,Makkal Sananayaga Kudiyarasu Katchi,MSKK,-,T.V. Remote
62,Chengam,Tiruvannamalai,SC,7.0,C. MALATHI,Tamizhaga Vaazhvurimai Katchi,TVaK,-,Camera
62,Chengam,Tiruvannamalai,SC,8.0,A. CHIDAMBARAM,Independent,IND,Independent,Sitar
62,Chengam,Tiruvannamalai,SC,9.0,P. SELVAM,Independent,IND,Independent,Gas cylinder
62,Chengam,Tiruvannamalai,SC,10.0,D. DHILIPKUMAR,Independent,IND,Independent,Scissors
62,Chengam,Tiruvannamalai,SC,11.0,A. BHARATHI,Independent,IND,Independent,Tea filter
62,Chengam,Tiruvannamalai,SC,12.0,A. POONGODI,Independent,IND,Independent,Bricks
62,Chengam,Tiruvannamalai,SC,13.0,M. MUGILARASAN,Independent,IND,Independent,Rubber stamp
62,Chengam,Tiruvannamalai,SC,14.0,M. RAMAN MASILAMANI,Independent,IND,Independent,Room cooler
62,Chengam,Tiruvannamalai,SC,15.0,K. VELU,Independent,IND,Independent,Binoculars
63,Tiruvannamalai,Tiruvannamalai,GEN,1.0,ELUMALAI. C,Bharatiya Janata Party,BJP,NDA,Lotus
63,Tiruvannamalai,Tiruvannamalai,GEN,2.0,RAJ. S,Bahujan Samaj Party,BSP,Solo,Elephant
63,Tiruvannamalai,Tiruvannamalai,GEN,3.0,VIGNESH. S,Naam Tamilar Katchi,NTK,Solo,Farmer Carrying Plough
63,Tiruvannamalai,Tiruvannamalai,GEN,4.0,VELU. E.V,Dravida Munnetra Kazhagam,DMK,INDIA/SPA,Rising sun
63,Tiruvannamalai,Tiruvannamalai,GEN,5.0,ARULANMUGAM,Tamilaga Vettri Kazhagam,TVK,Solo,Whistle
63,Tiruvannamalai,Tiruvannamalai,GEN,6.0,KANNAN. P,VeeraTh Thiyagi Viswanatha Doss Thozhilalar Katchi,VTVTK,-,Pestle and mortar
63,Tiruvannamalai,Tiruvannamalai,GEN,7.0,NAKKIRAN. A,Tamizhaga Padhukappu Makkal Katchi,TPMK,-,Drill machine
63,Tiruvannamalai,Tiruvannamalai,GEN,8.0,BENNY RAJAN. C.J,Republican Party of India (Athawale),RPI(A),-,Canna blossom
63,Tiruvannamalai,Tiruvannamalai,GEN,9.0,MALLI. S,Tamizhaga Vaazhvurimai Katchi,TVaK,-,Camera
63,Tiruvannamalai,Tiruvannamalai,GEN,10.0,VIJAYAKUMAR. S,Naadaalum Makkal Katchi,NMK,-,Pen nib with seven rays
63,Tiruvannamalai,Tiruvannamalai,GEN,11.0,VELU. V,Anti Corruption Dynamic Party,ACDP,-,Jackfruit
63,Tiruvannamalai,Tiruvannamalai,GEN,12.0,ARUL. K,Independent,IND,Independent,Tea filter
63,Tiruvannamalai,Tiruvannamalai,GEN,13.0,ARULANAND. V,Independent,IND,Independent,Kettle
63,Tiruvannamalai,Tiruvannamalai,GEN,14.0,ANBALAGAN. M,Independent,IND,Independent,Bell
63,Tiruvannamalai,Tiruvannamalai,GEN,15.0,ADHITHYA PALANISAMY. A,Independent,IND,Independent,Helmet
63,Tiruvannamalai,Tiruvannamalai,GEN,16.0,ANANTH. A. M,Independent,IND,Independent,Dish antenna
63,Tiruvannamalai,Tiruvannamalai,GEN,17.0,ELUMALAI. A S/O ARUMUGAM,Independent,IND,Independent,Electric pole
63,Tiruvannamalai,Tiruvannamalai,GEN,18.0,ELUMALAI. C S/O CHINNAKUZHANTHAI,Independent,IND,Independent,Cauliflower
63,Tiruvannamalai,Tiruvannamalai,GEN,19.0,ELUMALAI. C S/O CHINNARASU,Independent,IND,Independent,Frock
63,Tiruvannamalai,Tiruvannamalai,GEN,20.0,KOTHANDAPANI. B,Independent,IND,Independent,Scissors
63,Tiruvannamalai,Tiruvannamalai,GEN,21.0,SALAM. M,Independent,IND,Independent,Diamond
63,Tiruvannamalai,Tiruvannamalai,GEN,22.0,PALANI. N,Independent,IND,Independent,Television
63,Tiruvannamalai,Tiruvannamalai,GEN,23.0,MAHESWARI. R,Independent,IND,Independent,Chess board
63,Tiruvannamalai,Tiruvannamalai,GEN,24.0,MARIKKANNU. E,Independent,IND,Independent,Funnel
63,Tiruvannamalai,Tiruvannamalai,GEN,25.0,MOORTHY. P,Independent,IND,Independent,Bat
63,Tiruvannamalai,Tiruvannamalai,GEN,26.0,RAMESH. V,Independent,IND,Independent,Pressure cooker
63,Tiruvannamalai,Tiruvannamalai,GEN,27.0,RAJA. V,Independent,IND,Independent,Coconut farm
63,Tiruvannamalai,Tiruvannamalai,GEN,28.0,VIGNESH. M,Independent,IND,Independent,Immersion rod
63,Tiruvannamalai,Tiruvannamalai,GEN,29.0,VENKATESAN. M,Independent,IND,Independent,Brush
63,Tiruvannamalai,Tiruvannamalai,GEN,30.0,VELU. K,Independent,IND,Independent,Bench
64,Kilpennathur,Tiruvannamalai,GEN,1.0,RAMACHANDRAN S,All India Anna Dravida Munnetra Kazhagam,AIADMK,NDA,Two leaves
64,Kilpennathur,Tiruvannamalai,GEN,2.0,PITCHANDI K,Dravida Munnetra Kazhagam,DMK,INDIA/SPA,Rising sun
64,Kilpennathur,Tiruvannamalai,GEN,3.0,LOGANATHAN V,Naam Tamilar Katchi,NTK,Solo,Farmer Carrying Plough
64,Kilpennathur,Tiruvannamalai,GEN,4.0,SHANMUGAM A,Thamizhaga Padaippalar Makkal Katchi,TPMK,-,Drill machine
64,Kilpennathur,Tiruvannamalai,GEN,5.0,RAJASEKAR P,Tamizhaga Vaazhvurimai Katchi,TVaK,-,Camera
64,Kilpennathur,Tiruvannamalai,GEN,6.0,RAJA D,Tamilaga Vetri Kazhagam,TVK,Solo,Whistle
64,Kilpennathur,Tiruvannamalai,GEN,7.0,LOKESHWARAN R,Anti Corruption Dynamic Party,ACDP,-,Water melon
64,Kilpennathur,Tiruvannamalai,GEN,8.0,JANAKIRAMAN R,Anaithinthiya Jananayaka Pathukappu Kazhagam,AJPK,-,Gas cylinder
64,Kilpennathur,Tiruvannamalai,GEN,9.0,ATHIYAMAAN M,Independent,IND,Independent,Batsman
64,Kilpennathur,Tiruvannamalai,GEN,10.0,RAMACHANDRAN K,Independent,IND,Independent,Cauliflower
64,Kilpennathur,Tiruvannamalai,GEN,11.0,SASIKUMAR S,Independent,IND,Independent,Balloon
64,Kilpennathur,Tiruvannamalai,GEN,12.0,SANTHOSH KUMAR E,Independent,IND,Independent,Cot
64,Kilpennathur,Tiruvannamalai,GEN,13.0,SAMPATHRAJ M,Independent,IND,Independent,Capsicum
64,Kilpennathur,Tiruvannamalai,GEN,14.0,SURYAPRAKASH S,Independent,IND,Independent,Tennis racket & ball
64,Kilpennathur,Tiruvannamalai,GEN,15.0,DHILIPKUMAR D,Independent,IND,Independent,Scissors
64,Kilpennathur,Tiruvannamalai,GEN,16.0,PICHANDI D,Independent,IND,Independent,Bread
64,Kilpennathur,Tiruvannamalai,GEN,17.0,PICHANDI R,Independent,IND,Independent,Carrom board
64,Kilpennathur,Tiruvannamalai,GEN,18.0,PICHANDI V,Independent,IND,Independent,Tiller
64,Kilpennathur,Tiruvannamalai,GEN,19.0,MURUGAN M,Independent,IND,Independent,T.V. Remote
64,Kilpennathur,Tiruvannamalai,GEN,20.0,RAMACHANDRAN K,Independent,IND,Independent,Gas stove
64,Kilpennathur,Tiruvannamalai,GEN,21.0,RAMACHANDRAN R,Independent,IND,Independent,Cake
64,Kilpennathur,Tiruvannamalai,GEN,22.0,RAJASEKAR I,Independent,IND,Independent,Road roller
64,Kilpennathur,Tiruvannamalai,GEN,23.0,RAJKUMAR R,Independent,IND,Independent,Diamond
65,Kalasapakkam,Tiruvannamalai,GEN,1.0,AGRI KRISHNAMURTHY S S,All India Anna Dravida Munnetra Kazhagam,AIADMK,NDA,Two leaves
65,Kalasapakkam,Tiruvannamalai,GEN,2.0,SARAVANAN P S T,Dravida Munnetra Kazhagam,DMK,INDIA/SPA,Rising sun
65,Kalasapakkam,Tiruvannamalai,GEN,3.0,SEETHA SIVANANDAM P,Naam Tamilar Katchi,NTK,Solo,Farmer Carrying Plough
65,Kalasapakkam,Tiruvannamalai,GEN,4.0,ELUMALAI P,Tamilaga Vetri Kazhagam,TVK,Solo,Whistle
65,Kalasapakkam,Tiruvannamalai,GEN,5.0,SATHYA V,Naadaalum Makkal Katchi,NMK,-,Pen nib with seven rays
65,Kalasapakkam,Tiruvannamalai,GEN,6.0,SARAVANAN V,Tamizhaga Vaazhvurimai Katchi,TVaK,-,Camera
65,Kalasapakkam,Tiruvannamalai,GEN,7.0,SUMAN M,Anaithinthiya Jananayaka Pathukappu Kazhagam,AJPK,-,Gas cylinder
65,Kalasapakkam,Tiruvannamalai,GEN,8.0,ELUMALAI S,Independent,IND,Independent,Electric pole
65,Kalasapakkam,Tiruvannamalai,GEN,9.0,ELUMALAI T,Independent,IND,Independent,Bucket
65,Kalasapakkam,Tiruvannamalai,GEN,10.0,KAMARAJ G,Independent,IND,Independent,Pressure cooker
65,Kalasapakkam,Tiruvannamalai,GEN,11.0,KRISHNAMURTHY S,Independent,IND,Independent,Noodles bowl
65,Kalasapakkam,Tiruvannamalai,GEN,12.0,KRISHNAMURTHY M,Independent,IND,Independent,Peanuts
65,Kalasapakkam,Tiruvannamalai,GEN,13.0,KRISHNAMURTHY R,Independent,IND,Independent,Peas
65,Kalasapakkam,Tiruvannamalai,GEN,14.0,KOTHANDAPANI B,Independent,IND,Independent,Scissors
65,Kalasapakkam,Tiruvannamalai,GEN,15.0,SARAVANAN K,Independent,IND,Independent,Air conditioner
65,Kalasapakkam,Tiruvannamalai,GEN,16.0,SANTHAKUMARAN A,Independent,IND,Independent,Cot
65,Kalasapakkam,Tiruvannamalai,GEN,17.0,DEIVEEGAN P,Independent,IND,Independent,Almirah
65,Kalasapakkam,Tiruvannamalai,GEN,18.0,BALAJI P,Independent,IND,Independent,Water tank
65,Kalasapakkam,Tiruvannamalai,GEN,19.0,BASKARAN R,Independent,IND,Independent,Well
65,Kalasapakkam,Tiruvannamalai,GEN,20.0,MANIKANDAN K,Independent,IND,Independent,Jackfruit
65,Kalasapakkam,Tiruvannamalai,GEN,21.0,RAJA N,Independent,IND,Independent,Lady finger
66,Polur,Tiruvannamalai,GEN,1.0,UMADEVI A,Naam Tamilar Katchi,NTK,Solo,Farmer Carrying Plough
66,Polur,Tiruvannamalai,GEN,2.0,SARAVANAN P,Desiya Murpokku Dravida Kazhagam,DMDK,INDIA/SPA,Nagara
66,Polur,Tiruvannamalai,GEN,3.0,ABISHEK R,Tamilaga Vetri Kazhagam,TVK,Solo,Whistle
66,Polur,Tiruvannamalai,GEN,4.0,SHANMUGAVELU A,Veerath Thiyagi Viswanathadoss Thozhilalarkal Katchi,VTVTK,-,Pestle and mortar
66,Polur,Tiruvannamalai,GEN,5.0,SYED MUKRAM R N,Tamizhaga Vaazhvurimai Katchi,TVaK,-,Camera
66,Polur,Tiruvannamalai,GEN,6.0,DHAYAMANI P,Anti Corruption Dynamic Party,ACDP,-,Jackfruit
66,Polur,Tiruvannamalai,GEN,7.0,BANUPRIYA D,Republican Party of India (Athawale),RPI(A),-,Ganna kisan
66,Polur,Tiruvannamalai,GEN,8.0,BASKARAN C R,Pattali Makkal Katchi,PMK,NDA,Mango
66,Polur,Tiruvannamalai,GEN,9.0,MANIKANDAN R,Anaithinthiya Jananayaka Pathukappu Kazhagam,AJPK,-,Gas cylinder
66,Polur,Tiruvannamalai,GEN,10.0,EZHILARASU M M A LLM,Independent,IND,Independent,Scissors
66,Polur,Tiruvannamalai,GEN,11.0,SARAVANAN P,Independent,IND,Independent,Noodles bowl
66,Polur,Tiruvannamalai,GEN,12.0,SARAVANAN M,Independent,IND,Independent,Pan
66,Polur,Tiruvannamalai,GEN,13.0,SUBHA A,Independent,IND,Independent,Diamond
66,Polur,Tiruvannamalai,GEN,14.0,BASKARAN C,Independent,IND,Independent,Water melon
66,Polur,Tiruvannamalai,GEN,15.0,PURUSHOTHAMAN M,Independent,IND,Independent,Television
67,Arani,Tiruvannamalai,GEN,1.0,DHAYAMANI R,Naam Tamilar Katchi,NTK,Solo,Farmer Carrying Plough
67,Arani,Tiruvannamalai,GEN,2.0,MAHALAKSHMI GOVARTHANAN,Dravida Munnetra Kazhagam,DMK,INDIA/SPA,Rising sun
67,Arani,Tiruvannamalai,GEN,3.0,JAYASUDHA L,All India Anna Dravida Munnetra Kazhagam,AIADMK,NDA,Two leaves
67,Arani,Tiruvannamalai,GEN,4.0,GANAPATHY S,Thamizhaga Padaippalar Makkal Katchi,TPMK,-,Drill machine
67,Arani,Tiruvannamalai,GEN,5.0,KALAIMANI V,Anaithinthiya Jananayaka Pathukappu Kazhagam,AJPK,-,Gas cylinder
67,Arani,Tiruvannamalai,GEN,6.0,SURESH S,Tamizhaga Vaazhvurimai Katchi,TVaK,-,Camera
67,Arani,Tiruvannamalai,GEN,7.0,SELVAKOTTI E,Veerath Thiyagi Viswanathadoss Thozhilalarkal Katchi,VTVTK,-,Pestle and mortar
67,Arani,Tiruvannamalai,GEN,8.0,TAMILMANNAN D,Samaniya Makkal Nala Katchi,SMNK,-,Walking stick
67,Arani,Tiruvannamalai,GEN,9.0,VENKATESHKUMAR D,Tamilaga Vetri Kazhagam,TVK,Solo,Whistle
67,Arani,Tiruvannamalai,GEN,10.0,AMMU V,Independent,IND,Independent,Scissors
67,Arani,Tiruvannamalai,GEN,11.0,EKAMBARAM V,Independent,IND,Independent,CCTV Camera
67,Arani,Tiruvannamalai,GEN,12.0,SAKTHIVEL S,Independent,IND,Independent,Petrol pump
67,Arani,Tiruvannamalai,GEN,13.0,SARAVANAN S,Independent,IND,Independent,Star
67,Arani,Tiruvannamalai,GEN,14.0,SILAMBARASAN C,Independent,IND,Independent,Electric pole
67,Arani,Tiruvannamalai,GEN,15.0,SUDHA S,Independent,IND,Independent,Pressure cooker
67,Arani,Tiruvannamalai,GEN,16.0,SETHURAMA SASTHIRI G,Independent,IND,Independent,Bucket
67,Arani,Tiruvannamalai,GEN,17.0,DHAMOTHARAN M,Independent,IND,Independent,Peas
67,Arani,Tiruvannamalai,GEN,18.0,BASKARAN S,Independent,IND,Independent,Envelope
67,Arani,Tiruvannamalai,GEN,19.0,MAHALAKSHMI G,Independent,IND,Independent,Battery Torch
67,Arani,Tiruvannamalai,GEN,20.0,MAHALAKSHMI G,Independent,IND,Independent,Capsicum
67,Arani,Tiruvannamalai,GEN,21.0,VINOTH A,Independent,IND,Independent,Grapes
67,Arani,Tiruvannamalai,GEN,22.0,VENKATESAN P,Independent,IND,Independent,Frying pan
67,Arani,Tiruvannamalai,GEN,23.0,JAYANTHI E,Independent,IND,Independent,Tiller
67,Arani,Tiruvannamalai,GEN,24.0,JAYANTHI M,Independent,IND,Independent,Lady finger
68,Cheyyar,Tiruvannamalai,GEN,1.0,TAMILSELVAN M,Naam Tamilar Katchi,NTK,Solo,Farmer Carrying Plough
68,Cheyyar,Tiruvannamalai,GEN,2.0,MUKKUR N. SUBRAMANIAN,All India Anna Dravida Munnetra Kazhagam,AIADMK,NDA,Two leaves
68,Cheyyar,Tiruvannamalai,GEN,3.0,JOTHI O,Dravida Munnetra Kazhagam,DMK,INDIA/SPA,Rising sun
68,Cheyyar,Tiruvannamalai,GEN,4.0,KUTTIMANI S,Veerath Thiyagi Viswanathadoss Thozhilalarkal Katchi,VTVTK,-,Pestle and mortar
68,Cheyyar,Tiruvannamalai,GEN,5.0,CHANDRASEKARAN M,All India Jananayaka Makkal Kazhagam,AIJMK,-,Mixee
68,Cheyyar,Tiruvannamalai,GEN,6.0,SRINIVASAN K,Anaithinthiya Jananayaka Pathukappu Kazhagam,AJPK,-,Gas cylinder
68,Cheyyar,Tiruvannamalai,GEN,7.0,DURUGAN M,Vanchit Bahujan Aghadi,VBA,-,Diamond
68,Cheyyar,Tiruvannamalai,GEN,8.0,DUSIK MOHAN,Tamilaga Vetri Kazhagam,TVK,Solo,Whistle
68,Cheyyar,Tiruvannamalai,GEN,9.0,PALANI M,Tamizhaga Vaazhvurimai Katchi,TVaK,-,Camera
68,Cheyyar,Tiruvannamalai,GEN,10.0,RAGUPATHI S,Anti Corruption Dynamic Party,ACDP,-,Water melon
68,Cheyyar,Tiruvannamalai,GEN,11.0,VENKATESAN V,Anaithindia Samudaya Munnetra Kazhagam,ASMK,-,Tooth brush
68,Cheyyar,Tiruvannamalai,GEN,12.0,ARJUNAN M,Independent,IND,Independent,Scissors
68,Cheyyar,Tiruvannamalai,GEN,13.0,MOHAN R,Independent,IND,Independent,Carrom board
69,Vandavasi,Tiruvannamalai,SC,1.0,AMBETHKUMAR S,Dravida Munnetra Kazhagam,DMK,INDIA/SPA,Rising sun
69,Vandavasi,Tiruvannamalai,SC,2.0,GANESH R,Naam Tamilar Katchi,NTK,Solo,Farmer Carrying Plough
69,Vandavasi,Tiruvannamalai,SC,3.0,RANI P,All India Anna Dravida Munnetra Kazhagam,AIADMK,NDA,Two leaves
69,Vandavasi,Tiruvannamalai,SC,4.0,UDHAYAKUMAR M,Tamilaga Vetri Kazhagam,TVK,Solo,Whistle
69,Vandavasi,Tiruvannamalai,SC,5.0,THAMARAI SELVI S,Tamizhaga Vaazhvurimai Katchi,TVaK,-,Camera
69,Vandavasi,Tiruvannamalai,SC,6.0,MUTHUSELVAM V,Anti Corruption Dynamic Party,ACDP,-,Tiller
69,Vandavasi,Tiruvannamalai,SC,7.0,MUTHUPERUMAL K,Anaithinthiya Jananayaka Pathukappu Kazhagam,AJPK,-,Gas cylinder
69,Vandavasi,Tiruvannamalai,SC,8.0,RAKESH SHARMA R,Thakkam Katchi,TK,-,Matchbox
69,Vandavasi,Tiruvannamalai,SC,9.0,AMBEDKAR T,Independent,IND,Independent,Carrom board
69,Vandavasi,Tiruvannamalai,SC,10.0,ARJUNAN M,Independent,IND,Independent,Scissors
69,Vandavasi,Tiruvannamalai,SC,11.0,UDHAYAKUMAR N,Independent,IND,Independent,Tooth brush
69,Vandavasi,Tiruvannamalai,SC,12.0,KANNIYAPPAN S,Independent,IND,Independent,Saw
69,Vandavasi,Tiruvannamalai,SC,13.0,PONNAMBALAM P,Independent,IND,Independent,Gas stove
69,Vandavasi,Tiruvannamalai,SC,14.0,RANI A,Independent,IND,Independent,Peas
69,Vandavasi,Tiruvannamalai,SC,15.0,JAISANKAR M,Independent,IND,Independent,Pressure cooker
70,Gingee,Viluppuram,GEN,1.0,ADVOCATE KRISHNAN E,Naam Tamilar Katchi,NTK,Solo,Farmer Carrying Plough
70,Gingee,Viluppuram,GEN,2.0,GINGEE MASTHAN K S,Dravida Munnetra Kazhagam,DMK,INDIA/SPA,Rising sun
70,Gingee,Viluppuram,GEN,3.0,RANGARAJAN E,Bahujan Samaj Party,BSP,Solo,Elephant
70,Gingee,Viluppuram,GEN,4.0,RASANAYAGAM N,Tamizhaga Vaazhvurimai Katchi,TVaK,-,Camera
70,Gingee,Viluppuram,GEN,5.0,GANESH KUMAR A,Pattali Makkal Katchi,PMK,NDA,Mango
70,Gingee,Viluppuram,GEN,6.0,SAKTHIVEL A,Thakkam Katchi,TK,-,Matchbox
70,Gingee,Viluppuram,GEN,7.0,CHANDRASEKARAN B,Tamilaga Vetri Kazhagam,TVK,Solo,Whistle
70,Gingee,Viluppuram,GEN,8.0,THANIGAIMALAI R,Anti Corruption Dynamic Party,ACDP,-,Tiller
70,Gingee,Viluppuram,GEN,9.0,PERUMAL N,Anaithinthiya Jananayaka Pathukappu Kazhagam,AJPK,-,Gas cylinder
70,Gingee,Viluppuram,GEN,10.0,MOHAMMAD SIDDIQ M H,Veerath Thiyagi Viswanathadoss Thozhilalarkal Katchi,VTVTK,-,Pestle and mortar
70,Gingee,Viluppuram,GEN,11.0,GOKULRAJ S,Independent,IND,Independent,Grapes
70,Gingee,Viluppuram,GEN,12.0,DEVENDIRAN M,Independent,IND,Independent,Tyres
70,Gingee,Viluppuram,GEN,13.0,BANUKUMAR R,Independent,IND,Independent,Bucket
70,Gingee,Viluppuram,GEN,14.0,PRABAKARAN M,Independent,IND,Independent,Water melon
70,Gingee,Viluppuram,GEN,15.0,POYYATHAPPAN K,Independent,IND,Independent,Gramophone
70,Gingee,Viluppuram,GEN,16.0,MUNUSAMY A,Independent,IND,Independent,Television
70,Gingee,Viluppuram,GEN,17.0,MOHAN A,Independent,IND,Independent,Balloon
70,Gingee,Viluppuram,GEN,18.0,RAMESH R,Independent,IND,Independent,Ship
70,Gingee,Viluppuram,GEN,19.0,SRIDHAR G,Independent,IND,Independent,Capsicum
71,Mailam,Viluppuram,GEN,1.0,SHANMUGAM C V E,All India Anna Dravida Munnetra Kazhagam,AIADMK,NDA,Two leaves
71,Mailam,Viluppuram,GEN,2.0,RANJITH KUMAR M,Bahujan Samaj Party,BSP,Solo,Elephant
71,Mailam,Viluppuram,GEN,3.0,VIDALVIKRAM S,Naam Tamilar Katchi,NTK,Solo,Farmer Carrying Plough
71,Mailam,Viluppuram,GEN,4.0,VENKATESAN L,Desiya Murpokku Dravida Kazhagam,DMDK,INDIA/SPA,Nagara
71,Mailam,Viluppuram,GEN,5.0,AYYANAR N,Anti Corruption Dynamic Party,ACDP,-,Jackfruit
71,Mailam,Viluppuram,GEN,6.0,ANANDHABABU M,Tamizhaga Vaazhvurimai Katchi,TVaK,-,Camera
71,Mailam,Viluppuram,GEN,7.0,SURESH KUMAR S,India Kudiyarasu Katchi,IKK,-,Gas cylinder
71,Mailam,Viluppuram,GEN,8.0,SEKAR NAYAKAR I M,All India Puratchi Thalaivar Makkal Munnetra Kazhagam,AIPTMK,-,Coconut farm
71,Mailam,Viluppuram,GEN,9.0,DIVYA P,Naam Indiar Party,NIP,-,Spanner
71,Mailam,Viluppuram,GEN,10.0,PURUSHOTHAMAN K,Desiya Makkal Sakthi Katchi,DMSK,-,Mike
71,Mailam,Viluppuram,GEN,11.0,MANAVALAN A,Amma MGR Dravida Makkal Kazhagam,AMGRDMK,-,Pan
71,Mailam,Viluppuram,GEN,12.0,VINOTH R,Thakkam Katchi,TK,-,Matchbox
71,Mailam,Viluppuram,GEN,13.0,VIJAY NIRANJAN A,Tamilaga Vetri Kazhagam,TVK,Solo,Whistle
71,Mailam,Viluppuram,GEN,14.0,KARUNANAN K,Independent,IND,Independent,Electric pole
71,Mailam,Viluppuram,GEN,15.0,KRISHNAMURTHY K,Independent,IND,Independent,Diamond
71,Mailam,Viluppuram,GEN,16.0,GOPI V S,Independent,IND,Independent,Bat
71,Mailam,Viluppuram,GEN,17.0,SIVA S,Independent,IND,Independent,Computer
71,Mailam,Viluppuram,GEN,18.0,SUNDAR C,Independent,IND,Independent,Pressure cooker
71,Mailam,Viluppuram,GEN,19.0,TAMIZHARASAN M,Independent,IND,Independent,Pen nib with seven rays
71,Mailam,Viluppuram,GEN,20.0,RANJITH A V,Independent,IND,Independent,Ship
71,Mailam,Viluppuram,GEN,21.0,VIJAYAGANTH K,Independent,IND,Independent,Grapes
72,Tindivanam,Viluppuram,SC,1.0,ARJUNAN P,All India Anna Dravida Munnetra Kazhagam,AIADMK,NDA,Two leaves
72,Tindivanam,Viluppuram,SC,2.0,PACHIMUTHU P,Naam Tamilar Katchi,NTK,Solo,Farmer Carrying Plough
72,Tindivanam,Viluppuram,SC,3.0,VANNIARASU,Viduthalai Chiruthaigal Katchi,VCK,INDIA/SPA,Pot
72,Tindivanam,Viluppuram,SC,4.0,VENKATACHALAPATHY A,Bahujan Samaj Party,BSP,Solo,Elephant
72,Tindivanam,Viluppuram,SC,5.0,SAKTHIVEL S,Tamilaga Vetri Kazhagam,TVK,Solo,Whistle
72,Tindivanam,Viluppuram,SC,6.0,MOHAN A,Makkal Sakthi Katchi,MSK,-,Bell
72,Tindivanam,Viluppuram,SC,7.0,RAMESHWARAN V,Thakkam Katchi,TK,-,Matchbox
72,Tindivanam,Viluppuram,SC,8.0,VANCHINATHAN C,Tamizhaga Vaazhvurimai Katchi,TVaK,-,Camera
72,Tindivanam,Viluppuram,SC,9.0,CHANDRAN A,Independent,IND,Independent,Ship
72,Tindivanam,Viluppuram,SC,10.0,DURAISALAN R,Independent,IND,Independent,Tiffin box
72,Tindivanam,Viluppuram,SC,11.0,DEIVAKUMAR E,Independent,IND,Independent,Kettle
72,Tindivanam,Viluppuram,SC,12.0,PONNUSAMY R,Independent,IND,Independent,Gas cylinder
72,Tindivanam,Viluppuram,SC,13.0,VINOTH S,Independent,IND,Independent,Bucket
72,Tindivanam,Viluppuram,SC,14.0,VISWANATHAN S A,Independent,IND,Independent,Diamond
73,Vanur,Viluppuram,SC,1.0,KARIKALAN B,Naam Tamilar Katchi,NTK,Solo,Farmer Carrying Plough
73,Vanur,Viluppuram,SC,2.0,GOWTHAM D,Dravida Munnetra Kazhagam,DMK,INDIA/SPA,Rising sun
73,Vanur,Viluppuram,SC,3.0,MURUGAN P,All India Anna Dravida Munnetra Kazhagam,AIADMK,NDA,Two leaves
73,Vanur,Viluppuram,SC,4.0,VINAYAGAMOORTHY M,Bahujan Samaj Party,BSP,Solo,Elephant
73,Vanur,Viluppuram,SC,5.0,ANANDAKUMAR P M,Thakkam Katchi,TK,-,Matchbox
73,Vanur,Viluppuram,SC,6.0,SAKTHIVEL S,Tamizhaga Vaazhvurimai Katchi,TVaK,-,Camera
73,Vanur,Viluppuram,SC,7.0,SURESH P,Tamilaga Vetri Kazhagam,TVK,Solo,Whistle
73,Vanur,Viluppuram,SC,8.0,AYYANAR E,Independent,IND,Independent,Chappals
73,Vanur,Viluppuram,SC,9.0,SATHYARAMAN P,Independent,IND,Independent,Diamond
73,Vanur,Viluppuram,SC,10.0,SIVAKUMAR R,Independent,IND,Independent,Scissors
73,Vanur,Viluppuram,SC,11.0,SURESH C V,Independent,IND,Independent,Bead necklace
73,Vanur,Viluppuram,SC,12.0,THANGARASU N,Independent,IND,Independent,Ship
73,Vanur,Viluppuram,SC,13.0,MURALI M,Independent,IND,Independent,Electric pole
73,Vanur,Viluppuram,SC,14.0,RADHIKA S,Independent,IND,Independent,Balloon
73,Vanur,Viluppuram,SC,15.0,VETRIVEL G,Independent,IND,Independent,Sitar
74,Villupuram,Viluppuram,GEN,1.0,ABINAYA PONNIVALAVAN,Naam Tamilar Katchi,NTK,Solo,Farmer Carrying Plough
74,Villupuram,Viluppuram,GEN,2.0,LAKSHMANAN R,Dravida Munnetra Kazhagam,DMK,INDIA/SPA,Rising sun
74,Villupuram,Viluppuram,GEN,3.0,MURUGAN S,Bahujan Samaj Party,BSP,Solo,Elephant
74,Villupuram,Viluppuram,GEN,4.0,VIJAYASEKAR BABU,All India Anna Dravida Munnetra Kazhagam,AIADMK,NDA,Two leaves
74,Villupuram,Viluppuram,GEN,5.0,KUMARAN R,Tamizhaga Vaazhvurimai Katchi,TVaK,-,Camera
74,Villupuram,Viluppuram,GEN,6.0,NAGARAJAN P,Veerath Thiyagi Viswanathadoss Thozhilalarkal Katchi,VTVTK,-,Pestle and mortar
74,Villupuram,Viluppuram,GEN,7.0,MOHANRAJ N,Tamilaga Vetri Kazhagam,TVK,Solo,Whistle
74,Villupuram,Viluppuram,GEN,8.0,AKBAR ALI P,Independent,IND,Independent,Electric pole
74,Villupuram,Viluppuram,GEN,9.0,ARUMUGAM M,Independent,IND,Independent,Pen nib with seven rays
74,Villupuram,Viluppuram,GEN,10.0,RAMAN K,Independent,IND,Independent,Balloon
74,Villupuram,Viluppuram,GEN,11.0,BALAMURUGAN N,Independent,IND,Independent,Coconut farm
74,Villupuram,Viluppuram,GEN,12.0,PRAVEEN KUMAR R,Independent,IND,Independent,Gas stove
74,Villupuram,Viluppuram,GEN,13.0,MOHAMED ALI M M,Independent,IND,Independent,Peas
74,Villupuram,Viluppuram,GEN,14.0,MOHAN C,Independent,IND,Independent,Cauliflower
74,Villupuram,Viluppuram,GEN,15.0,RAGHUL R,Independent,IND,Independent,Battery Torch
74,Villupuram,Viluppuram,GEN,16.0,FAYAZ K,Independent,IND,Independent,Air conditioner
74,Villupuram,Viluppuram,GEN,17.0,RAJKUMAR S,Independent,IND,Independent,Pressure cooker
74,Villupuram,Viluppuram,GEN,18.0,LAKSHMANAN R,Independent,IND,Independent,Cake
74,Villupuram,Viluppuram,GEN,19.0,LAKSHMANAN K,Independent,IND,Independent,Diamond
74,Villupuram,Viluppuram,GEN,20.0,LAKSHMANAN R,Independent,IND,Independent,Gas cylinder
74,Villupuram,Viluppuram,GEN,21.0,VIJAYA K,Independent,IND,Independent,Mike
74,Villupuram,Viluppuram,GEN,22.0,VIJAYA D,Independent,IND,Independent,Capsicum
74,Villupuram,Viluppuram,GEN,23.0,VIJAYA M,Independent,IND,Independent,Gramophone
74,Villupuram,Viluppuram,GEN,24.0,VIJAYA M,Independent,IND,Independent,Nail cutter
75,Vikravandi,Viluppuram,GEN,1.0,INBAHASAN G,Bahujan Samaj Party,BSP,Solo,Elephant
75,Vikravandi,Viluppuram,GEN,2.0,ANNIYUR SIVA @ SIVASHANMUGAM A,Dravida Munnetra Kazhagam,DMK,INDIA/SPA,Rising sun
75,Vikravandi,Viluppuram,GEN,3.0,SUBHA CHANDRASEKARAN A,Naam Tamilar Katchi,NTK,Solo,Farmer Carrying Plough
75,Vikravandi,Viluppuram,GEN,4.0,SIVAKUMAR C,Pattali Makkal Katchi,PMK,NDA,Mango
75,Vikravandi,Viluppuram,GEN,5.0,SETTU C,Tamizhaga Vaazhvurimai Katchi,TVaK,-,Camera
75,Vikravandi,Viluppuram,GEN,6.0,THAMIZHVENGAI K A,Desiya Makkal Sakthi Katchi,DMSK,-,Football player
75,Vikravandi,Viluppuram,GEN,7.0,BACKIYALAKSHMI C,Thakkam Katchi,TK,-,Matchbox
75,Vikravandi,Viluppuram,GEN,8.0,MOHAMMAD SIDDIQ M H,Veerath Thiyagi Viswanathadoss Thozhilalarkal Katchi,VTVTK,-,Pestle and mortar
75,Vikravandi,Viluppuram,GEN,9.0,RAMACHANDRAN P,Anti Corruption Dynamic Party,ACDP,-,Capsicum
75,Vikravandi,Viluppuram,GEN,10.0,VIJAYA VADIVELA,Tamilaga Vetri Kazhagam,TVK,Solo,Whistle
75,Vikravandi,Viluppuram,GEN,11.0,STALIN D,Anaithinthiya Jananayaka Pathukappu Kazhagam,AJPK,-,Gas cylinder
75,Vikravandi,Viluppuram,GEN,12.0,YESURIAH M,Independent,IND,Independent,Baby walker
75,Vikravandi,Viluppuram,GEN,13.0,GOKULRAJ B,Independent,IND,Independent,Balloon
75,Vikravandi,Viluppuram,GEN,14.0,SAKTHIVEL A,Independent,IND,Independent,Ship
75,Vikravandi,Viluppuram,GEN,15.0,SANMUGAM B,Independent,IND,Independent,Diamond
75,Vikravandi,Viluppuram,GEN,16.0,SHANMUGAM P,Independent,IND,Independent,Bead necklace
75,Vikravandi,Viluppuram,GEN,17.0,SHANMUGAM R,Independent,IND,Independent,Cauliflower
75,Vikravandi,Viluppuram,GEN,18.0,SIVAKUMAR S,Independent,IND,Independent,Kettle
75,Vikravandi,Viluppuram,GEN,19.0,SELVAKUMAR S,Independent,IND,Independent,Bucket
75,Vikravandi,Viluppuram,GEN,20.0,TAMILSELVAN D,Independent,IND,Independent,Grapes
75,Vikravandi,Viluppuram,GEN,21.0,PRABHAKARAN D,Independent,IND,Independent,Electric pole
75,Vikravandi,Viluppuram,GEN,22.0,MURUGAN C,Independent,IND,Independent,Road roller
75,Vikravandi,Viluppuram,GEN,23.0,RAMACHANDRAN A,Independent,IND,Independent,Chappals
75,Vikravandi,Viluppuram,GEN,24.0,RAJARAM M,Independent,IND,Independent,CCTV Camera
76,Tirukkoyilur,Kallakurichi,GEN,1.0,GOVINDHAKANNAN M,Bahujan Samaj Party,BSP,Solo,Elephant
76,Tirukkoyilur,Kallakurichi,GEN,2.0,DR. PON GAUTHAMSIGAMANI,Dravida Munnetra Kazhagam,DMK,INDIA/SPA,Rising sun
76,Tirukkoyilur,Kallakurichi,GEN,3.0,PALANISAMY S,All India Anna Dravida Munnetra Kazhagam,AIADMK,NDA,Two leaves
76,Tirukkoyilur,Kallakurichi,GEN,4.0,HEMARAJAN K,Naam Tamilar Katchi,NTK,Solo,Farmer Carrying Plough
76,Tirukkoyilur,Kallakurichi,GEN,5.0,SELVAM K,Veerath Thiyagi Viswanathadoss Thozhilalarkal Katchi,VTVTK,-,Pestle and mortar
76,Tirukkoyilur,Kallakurichi,GEN,6.0,TAMILSELVAM R,Tamizhaga Vaazhvurimai Katchi,TVaK,-,Camera
76,Tirukkoyilur,Kallakurichi,GEN,7.0,VIJAY R BARANIBALAJI,Tamilaga Vetri Kazhagam,TVK,Solo,Whistle
76,Tirukkoyilur,Kallakurichi,GEN,8.0,EDWIN ABINESH A,Independent,IND,Independent,Bicycle pump
76,Tirukkoyilur,Kallakurichi,GEN,9.0,KARTHICK S,Independent,IND,Independent,Fountain
76,Tirukkoyilur,Kallakurichi,GEN,10.0,GOWTHAM S,Independent,IND,Independent,Dish antenna
76,Tirukkoyilur,Kallakurichi,GEN,11.0,PALANISAMY E,Independent,IND,Independent,Grapes
76,Tirukkoyilur,Kallakurichi,GEN,12.0,PRABHAKARAN V I,Independent,IND,Independent,Gas cylinder
76,Tirukkoyilur,Kallakurichi,GEN,13.0,RAVICHANDRAN G,Independent,IND,Independent,Ship
76,Tirukkoyilur,Kallakurichi,GEN,14.0,RAMAKRISHNAN M,Independent,IND,Independent,Tiller
76,Tirukkoyilur,Kallakurichi,GEN,15.0,VIJAYAMOORTHI E,Independent,IND,Independent,Chappals
77,Ulundurpettai,Kallakurichi,GEN,1.0,KUMARAGURU R,All India Anna Dravida Munnetra Kazhagam,AIADMK,NDA,Two leaves
77,Ulundurpettai,Kallakurichi,GEN,2.0,LOGESHWARI S,Naam Tamilar Katchi,NTK,Solo,Farmer Carrying Plough
77,Ulundurpettai,Kallakurichi,GEN,3.0,VASANTHAVEL G R,Dravida Munnetra Kazhagam,DMK,INDIA/SPA,Rising sun
77,Ulundurpettai,Kallakurichi,GEN,4.0,UDHAYAKUMAR R,All India Puratchi Thalaivar Makkal Munnetra Kazhagam,AIPTMK,-,Coconut farm
77,Ulundurpettai,Kallakurichi,GEN,5.0,SUDHAKAR M,Tamilaga Vetri Kazhagam,TVK,Solo,Whistle
77,Ulundurpettai,Kallakurichi,GEN,6.0,BALAKRISHNAN K,Amma Makkal Katchi,AMK,-,Letter box
77,Ulundurpettai,Kallakurichi,GEN,7.0,ARASAN K,Independent,IND,Independent,Jackfruit
77,Ulundurpettai,Kallakurichi,GEN,8.0,KRISHNAMOORTHY V,Independent,IND,Independent,Pen nib with seven rays
77,Ulundurpettai,Kallakurichi,GEN,9.0,SANKAR S,Independent,IND,Independent,Road roller
77,Ulundurpettai,Kallakurichi,GEN,10.0,SASIKUMAR N,Independent,IND,Independent,Camera
77,Ulundurpettai,Kallakurichi,GEN,11.0,SENTHIL P,Independent,IND,Independent,Violin
77,Ulundurpettai,Kallakurichi,GEN,12.0,PARTHIBAN V,Independent,IND,Independent,Electric pole
77,Ulundurpettai,Kallakurichi,GEN,13.0,MANIKANDAN P,Independent,IND,Independent,Ship
77,Ulundurpettai,Kallakurichi,GEN,14.0,RAMAKRISHNAN R,Independent,IND,Independent,Gas cylinder
78,Rishivandiyam,Kallakurichi,GEN,1.0,KARTHIKEYAN K,Dravida Munnetra Kazhagam,DMK,INDIA/SPA,Rising sun
78,Rishivandiyam,Kallakurichi,GEN,2.0,BALAKRISHNAN A,Bahujan Samaj Party,BSP,Solo,Elephant
78,Rishivandiyam,Kallakurichi,GEN,3.0,RADHIKA P,Naam Tamilar Katchi,NTK,Solo,Farmer Carrying Plough
78,Rishivandiyam,Kallakurichi,GEN,4.0,ASHOK KUMAR G,Tamilaga Vetri Kazhagam,TVK,Solo,Whistle
78,Rishivandiyam,Kallakurichi,GEN,5.0,ARUMUGAM G,Parivartan Rajini Party,PRP,-,Bat
78,Rishivandiyam,Kallakurichi,GEN,6.0,SANKAR R,Tamizhaga Vaazhvurimai Katchi,TVaK,-,Camera
78,Rishivandiyam,Kallakurichi,GEN,7.0,SEVVANTHAGI K,Amma Makkal Katchi,AMK,-,Letter box
78,Rishivandiyam,Kallakurichi,GEN,8.0,CHEZHIYAN P,Pattali Makkal Katchi,PMK,NDA,Mango
78,Rishivandiyam,Kallakurichi,GEN,9.0,RANGANATHAN N,All India Puratchi Thalaivar Makkal Munnetra Kazhagam,AIPTMK,-,Coconut farm
78,Rishivandiyam,Kallakurichi,GEN,10.0,VENKATRAMAN J,Naadaalum Makkal Katchi,NMK,-,Pen nib with seven rays
78,Rishivandiyam,Kallakurichi,GEN,11.0,ANBU D,Independent,IND,Independent,Grapes
78,Rishivandiyam,Kallakurichi,GEN,12.0,ANBUMURUGAN S,Independent,IND,Independent,Water melon
78,Rishivandiyam,Kallakurichi,GEN,13.0,KARTHIKEYAN A,Independent,IND,Independent,Calculator
78,Rishivandiyam,Kallakurichi,GEN,14.0,KARTHIKEYAN V,Independent,IND,Independent,Cauliflower
78,Rishivandiyam,Kallakurichi,GEN,15.0,GOWTHAM C,Independent,IND,Independent,Water tank
78,Rishivandiyam,Kallakurichi,GEN,16.0,SENTHILKUMAR V N,Independent,IND,Independent,Ship
78,Rishivandiyam,Kallakurichi,GEN,17.0,SELVARAJ P,Independent,IND,Independent,Gas cylinder
78,Rishivandiyam,Kallakurichi,GEN,18.0,SEZHIYAN K,Independent,IND,Independent,Balloon
78,Rishivandiyam,Kallakurichi,GEN,19.0,NARAYANAN L,Independent,IND,Independent,Box
78,Rishivandiyam,Kallakurichi,GEN,20.0,MANIKANDAN C,Independent,IND,Independent,Scissors
78,Rishivandiyam,Kallakurichi,GEN,21.0,MARIKKANNU A,Independent,IND,Independent,Pan
78,Rishivandiyam,Kallakurichi,GEN,22.0,RAJA K,Independent,IND,Independent,Bricks
78,Rishivandiyam,Kallakurichi,GEN,23.0,RAJA S,Independent,IND,Independent,Belt
78,Rishivandiyam,Kallakurichi,GEN,24.0,VINOTH S,Independent,IND,Independent,Frock
78,Rishivandiyam,Kallakurichi,GEN,25.0,VIJAYAKUMAR G,Independent,IND,Independent,Bread
79,Sankarapuram,Kallakurichi,GEN,1.0,UDHAYASURIYAN T,Dravida Munnetra Kazhagam,DMK,INDIA/SPA,Rising sun
79,Sankarapuram,Kallakurichi,GEN,2.0,SUDHA M,Bahujan Samaj Party,BSP,Solo,Elephant
79,Sankarapuram,Kallakurichi,GEN,3.0,RAMESH K,Naam Tamilar Katchi,NTK,Solo,Farmer Carrying Plough
79,Sankarapuram,Kallakurichi,GEN,4.0,RAKESH R,All India Anna Dravida Munnetra Kazhagam,AIADMK,NDA,Two leaves
79,Sankarapuram,Kallakurichi,GEN,5.0,RAMACHANDIRAN M,Tamizhaga Vaazhvurimai Katchi,TVaK,-,Camera
79,Sankarapuram,Kallakurichi,GEN,6.0,GANGASEKAR A,MAKKAL SAKTHI KATCHI,MSK,-,Mike
79,Sankarapuram,Kallakurichi,GEN,7.0,SANNIYASI N,Veerath Thiyagi Viswanathadoss Thozhilalarkal Katchi,VTVTK,-,Pestle and mortar
79,Sankarapuram,Kallakurichi,GEN,8.0,NADARAJAN K,All India Puratchi Thalaivar Makkal Munnetra Kazhagam,AIPTMK,-,Coconut farm
79,Sankarapuram,Kallakurichi,GEN,9.0,JAGADESAN A,Tamilaga Vettri Kazhagam,TVK,Solo,Whistle
79,Sankarapuram,Kallakurichi,GEN,10.0,ANBAZHAGAN S,Independent,IND,Independent,Grapes
79,Sankarapuram,Kallakurichi,GEN,11.0,KAVIKUIL V,Independent,IND,Independent,Ship
79,Sankarapuram,Kallakurichi,GEN,12.0,SAMIKKANNU M,Independent,IND,Independent,Gas Stove
79,Sankarapuram,Kallakurichi,GEN,13.0,DURAI EZHILAN P,Independent,IND,Independent,Electric pole
79,Sankarapuram,Kallakurichi,GEN,14.0,PACHAIYAPPAN K,Independent,IND,Independent,Peas
79,Sankarapuram,Kallakurichi,GEN,15.0,MANI G,Independent,IND,Independent,Ring
79,Sankarapuram,Kallakurichi,GEN,16.0,MANIKANDAN P,Independent,IND,Independent,Gift pack
79,Sankarapuram,Kallakurichi,GEN,17.0,MAYILAMPARAI MARIA A,Independent,IND,Independent,Pan
79,Sankarapuram,Kallakurichi,GEN,18.0,DR.MURUGU K,Independent,IND,Independent,Gas cylinder
79,Sankarapuram,Kallakurichi,GEN,19.0,VIGNESH R,Independent,IND,Independent,Box
79,Sankarapuram,Kallakurichi,GEN,20.0,VIJAY J,Independent,IND,Independent,Pen nib with seven rays
79,Sankarapuram,Kallakurichi,GEN,21.0,JAYAPRAKASH K,Independent,IND,Independent,Truck
79,Sankarapuram,Kallakurichi,GEN,22.0,HARUN RASHEETH J,Independent,IND,Independent,Bat
80,Kallakurichi,Kallakurichi,SC,1.0,NAGAMMAL R,Naam Tamilar Katchi,NTK,Solo,Farmer Carrying Plough
80,Kallakurichi,Kallakurichi,SC,2.0,MALATHI K,Viduthalai Chiruthaigal Katchi,VCK,INDIA/SPA,Pot
80,Kallakurichi,Kallakurichi,SC,3.0,RAJEEVGANDHI S,All India Anna Dravida Munnetra Kazhagam,AIADMK,NDA,Two leaves
80,Kallakurichi,Kallakurichi,SC,4.0,ARUL VIGNESH,Tamilaga Vettri Kazhagam,TVK,Solo,Whistle
80,Kallakurichi,Kallakurichi,SC,5.0,SELVARAJ M,Independent,IND,Independent,Cot
80,Kallakurichi,Kallakurichi,SC,6.0,PRABU C,Independent,IND,Independent,Well
80,Kallakurichi,Kallakurichi,SC,7.0,MALATHI K,Independent,IND,Independent,Bucket
80,Kallakurichi,Kallakurichi,SC,8.0,RAJIVGANDHI S,Independent,IND,Independent,Funnel
80,Kallakurichi,Kallakurichi,SC,9.0,RAJIVGANDHI P,Independent,IND,Independent,Balloon
80,Kallakurichi,Kallakurichi,SC,10.0,VASANTHAKUMAR S,Independent,IND,Independent,Ship
80,Kallakurichi,Kallakurichi,SC,11.0,VIGNESH G,Independent,IND,Independent,CCTV Camera
81,Gangavalli,Salem,SC,1.0,ABIRAMI. A,Naam Tamilar Katchi,NTK,Solo,Farmer Carrying Plough
81,Gangavalli,Salem,SC,2.0,CHINNADURAI. K,Dravida Munnetra Kazhagam,DMK,INDIA/SPA,Rising sun
81,Gangavalli,Salem,SC,3.0,NALLATHAMBI. A,All India Anna Dravida Munnetra Kazhagam,AIADMK,NDA,Two leaves
81,Gangavalli,Salem,SC,4.0,BALAKRISHNAN. P,Bahujan Samaj Party,BSP,Solo,Elephant
81,Gangavalli,Salem,SC,5.0,ANBAZHAGAN. S,Anna Makkal Katchi,AMK,-,Letter box
81,Gangavalli,Salem,SC,6.0,KAVIARASAN. T.T,Tamizhaga Vaazhvurimai Katchi,TVaK,-,Camera
81,Gangavalli,Salem,SC,7.0,SUJATHA. V,Tamilaga Vettri Kazhagam,TVK,Solo,Whistle
81,Gangavalli,Salem,SC,8.0,MARIMUTHU. S,Puthiya Tamilagam,PT,-,Gas cylinder
81,Gangavalli,Salem,SC,9.0,KANNAN. S,Independent,IND,Independent,Sitar
81,Gangavalli,Salem,SC,10.0,GUNAPRAKASH. D,Independent,IND,Independent,Box
81,Gangavalli,Salem,SC,11.0,TAMILARASAN. T,Independent,IND,Independent,Brush
81,Gangavalli,Salem,SC,12.0,DHANAPAL. S,Independent,IND,Independent,Balloon
81,Gangavalli,Salem,SC,13.0,RAMESH. S,Independent,IND,Independent,Grapes
82,Attur,Salem,SC,1.0,ARTHANARI. S.K.,Indian National Congress,INC,INDIA/SPA,Hand
82,Attur,Salem,SC,2.0,SELLAMMAL. V.M.,Bahujan Samaj Party,BSP,Solo,Elephant
82,Attur,Salem,SC,3.0,MONISHA CHINNADURAI.,Naam Tamilar Katchi,NTK,Solo,Farmer Carrying Plough
82,Attur,Salem,SC,4.0,JAYASANKARAN. A.P.,All India Anna Dravida Munnetra Kazhagam,AIADMK,NDA,Two leaves
82,Attur,Salem,SC,5.0,SELVABHARATHI. R.,Tamilaga Vettri Kazhagam,TVK,Solo,Whistle
82,Attur,Salem,SC,6.0,PALANIYAMMAL. S.,Desiya Makkal Sakthi Katchi,DMSK,-,Balloon
82,Attur,Salem,SC,7.0,RAMESH. G.,Tamizhaga Vaazhvurimai Katchi,TVaK,-,Camera
82,Attur,Salem,SC,8.0,SELVAKANNAN. L.,Independent,IND,Independent,Coat
82,Attur,Salem,SC,9.0,POOMALAI. C.,Independent,IND,Independent,Pressure cooker
82,Attur,Salem,SC,10.0,MANIKANDAN. M.,Independent,IND,Independent,Chess board
82,Attur,Salem,SC,11.0,MANIMARAN. A.,Independent,IND,Independent,Ring
82,Attur,Salem,SC,12.0,MANICKAM. K.,Independent,IND,Independent,Air conditioner
82,Attur,Salem,SC,13.0,RAJESHKANNAN. K.,Independent,IND,Independent,Sitar
82,Attur,Salem,SC,14.0,VARATHARAJ. G.,Independent,IND,Independent,Gas cylinder
82,Attur,Salem,SC,15.0,JAGAN. T.,Independent,IND,Independent,Bat
83,Yercaud,Salem,ST,1.0,P.USHARANI,All India Anna Dravida Munnetra Kazhagam,AIADMK,NDA,Two leaves
83,Yercaud,Salem,ST,2.0,K.PALANISAMY,Bahujan Samaj Party,BSP,Solo,Elephant
83,Yercaud,Salem,ST,3.0,PALANISAMY.M,Naam Tamilar Katchi,NTK,Solo,Farmer Carrying Plough
83,Yercaud,Salem,ST,4.0,T.M.REVATHI,Dravida Munnetra Kazhagam,DMK,INDIA/SPA,Rising sun
83,Yercaud,Salem,ST,5.0,C.GOPI,Communist Party of India (Marxist-Leninist) (Liberation),CPI(ML)L,-,Flag with three stars
83,Yercaud,Salem,ST,6.0,J.LAKSHMI JANARTHANAN,Tamilaga Vettri Kazhagam,TVK,Solo,Whistle
83,Yercaud,Salem,ST,7.0,T.VENGATESHSAN,Tamizhaga Vaazhvurimai Katchi,TVaK,-,Camera
83,Yercaud,Salem,ST,8.0,N.KARTHIK,Independent,IND,Independent,Flute
83,Yercaud,Salem,ST,9.0,A.KALIYAPPAN,Independent,IND,Independent,Tray
83,Yercaud,Salem,ST,10.0,THANGADURAI.N,Independent,IND,Independent,Wallet
83,Yercaud,Salem,ST,11.0,K.PAZHANIVEL,Independent,IND,Independent,Belt
83,Yercaud,Salem,ST,12.0,N.VIJAYAKUMAR,Independent,IND,Independent,Cake
83,Yercaud,Salem,ST,13.0,S.VENKATESAN,Independent,IND,Independent,Diamond
84,Omalur,Salem,GEN,1.0,ELANGOVAN. A.R,Desiya Murpokku Dravida Kazhagam,DMDK,INDIA/SPA,Nagara
84,Omalur,Salem,GEN,2.0,SIVASAKTHI. M,Naam Tamilar Katchi,NTK,Solo,Farmer Carrying Plough
84,Omalur,Salem,GEN,3.0,MANI. R,All India Anna Dravida Munnetra Kazhagam,AIADMK,NDA,Two leaves
84,Omalur,Salem,GEN,4.0,ADHIYAMAAN. R.V,Tamilaga Vettri Kazhagam,TVK,Solo,Whistle
84,Omalur,Salem,GEN,5.0,KRISHMOORTHY. D,Tamizhaga Vaazhvurimai Katchi,TVaK,-,Camera
84,Omalur,Salem,GEN,6.0,SURESHKUMAR. S,Aanaithinthiya Jananayaka Pathukappu Kazhagam,AJPK,-,Gas cylinder
84,Omalur,Salem,GEN,7.0,ARULPRAKASH. T,Independent,IND,Independent,Bucket
84,Omalur,Salem,GEN,8.0,GOBINATHAN. R,Independent,IND,Independent,Tea filter
84,Omalur,Salem,GEN,9.0,SANTHALINGAM. C,Independent,IND,Independent,Colour tray & brush
84,Omalur,Salem,GEN,10.0,PERUMAL. S,Independent,IND,Independent,Ship
84,Omalur,Salem,GEN,11.0,MANI. V,Independent,IND,Independent,Coconut farm
84,Omalur,Salem,GEN,12.0,MANOKARAN. A,Independent,IND,Independent,Electric pole
84,Omalur,Salem,GEN,13.0,MAYAKKANNAN. R,Independent,IND,Independent,Truck
84,Omalur,Salem,GEN,14.0,MOHANRAJ. P.M,Independent,IND,Independent,Bat
84,Omalur,Salem,GEN,15.0,JEGANATHAN. A,Independent,IND,Independent,Battery Torch
85,Mettur,Salem,GEN,1.0,MIDHUN CHAKRAVARTHY.M,Dravida Munnetra Kazhagam,DMK,INDIA/SPA,Rising sun
85,Mettur,Salem,GEN,2.0,VIDHYA VEERAPPAN,Naam Tamilar Katchi,NTK,Solo,Farmer Carrying Plough
85,Mettur,Salem,GEN,3.0,VENKATACHALAM.G,All India Anna Dravida Munnetra Kazhagam,AIADMK,NDA,Two leaves
85,Mettur,Salem,GEN,4.0,SELVAM.K,Tamilaga Vettri Kazhagam,TVK,Solo,Whistle
85,Mettur,Salem,GEN,5.0,PERIYAPONNU.O,Tamizhaga Vaazhvurimai Katchi,TVaK,-,Camera
85,Mettur,Salem,GEN,6.0,VELU.A,Vada Tamil Nadu Munnetra Katchi,VTMK,-,Bat
85,Mettur,Salem,GEN,7.0,KANNAN.M,Independent,IND,Independent,Tiller
85,Mettur,Salem,GEN,8.0,KANNAN.R,Independent,IND,Independent,Flute
85,Mettur,Salem,GEN,9.0,KRISHNAMOORTHY.P,Independent,IND,Independent,Peas
85,Mettur,Salem,GEN,10.0,SARAVANAKUMAR.M,Independent,IND,Independent,Diamond
85,Mettur,Salem,GEN,11.0,CHITHAMBARAM.A,Independent,IND,Independent,Throwing a javelin
85,Mettur,Salem,GEN,12.0,DURAIRAJ.V,Independent,IND,Independent,Gas cylinder
85,Mettur,Salem,GEN,13.0,DR.K.PADMARAJAN,Independent,IND,Independent,Tyres
85,Mettur,Salem,GEN,14.0,PRABAKARAN.S,Independent,IND,Independent,Coconut farm
85,Mettur,Salem,GEN,15.0,MURUGAN.P,Independent,IND,Independent,Bricks
85,Mettur,Salem,GEN,16.0,RAMKUMAR.D.M,Independent,IND,Independent,Laptop
85,Mettur,Salem,GEN,17.0,VENKATASALAM.G,Independent,IND,Independent,Electric pole
85,Mettur,Salem,GEN,18.0,JAGANATHAN.A,Independent,IND,Independent,Bucket
86,Edappadi,Salem,GEN,1.0,KASI. C,Dravida Munnetra Kazhagam,DMK,INDIA/SPA,Rising sun
86,Edappadi,Salem,GEN,2.0,EDAPPADI PALANISWAMI. K,All India Anna Dravida Munnetra Kazhagam,AIADMK,NDA,Two leaves
86,Edappadi,Salem,GEN,3.0,PRIYADHARSHINI. A,Naam Tamilar Katchi,NTK,Solo,Farmer Carrying Plough
86,Edappadi,Salem,GEN,4.0,GOVINDARAJ.V,Tamizhaga Vaazhvurimai Katchi,TVaK,-,Camera
86,Edappadi,Salem,GEN,5.0,SURESH. L,All India Puratchi Thalaivar Makkal Munnetra Kazhagam,AIPTMK,-,Coconut farm
86,Edappadi,Salem,GEN,6.0,ELUMALAI. P,Independent,IND,Independent,Gas cylinder
86,Edappadi,Salem,GEN,7.0,IYYAPPAN PERUMAL. P,Independent,IND,Independent,Tea filter
86,Edappadi,Salem,GEN,8.0,KUMARESAN. M,Independent,IND,Independent,Ring
86,Edappadi,Salem,GEN,9.0,SAKTHIVEL. S,Independent,IND,Independent,Bucket
86,Edappadi,Salem,GEN,10.0,SUBRAMANI. P,Independent,IND,Independent,Battery Torch
86,Edappadi,Salem,GEN,11.0,THULASIMANI. P,Independent,IND,Independent,Telephone
86,Edappadi,Salem,GEN,12.0,PREMKUMAR. K,Independent,IND,Independent,Television
86,Edappadi,Salem,GEN,13.0,MURUGAN. C,Independent,IND,Independent,Bat
86,Edappadi,Salem,GEN,14.0,STUDENT'S FRIEND MURUGAN. M,Independent,IND,Independent,Diamond
86,Edappadi,Salem,GEN,15.0,RAJA. K. B.SC. B.TECH. EX.INAS,Independent,IND,Independent,Pen nib with seven rays
87,Sankari,Salem,GEN,1.0,SETTUMUTHU. V,Bahujan Samaj Party,BSP,Solo,Elephant
87,Sankari,Salem,GEN,2.0,NITHYA. A,Naam Tamilar Katchi,NTK,Solo,Farmer Carrying Plough
87,Sankari,Salem,GEN,3.0,MANIKANDAN. M,Dravida Munnetra Kazhagam,DMK,INDIA/SPA,Rising sun
87,Sankari,Salem,GEN,4.0,VETRIVEL. S,All India Anna Dravida Munnetra Kazhagam,AIADMK,NDA,Two leaves
87,Sankari,Salem,GEN,5.0,DR. GURUNATHAN. S,Indhu Dravida Makkal Katchi,IDMK,-,Gas cylinder
87,Sankari,Salem,GEN,6.0,SENTHILKUMAR. K,Tamilaga Vettri Kazhagam,TVK,Solo,Whistle
87,Sankari,Salem,GEN,7.0,SENTHILKUMAR. R.S.,Tamizhaga Vaazhvurimai Katchi,TVaK,-,Camera
87,Sankari,Salem,GEN,8.0,SAKTHIVEL. G,Independent,IND,Independent,Grapes
87,Sankari,Salem,GEN,9.0,SAKTHIVEL. D,Independent,IND,Independent,Ship
87,Sankari,Salem,GEN,10.0,SALMAN. E,Independent,IND,Independent,Pen drive
87,Sankari,Salem,GEN,11.0,DURAIRAJ. C,Independent,IND,Independent,Ring
87,Sankari,Salem,GEN,12.0,PARAMASIVAM. R,Independent,IND,Independent,Peas
87,Sankari,Salem,GEN,13.0,POOVARASAN. S,Independent,IND,Independent,Batsman
87,Sankari,Salem,GEN,14.0,MANIKANDAN. D,Independent,IND,Independent,Gift pack
87,Sankari,Salem,GEN,15.0,MANIKANDAN. P,Independent,IND,Independent,Kitchen sink
87,Sankari,Salem,GEN,16.0,MAYILKUMAR. M,Independent,IND,Independent,Truck
87,Sankari,Salem,GEN,17.0,RANJITH KUMAR. V,Independent,IND,Independent,Bucket
87,Sankari,Salem,GEN,18.0,RAMESHKUMAR. V,Independent,IND,Independent,Almirah
87,Sankari,Salem,GEN,19.0,VIGNESH. A,Independent,IND,Independent,Bat
87,Sankari,Salem,GEN,20.0,VIJAYAKUMAR. M,Independent,IND,Independent,Brick
88,Salem (West),Salem,GEN,1.0,ALAGAAPURAM. R. MOHANRAJ,Desiya Murpokku Dravida Kazhagam,DMDK,INDIA/SPA,Nagara
88,Salem (West),Salem,GEN,2.0,GUNASEKARAN. R,Bahujan Samaj Party,BSP,Solo,Elephant
88,Salem (West),Salem,GEN,3.0,SURESHKUMAR. R,Naam Tamilar Katchi,NTK,Solo,Farmer Carrying Plough
88,Salem (West),Salem,GEN,4.0,ARUL RAMADAS,Aanaithinthiya Jananayaka Pathukappu Kazhagam,AJPK,-,Gas cylinder
88,Salem (West),Salem,GEN,5.0,KARTHE. M,Pattali Makkal Katchi,PMK,NDA,Mango
88,Salem (West),Salem,GEN,6.0,PRABU. K,Vishwa Tamil Kazhagam,VTK,-,Ring
88,Salem (West),Salem,GEN,7.0,RAJ KUMAR. G,Tamizhaga Vaazhvurimai Katchi,TVaK,-,Camera
88,Salem (West),Salem,GEN,8.0,LAKSHMANAN. S,Tamilaga Vettri Kazhagam,TVK,Solo,Whistle
88,Salem (West),Salem,GEN,9.0,AMIRTHALINGAM. N,Independent,IND,Independent,Truck
88,Salem (West),Salem,GEN,10.0,ARUL. S,Independent,IND,Independent,Water tank
88,Salem (West),Salem,GEN,11.0,ARUL. T,Independent,IND,Independent,Letter box
88,Salem (West),Salem,GEN,12.0,ARUL. D,Independent,IND,Independent,Clip
88,Salem (West),Salem,GEN,13.0,ARUL. P,Independent,IND,Independent,Noodles bowl
88,Salem (West),Salem,GEN,14.0,KARTHICK. M,Independent,IND,Independent,Water melon
88,Salem (West),Salem,GEN,15.0,KARTHICK. R,Independent,IND,Independent,Grapes
88,Salem (West),Salem,GEN,16.0,KUMAR. A.P,Independent,IND,Independent,Coconut farm
88,Salem (West),Salem,GEN,17.0,CHANDRASEKARAN. G,Independent,IND,Independent,Tiller
88,Salem (West),Salem,GEN,18.0,SELVAM. R,Independent,IND,Independent,Batsman
88,Salem (West),Salem,GEN,19.0,DHANAPAL,Independent,IND,Independent,Carpet
88,Salem (West),Salem,GEN,20.0,THIYAGARAJAN. M,Independent,IND,Independent,Chappals
88,Salem (West),Salem,GEN,21.0,BHARATH. S,Independent,IND,Independent,Pestle and mortar
88,Salem (West),Salem,GEN,22.0,BHARANITHARAN. D.K,Independent,IND,Independent,Ship
88,Salem (West),Salem,GEN,23.0,PANNEERSELVAM. P,Independent,IND,Independent,Scissors
88,Salem (West),Salem,GEN,24.0,ER PRABAKARAN. S,Independent,IND,Independent,Jackfruit
88,Salem (West),Salem,GEN,25.0,PERUMAL. A,Independent,IND,Independent,Baby walker
88,Salem (West),Salem,GEN,26.0,MANOHAR. C,Independent,IND,Independent,Television
88,Salem (West),Salem,GEN,27.0,MOHAN RAJ. R,Independent,IND,Independent,Gift pack
88,Salem (West),Salem,GEN,28.0,RADHAKRISHNAN. R,Independent,IND,Independent,Diamond
88,Salem (West),Salem,GEN,29.0,VIJAYAKUMAR. S,Independent,IND,Independent,Flute
88,Salem (West),Salem,GEN,30.0,VELMANIKANDAN. S,Independent,IND,Independent,Pressure cooker
88,Salem (West),Salem,GEN,31.0,SRISABARINATHAN,Independent,IND,Independent,Petrol pump
89,Salem (North),Salem,GEN,1.0,RAJENDRAN. R,Dravida Munnetra Kazhagam,DMK,INDIA/SPA,Rising sun
89,Salem (North),Salem,GEN,2.0,GUNASEELA. M,Naam Tamilar Katchi,NTK,Solo,Farmer Carrying Plough
89,Salem (North),Salem,GEN,3.0,SADHASIVAM. S,Pattali Makkal Katchi,PMK,NDA,Mango
89,Salem (North),Salem,GEN,4.0,SIVAKUMAR. K,Tamilaga Vettri Kazhagam,TVK,Solo,Whistle
89,Salem (North),Salem,GEN,5.0,MOHANRAJ. S,Tamizhaga Vaazhvurimai Katchi,TVaK,-,Camera
89,Salem (North),Salem,GEN,6.0,JOTHILAKSHMI. R. S,Vishwa Tamil Kazhagam,VTK,-,Ring
89,Salem (North),Salem,GEN,7.0,SABAREESAN. D,Independent,IND,Independent,Diamond
89,Salem (North),Salem,GEN,8.0,PALANISAMY. R,Independent,IND,Independent,Table
89,Salem (North),Salem,GEN,9.0,PRAVINA. G,Independent,IND,Independent,CCTV Camera
89,Salem (North),Salem,GEN,10.0,MANIVANNAN. S,Independent,IND,Independent,Balloon
89,Salem (North),Salem,GEN,11.0,MAHABUB JOHN. K,Independent,IND,Independent,Mike
89,Salem (North),Salem,GEN,12.0,RAJASEKAR. S,Independent,IND,Independent,Bricks
89,Salem (North),Salem,GEN,13.0,RAJA. A,Independent,IND,Independent,Bucket
89,Salem (North),Salem,GEN,14.0,RAJENDRAN. A,Independent,IND,Independent,Tube light
90,Salem (South),Salem,GEN,1.0,SOFIA. S,Naam Tamilar Katchi,NTK,Solo,Farmer Carrying Plough
90,Salem (South),Salem,GEN,2.0,LOGANATHAN. M,Dravida Munnetra Kazhagam,DMK,INDIA/SPA,Rising sun
90,Salem (South),Salem,GEN,3.0,VINOTH. J,All India Anna Dravida Munnetra Kazhagam,AIADMK,NDA,Two leaves
90,Salem (South),Salem,GEN,4.0,BAS MADHESWARAN,Tamizhaga Vaazhvurimai Katchi,TVaK,-,Camera
90,Salem (South),Salem,GEN,5.0,VIJAY TAMILAN PARTHIBAN. A,Tamilaga Vettri Kazhagam,TVK,Solo,Whistle
90,Salem (South),Salem,GEN,6.0,AMBEDKAR. C,Independent,IND,Independent,Ship
90,Salem (South),Salem,GEN,7.0,SANTHOSH. S,Independent,IND,Independent,Frying pan
90,Salem (South),Salem,GEN,8.0,SUNDARAM. R,Independent,IND,Independent,Gas cylinder
90,Salem (South),Salem,GEN,9.0,SUMATHI. P,Independent,IND,Independent,Air conditioner
90,Salem (South),Salem,GEN,10.0,PADMANAPAN. M,Independent,IND,Independent,Gas Stove
90,Salem (South),Salem,GEN,11.0,PALANIAPPAN. M,Independent,IND,Independent,Diamond
90,Salem (South),Salem,GEN,12.0,PARTHIBAN. A,Independent,IND,Independent,Cake
90,Salem (South),Salem,GEN,13.0,PARTHIBAN. V,Independent,IND,Independent,Belt
90,Salem (South),Salem,GEN,14.0,PRAVEEN KUMAR. M,Independent,IND,Independent,Chappals
90,Salem (South),Salem,GEN,15.0,MAYAKANNAN. N,Independent,IND,Independent,Balloon
90,Salem (South),Salem,GEN,16.0,LOGANATHAN. M,Independent,IND,Independent,Road roller
90,Salem (South),Salem,GEN,17.0,LOGANATHAN. M,Independent,IND,Independent,Bucket
90,Salem (South),Salem,GEN,18.0,VARATHARAJAN. S.P,Independent,IND,Independent,Batsman
90,Salem (South),Salem,GEN,19.0,JAYARAJ. S,Independent,IND,Independent,Window
91,Veerapandi,Salem,GEN,1.0,THARUN. A.K,Dravida Munnetra Kazhagam,DMK,INDIA/SPA,Rising sun
91,Veerapandi,Salem,GEN,2.0,RAJESHKUMAR. S,Naam Tamilar Katchi,NTK,Solo,Farmer Carrying Plough
91,Veerapandi,Salem,GEN,3.0,SRI BALAJI SUGUMAR. S,All India Anna Dravida Munnetra Kazhagam,AIADMK,NDA,Two leaves
91,Veerapandi,Salem,GEN,4.0,ANBAZHAGAN. P,Communist Party of India (Marxist-Leninist) (Liberation),CPI(ML)L,-,Flag with three stars
91,Veerapandi,Salem,GEN,5.0,SAKTHIVEL. M,Naadaalum Makkal Katchi,NMK,-,Pen nib with seven rays
91,Veerapandi,Salem,GEN,6.0,PALANIVEL. M.S,Tamilaga Vettri Kazhagam,TVK,Solo,Whistle
91,Veerapandi,Salem,GEN,7.0,BRAMAMOORTHI. M,Tamizhaga Vaazhvurimai Katchi,TVaK,-,Camera
91,Veerapandi,Salem,GEN,8.0,INDRAJITH GUPTHA. G,Independent,IND,Independent,CCTV Camera
91,Veerapandi,Salem,GEN,9.0,KAVITHA. M.P,Independent,IND,Independent,Stethoscope
91,Veerapandi,Salem,GEN,10.0,KARTHI. R,Independent,IND,Independent,Tiller
91,Veerapandi,Salem,GEN,11.0,GOPI. R,Independent,IND,Independent,T.V. Remote
91,Veerapandi,Salem,GEN,12.0,GOPINATH. B,Independent,IND,Independent,Ship
91,Veerapandi,Salem,GEN,13.0,SENTHILKUMAR. M,Independent,IND,Independent,Diamond
91,Veerapandi,Salem,GEN,14.0,TAMILARASAN. D,Independent,IND,Independent,Belt
91,Veerapandi,Salem,GEN,15.0,DEVENDHIRAPRABU. M,Independent,IND,Independent,Batsman
91,Veerapandi,Salem,GEN,16.0,PALANISAMY. P,Independent,IND,Independent,Gas cylinder
91,Veerapandi,Salem,GEN,17.0,PRABHU. V,Independent,IND,Independent,Computer mouse
91,Veerapandi,Salem,GEN,18.0,RANGANATHAN. D,Independent,IND,Independent,Calculator
91,Veerapandi,Salem,GEN,19.0,VAIDESSWARA PRASAD. N,Independent,IND,Independent,Scissors
91,Veerapandi,Salem,GEN,20.0,JAYAVEL. M,Independent,IND,Independent,Gramophone
92,Rasipuram,Namakkal,SC,1.0,PREMKUMAR S D,Bharatiya Janata Party,BJP,NDA,Lotus
92,Rasipuram,Namakkal,SC,2.0,SASIKALA S,Naam Tamilar Katchi,NTK,Solo,Farmer Carrying Plough
92,Rasipuram,Namakkal,SC,3.0,MATHIVENTHAN M DR,Dravida Munnetra Kazhagam,DMK,INDIA/SPA,Rising sun
92,Rasipuram,Namakkal,SC,4.0,ARULKUMAR P,Ganasangam Party of India,GPI,-,Lady finger
92,Rasipuram,Namakkal,SC,5.0,ARULRAJU G,Anaithinthiya Anna Dravida Makkal Seyal katchi,AADMSK,-,Telephone
92,Rasipuram,Namakkal,SC,6.0,KRISHNAMOORTHY P,Tamizhaga Vaazhvurimai Katchi,TVaK,-,Camera
92,Rasipuram,Namakkal,SC,7.0,MUNIYAPPAN M,Puthiya Tamilagam,PT,-,Hand cart
92,Rasipuram,Namakkal,SC,8.0,RAMADASS D,Samaniya Makkal Nala Katchi,SMNK,-,Bucket
92,Rasipuram,Namakkal,SC,9.0,LOGESH TAMILSELVAN D,Tamilaga Vettri Kazhagam,TVK,Solo,Whistle
92,Rasipuram,Namakkal,SC,10.0,AMPULIMADHAN M,Independent,IND,Independent,Television
92,Rasipuram,Namakkal,SC,11.0,THANGAMANI S,Independent,IND,Independent,Capsicum
92,Rasipuram,Namakkal,SC,12.0,TAMILAZHAGAN M,Independent,IND,Independent,Gas cylinder
92,Rasipuram,Namakkal,SC,13.0,NAGARAJAN K,Independent,IND,Independent,Grapes
92,Rasipuram,Namakkal,SC,14.0,NEPPOLIYAN K,Independent,IND,Independent,Ship
92,Rasipuram,Namakkal,SC,15.0,MANIKANDAN C,Independent,IND,Independent,Matchbox
92,Rasipuram,Namakkal,SC,16.0,MURUGESAN A,Independent,IND,Independent,Diamond
92,Rasipuram,Namakkal,SC,17.0,RAJESHKANNAN R,Independent,IND,Independent,Box
92,Rasipuram,Namakkal,SC,18.0,JAYANTHI M,Independent,IND,Independent,Coat
93,Senthamangalam,Namakkal,ST,1.0,C CHANDRASEKARAN,All India Anna Dravida Munnetra Kazhagam,AIADMK,NDA,Two leaves
93,Senthamangalam,Namakkal,ST,2.0,P POOMALAR,Dravida Munnetra Kazhagam,DMK,INDIA/SPA,Rising sun
93,Senthamangalam,Namakkal,ST,3.0,PONNUMANI C,Naam Tamilar Katchi,NTK,Solo,Farmer Carrying Plough
93,Senthamangalam,Namakkal,ST,4.0,P CHANDRASEKARAN,Tamilaga Vettri Kazhagam,TVK,Solo,Whistle
93,Senthamangalam,Namakkal,ST,5.0,K DURAISAMY,Ganasangam Party of India,GPI,-,Lady finger
93,Senthamangalam,Namakkal,ST,6.0,P RAMASAMY,Tamizhaga Vaazhvurimai Katchi,TVaK,-,Camera
93,Senthamangalam,Namakkal,ST,7.0,C JAGANATHAN,All India Puratchi Thalaivar Makkal Munnetra Kazhagam,AIPTMK,-,Coconut farm
93,Senthamangalam,Namakkal,ST,8.0,C SUTHAN,Independent,IND,Independent,Electric pole
93,Senthamangalam,Namakkal,ST,9.0,M SWAMINATHAN,Independent,IND,Independent,Pen nib with seven rays
93,Senthamangalam,Namakkal,ST,10.0,A BALAMURUGAN,Independent,IND,Independent,Bat
93,Senthamangalam,Namakkal,ST,11.0,E MANIKANDAN,Independent,IND,Independent,Diamond
93,Senthamangalam,Namakkal,ST,12.0,K RAMESH,Independent,IND,Independent,Kettle
94,Namakkal,Namakkal,GEN,1.0,RAMASAMY P,Bahujan Samaj Party,BSP,Solo,Elephant
94,Namakkal,Namakkal,GEN,2.0,PRAVEENKUMAR K,Naam Tamilar Katchi,NTK,Solo,Farmer Carrying Plough
94,Namakkal,Namakkal,GEN,3.0,SRIDEVI MOHAN P S,All India Anna Dravida Munnetra Kazhagam,AIADMK,NDA,Two leaves
94,Namakkal,Namakkal,GEN,4.0,RANI P,Dravida Munnetra Kazhagam,DMK,INDIA/SPA,Rising sun
94,Namakkal,Namakkal,GEN,5.0,AADITHIYAN A,Anna Puratchi Thalaivar Amma Dravida Munnetra Kazhagam,AMMK,NDA,Jackfruit
94,Namakkal,Namakkal,GEN,6.0,GANDHIAN RAMESH T,Ahimsa Socialist Party,ASP,-,Mike
94,Namakkal,Namakkal,GEN,7.0,SURESHKANNAN P,Ganasangam Party of India,GPI,-,Lady finger
94,Namakkal,Namakkal,GEN,8.0,THIYAGARAJAN R,Samaniya Makkal Nala Katchi,SMNK,-,Bucket
94,Namakkal,Namakkal,GEN,9.0,DILIP C S,Tamilaga Vettri Kazhagam,TVK,Solo,Whistle
94,Namakkal,Namakkal,GEN,10.0,PALANISAMY M P,All India Puratchi Thalaivar Makkal Munnetra Kazhagam,AIPTMK,-,Coconut farm
94,Namakkal,Namakkal,GEN,11.0,MAHENDRAN P,Anaithinthiya Anna Dravida Makkal Seyal katchi,AADMSK,-,Telephone
94,Namakkal,Namakkal,GEN,12.0,MATHESWARAN C,Puthiya Tamilagam,PT,-,Gas cylinder
94,Namakkal,Namakkal,GEN,13.0,ABINESHKUMAR T,Independent,IND,Independent,Laptop
94,Namakkal,Namakkal,GEN,14.0,ARAVINTH S,Independent,IND,Independent,Brief case
94,Namakkal,Namakkal,GEN,15.0,KANAKARAJ K,Independent,IND,Independent,Battery Torch
94,Namakkal,Namakkal,GEN,16.0,CHANDRA P,Independent,IND,Independent,Diamond
94,Namakkal,Namakkal,GEN,17.0,NATARAJAN M,Independent,IND,Independent,Pressure cooker
94,Namakkal,Namakkal,GEN,18.0,NETAJIKAVIARASU V,Independent,IND,Independent,Road roller
94,Namakkal,Namakkal,GEN,19.0,MANIKANDAN R,Independent,IND,Independent,Bench
94,Namakkal,Namakkal,GEN,20.0,MUTHUSAMY S,Independent,IND,Independent,Spanner
94,Namakkal,Namakkal,GEN,21.0,MOHAN S,Independent,IND,Independent,Electric pole
94,Namakkal,Namakkal,GEN,22.0,MOHAN P,Independent,IND,Independent,Binoculars
94,Namakkal,Namakkal,GEN,23.0,MOHAN M,Independent,IND,Independent,Scissors
94,Namakkal,Namakkal,GEN,24.0,RAMESH A,Independent,IND,Independent,Camera
94,Namakkal,Namakkal,GEN,25.0,JAYAKUMAR R,Independent,IND,Independent,Water tank
94,Namakkal,Namakkal,GEN,26.0,JAYARAMAN M,Independent,IND,Independent,Ring
94,Namakkal,Namakkal,GEN,27.0,STALIN R,Independent,IND,Independent,Ship
95,Paramathi-Velur,Namakkal,GEN,1.0,ARAVIND M,Naam Tamilar Katchi,NTK,Solo,Farmer Carrying Plough
95,Paramathi-Velur,Namakkal,GEN,2.0,RAMAN V,Bahujan Samaj Party,BSP,Solo,Elephant
95,Paramathi-Velur,Namakkal,GEN,3.0,SEKAR S,All India Anna Dravida Munnetra Kazhagam,AIADMK,NDA,Two leaves
95,Paramathi-Velur,Namakkal,GEN,4.0,MOORTHIY K S,Dravida Munnetra Kazhagam,DMK,INDIA/SPA,Rising sun
95,Paramathi-Velur,Namakkal,GEN,5.0,SELVARASU S,Anna Puratchi Thalaivar Amma Dravida Munnetra Kazhagam,AMMK,NDA,Jackfruit
95,Paramathi-Velur,Namakkal,GEN,6.0,SHAILAJA,Tamizhaga Vaazhvurimai Katchi,TVaK,-,Camera
95,Paramathi-Velur,Namakkal,GEN,7.0,NANDAKUMAR A,Tamilaga Vettri Kazhagam,TVK,Solo,Whistle
95,Paramathi-Velur,Namakkal,GEN,8.0,BAKKIAM P,Anaithinthiya Anna Dravida Makkal Seyal katchi,AADMSK,-,Telephone
95,Paramathi-Velur,Namakkal,GEN,9.0,VIJAY SURYABHALAAJI K R,All India Puratchi Thalaivar Makkal Munnetra Kazhagam,AIPTMK,-,Coconut farm
95,Paramathi-Velur,Namakkal,GEN,10.0,RAMASAMY,Independent,IND,Independent,Air conditioner
95,Paramathi-Velur,Namakkal,GEN,11.0,KANDASAMY S,Independent,IND,Independent,Capsicum
95,Paramathi-Velur,Namakkal,GEN,12.0,KARTHIK R,Independent,IND,Independent,Bicycle pump
95,Paramathi-Velur,Namakkal,GEN,13.0,GOPALAN G,Independent,IND,Independent,Matchbox
95,Paramathi-Velur,Namakkal,GEN,14.0,SUDHARSAN K,Independent,IND,Independent,Mike
95,Paramathi-Velur,Namakkal,GEN,15.0,SURESH R,Independent,IND,Independent,Scissors
95,Paramathi-Velur,Namakkal,GEN,16.0,SEKAR C,Independent,IND,Independent,Peas
95,Paramathi-Velur,Namakkal,GEN,17.0,SEKAR V,Independent,IND,Independent,Diamond
95,Paramathi-Velur,Namakkal,GEN,18.0,THANGARASU M,Independent,IND,Independent,Electric pole
95,Paramathi-Velur,Namakkal,GEN,19.0,PARAMESHWARI S,Independent,IND,Independent,Balloon
95,Paramathi-Velur,Namakkal,GEN,20.0,PALANISAMY S,Independent,IND,Independent,Almirah
95,Paramathi-Velur,Namakkal,GEN,21.0,BALAJI,Independent,IND,Independent,Bangles
95,Paramathi-Velur,Namakkal,GEN,22.0,PRATHAP K,Independent,IND,Independent,Baby walker
95,Paramathi-Velur,Namakkal,GEN,23.0,MANOJKUMAR M,Independent,IND,Independent,Pen nib with seven rays
95,Paramathi-Velur,Namakkal,GEN,24.0,MURTHI,Independent,IND,Independent,Wall hook
95,Paramathi-Velur,Namakkal,GEN,25.0,MOORTHI M,Independent,IND,Independent,Bead necklace
95,Paramathi-Velur,Namakkal,GEN,26.0,RANJITH K,Independent,IND,Independent,Grapes
95,Paramathi-Velur,Namakkal,GEN,27.0,RAMESH P,Independent,IND,Independent,Bench
95,Paramathi-Velur,Namakkal,GEN,28.0,RAMESH R,Independent,IND,Independent,Belt
95,Paramathi-Velur,Namakkal,GEN,29.0,RAJA R,Independent,IND,Independent,Gas cylinder
95,Paramathi-Velur,Namakkal,GEN,30.0,LATHA A,Independent,IND,Independent,Bat
95,Paramathi-Velur,Namakkal,GEN,31.0,VIJAYAKUMAR A,Independent,IND,Independent,Clip
96,Tiruchengodu,Namakkal,GEN,1.0,ESWARAN E R,Dravida Munnetra Kazhagam,DMK,INDIA/SPA,Rising sun
96,Tiruchengodu,Namakkal,GEN,2.0,SRMT SEKAR (A) CHANDRASEKAR R,All India Anna Dravida Munnetra Kazhagam,AIADMK,NDA,Two leaves
96,Tiruchengodu,Namakkal,GEN,3.0,REVATHI K,Naam Tamilar Katchi,NTK,Solo,Farmer Carrying Plough
96,Tiruchengodu,Namakkal,GEN,4.0,ARUNRAJ K G,Tamilaga Vettri Kazhagam,TVK,Solo,Whistle
96,Tiruchengodu,Namakkal,GEN,5.0,SHARAVANAN A K,Tamizhaga Vaazhvurimai Katchi,TVaK,-,Camera
96,Tiruchengodu,Namakkal,GEN,6.0,CHINNATHAMBI K,Republican Party of India (Athawale),RPI(A),-,Ganna kisan
96,Tiruchengodu,Namakkal,GEN,7.0,DHANAPAL SUBRAMANIYAM,Anaithinthiya Anna Dravida Makkal Seyal katchi,AADMSK,-,Coconut farm
96,Tiruchengodu,Namakkal,GEN,8.0,THIRUKKUMARAN P,Makkal Munnetra Katchi,MMK,-,Matchbox
96,Tiruchengodu,Namakkal,GEN,9.0,MUNUSAMY A T,Samaniya Makkal Nala Katchi,SMNK,-,Walking stick
96,Tiruchengodu,Namakkal,GEN,10.0,ARULPRAKASAM S,Independent,IND,Independent,Trumpet
96,Tiruchengodu,Namakkal,GEN,11.0,ARJUNAN L K,Independent,IND,Independent,Box
96,Tiruchengodu,Namakkal,GEN,12.0,ESWARAN M,Independent,IND,Independent,Well
96,Tiruchengodu,Namakkal,GEN,13.0,SATHEESKUMAR P,Independent,IND,Independent,Batsman
96,Tiruchengodu,Namakkal,GEN,14.0,SARAVANASUNDARAM S,Independent,IND,Independent,Ring
96,Tiruchengodu,Namakkal,GEN,15.0,DHINESH KARIKALAN,Independent,IND,Independent,Door bell
96,Tiruchengodu,Namakkal,GEN,16.0,DEEPAKRAJAN V,Independent,IND,Independent,Tennis racket & ball
96,Tiruchengodu,Namakkal,GEN,17.0,PALANISAMY K,Independent,IND,Independent,Electric pole
96,Tiruchengodu,Namakkal,GEN,18.0,BALAJI CHEZHIAN P,Independent,IND,Independent,Scissors
96,Tiruchengodu,Namakkal,GEN,19.0,MAHESHKUMAR N,Independent,IND,Independent,Gift pack
96,Tiruchengodu,Namakkal,GEN,20.0,RAMESH S,Independent,IND,Independent,Helmet
96,Tiruchengodu,Namakkal,GEN,21.0,RAJAKUMAR P,Independent,IND,Independent,Road roller
96,Tiruchengodu,Namakkal,GEN,22.0,REVANTH S N,Independent,IND,Independent,Air conditioner
96,Tiruchengodu,Namakkal,GEN,23.0,VISWANATHAN P,Independent,IND,Independent,Gas Stove
97,Kumarapalayam,Namakkal,GEN,1.0,P.THANGAMANI,All India Anna Dravida Munnetra Kazhagam,AIADMK,NDA,Two leaves
97,Kumarapalayam,Namakkal,GEN,2.0,S.BALU,Dravida Munnetra Kazhagam,DMK,INDIA/SPA,Rising sun
97,Kumarapalayam,Namakkal,GEN,3.0,UVARANI SURESH,Naam Tamilar Katchi,NTK,Solo,Farmer Carrying Plough
97,Kumarapalayam,Namakkal,GEN,4.0,J.KARTHI,Vishwa Tamil Kazhagam,VTK,-,Ring
97,Kumarapalayam,Namakkal,GEN,5.0,PALANISAMY,Samaniya Makkal Nala Katchi,SMNK,-,Walking stick
97,Kumarapalayam,Namakkal,GEN,6.0,PANNERSELVAM,Anaithinthiya Anna Dravida Makkal Seyal katchi,AADMSK,-,Gas cylinder
97,Kumarapalayam,Namakkal,GEN,7.0,C.VIJAYALAKSHMI,Tamilaga Vettri Kazhagam,TVK,Solo,Whistle
97,Kumarapalayam,Namakkal,GEN,8.0,AMIRTHALINGAM,Independent,IND,Independent,Matchbox
97,Kumarapalayam,Namakkal,GEN,9.0,KARTHI,Independent,IND,Independent,Pen nib with seven rays
97,Kumarapalayam,Namakkal,GEN,10.0,R.KUMARESAN,Independent,IND,Independent,Coconut farm
97,Kumarapalayam,Namakkal,GEN,11.0,GOPALAKRISHNAN,Independent,IND,Independent,Water melon
97,Kumarapalayam,Namakkal,GEN,12.0,SARAVANAN,Independent,IND,Independent,Mike
97,Kumarapalayam,Namakkal,GEN,13.0,G. SAMUELRAJ,Independent,IND,Independent,Ship
97,Kumarapalayam,Namakkal,GEN,14.0,SIVARAJ,Independent,IND,Independent,Pen stand
97,Kumarapalayam,Namakkal,GEN,15.0,P.SENTHILKUMAR,Independent,IND,Independent,Toffees
97,Kumarapalayam,Namakkal,GEN,16.0,SELVARAJ,Independent,IND,Independent,Iron
97,Kumarapalayam,Namakkal,GEN,17.0,K. PALANIVEL,Independent,IND,Independent,Tooth paste
97,Kumarapalayam,Namakkal,GEN,18.0,A.MURUGANANDHAN,Independent,IND,Independent,Trumpet
97,Kumarapalayam,Namakkal,GEN,19.0,R.RAJA,Independent,IND,Independent,Truck
97,Kumarapalayam,Namakkal,GEN,20.0,VENKATACHALAM,Independent,IND,Independent,Gas Stove
97,Kumarapalayam,Namakkal,GEN,21.0,S JAYAVEL,Independent,IND,Independent,Diamond
98,Erode (East),Erode,GEN,1.0,GOPINATH PALANIYAPPAN,Indian National Congress,INC,INDIA/SPA,Hand
98,Erode (East),Erode,GEN,2.0,B.CHITRA,Bahujan Samaj Party,BSP,Solo,Elephant
98,Erode (East),Erode,GEN,3.0,S.THANDAVAMOORTHY,Naam Tamilar Katchi,NTK,Solo,Farmer Carrying Plough
98,Erode (East),Erode,GEN,4.0,R.MANOHARAN,All India Anna Dravida Munnetra Kazhagam,AIADMK,NDA,Two leaves
98,Erode (East),Erode,GEN,5.0,M.KAMAL KUMAR,Vishwa Tamil Kazhagam,VTK,-,Ring
98,Erode (East),Erode,GEN,6.0,R.DHANDAPANI,Veerath Thiyagi Viswanathadoss Thozhilalarkal Katchi,VTVTK,-,Pestle and mortar
98,Erode (East),Erode,GEN,7.0,K.DHAVASIAPPAN,Tamilaga Makkal Nala Katchi,TMNK,-,Gas cylinder
98,Erode (East),Erode,GEN,8.0,A.MANIKANDAN,Tamizhaga Vaazhvurimai Katchi,TVaK,-,Camera
98,Erode (East),Erode,GEN,9.0,K.MANIKANNAN,Samaniya Makkal Nala Katchi,SMNK,-,Walking stick
98,Erode (East),Erode,GEN,10.0,M.VIJAY BALAJI,Tamilaga Vettri Kazhagam,TVK,Solo,Whistle
98,Erode (East),Erode,GEN,11.0,M.V.KARTHY,Independent,IND,Independent,Cube
98,Erode (East),Erode,GEN,12.0,SHANMUGAM.P,Independent,IND,Independent,Matchbox
98,Erode (East),Erode,GEN,13.0,M.DHARANI KUMAR,Independent,IND,Independent,Chappals
98,Erode (East),Erode,GEN,14.0,C.THIYAGARAJAN,Independent,IND,Independent,Pressure cooker
98,Erode (East),Erode,GEN,15.0,NATHIYA.S,Independent,IND,Independent,Diamond
98,Erode (East),Erode,GEN,16.0,H.MOHAMED GAIPEER,Independent,IND,Independent,Helmet
98,Erode (East),Erode,GEN,17.0,J.MUTHU BAVA,Independent,IND,Independent,Pen nib with seven rays
98,Erode (East),Erode,GEN,18.0,M.MURUGESAN,Independent,IND,Independent,Almirah
98,Erode (East),Erode,GEN,19.0,S.LAKSHMANAN,Independent,IND,Independent,Batsman
98,Erode (East),Erode,GEN,20.0,R.VAIRAM,Independent,IND,Independent,Box
99,Erode (West),Erode,GEN,1.0,V. PALANI,Bahujan Samaj Party,BSP,Solo,Elephant
99,Erode (West),Erode,GEN,2.0,S. MUTHUSAMY,Dravida Munnetra Kazhagam,DMK,INDIA/SPA,Rising sun
99,Erode (West),Erode,GEN,3.0,M. YUVARAJA,Bharatiya Janata Party,BJP,NDA,Lotus
99,Erode (West),Erode,GEN,4.0,N. VIJAY,Naam Tamilar Katchi,NTK,Solo,Farmer Carrying Plough
99,Erode (West),Erode,GEN,5.0,ANANTH MOGHAN K.K.,Tamilaga Vettri Kazhagam,TVK,Solo,Whistle
99,Erode (West),Erode,GEN,6.0,K. KALAIYARASAN,Party for the Rights of Other backward Classes,PROBC,-,Laptop
99,Erode (West),Erode,GEN,7.0,V. DHANALAKSHMI,Tamizhaga Vaazhvurimai Katchi,TVaK,-,Camera
99,Erode (West),Erode,GEN,8.0,M. NATARAJ,Vishwa Tamil Kazhagam,VTK,-,Ring
99,Erode (West),Erode,GEN,9.0,M. RUKMANI,Samaniya Makkal Nala Katchi,SMNK,-,Walking stick
99,Erode (West),Erode,GEN,10.0,SHANMUGAM M.,Independent,IND,Independent,Gas cylinder
99,Erode (West),Erode,GEN,11.0,MOORTHI P.,Independent,IND,Independent,Truck
99,Erode (West),Erode,GEN,12.0,A. RAMU,Independent,IND,Independent,Water tank
99,Erode (West),Erode,GEN,13.0,C. RAJENDRAN,Independent,IND,Independent,Scissors
100,Modakkurichi,Erode,GEN,1.0,M.ARUNKUMAR,Naam Tamilar Katchi,NTK,Solo,Farmer Carrying Plough
100,Modakkurichi,Erode,GEN,2.0,S.KIRTHIKA,Bharatiya Janata Party,BJP,NDA,Lotus
100,Modakkurichi,Erode,GEN,3.0,S.SENTHILNATHAN,Dravida Munnetra Kazhagam,DMK,INDIA/SPA,Rising sun
100,Modakkurichi,Erode,GEN,4.0,K.MUNIYAPPAN,Bahujan Samaj Party,BSP,Solo,Elephant
100,Modakkurichi,Erode,GEN,5.0,R.KARTHIKEYAN,Tamizhaga Vaazhvurimai Katchi,TVaK,-,Camera
100,Modakkurichi,Erode,GEN,6.0,D.SHANMUGAN,Tamilaga Vettri Kazhagam,TVK,Solo,Whistle
100,Modakkurichi,Erode,GEN,7.0,M.RAMESH,Namathu Kongu Munnetra Kazhagam,NKMK,-,Gas cylinder
100,Modakkurichi,Erode,GEN,8.0,M.RAVIKUMAR,Ganasangam Party of India,GPI,-,Lady finger
100,Modakkurichi,Erode,GEN,9.0,A.KATHIRVEL,Independent,IND,Independent,Television
100,Modakkurichi,Erode,GEN,10.0,K.DHANABAL,Independent,IND,Independent,Balloon
100,Modakkurichi,Erode,GEN,11.0,A.DURAISAMY,Independent,IND,Independent,Road roller
100,Modakkurichi,Erode,GEN,12.0,R.NATARAJAN,Independent,IND,Independent,Scissors
100,Modakkurichi,Erode,GEN,13.0,L.BHARATHI,Independent,IND,Independent,Helmet
100,Modakkurichi,Erode,GEN,14.0,R.VELUSAMY,Independent,IND,Independent,Diamond
101,Dharapuram,Tiruppur,SC,1.0,INDIRANI.T,Dravida Munnetra Kazhagam,DMK,INDIA/SPA,Rising sun
101,Dharapuram,Tiruppur,SC,2.0,SATHYABAMA.P,All India Anna Dravida Munnetra Kazhagam,AIADMK,NDA,Two leaves
101,Dharapuram,Tiruppur,SC,3.0,DHIVYA,Naam Tamilar Katchi,NTK,Solo,Farmer Carrying Plough
101,Dharapuram,Tiruppur,SC,4.0,GOWRI CHITRA,Tamilaga Vettri Kazhagam,TVK,Solo,Whistle
101,Dharapuram,Tiruppur,SC,5.0,ANANTHI.S,Independent,IND,Independent,Bat
101,Dharapuram,Tiruppur,SC,6.0,INDHIRANI.C,Independent,IND,Independent,Battery Torch
101,Dharapuram,Tiruppur,SC,7.0,GOWRI.P,Independent,IND,Independent,Electric pole
101,Dharapuram,Tiruppur,SC,8.0,MOHANRAJ.M,Independent,IND,Independent,Bead necklace
101,Dharapuram,Tiruppur,SC,9.0,ROHINI.S,Independent,IND,Independent,Mike
102,Kangayam,Tiruppur,GEN,1.0,KARMEGAN.M,Naam Tamilar Katchi,NTK,Solo,Farmer Carrying Plough
102,Kangayam,Tiruppur,GEN,2.0,M.P.SAMINATHAN,Dravida Munnetra Kazhagam,DMK,INDIA/SPA,Rising sun
102,Kangayam,Tiruppur,GEN,3.0,NSN NATARAJ,All India Anna Dravida Munnetra Kazhagam,AIADMK,NDA,Two leaves
102,Kangayam,Tiruppur,GEN,4.0,P.THIRUGNANASAMBANTHAM,Party for the Rights of Other backward Classes,PROBC,-,Laptop
102,Kangayam,Tiruppur,GEN,5.0,MANI GOUNDER,Tamilaga Vettri Kazhagam,TVK,Solo,Whistle
102,Kangayam,Tiruppur,GEN,6.0,R.VIJAYALAKSHMI,Ganasangam Party of India,GPI,-,Lady finger
102,Kangayam,Tiruppur,GEN,7.0,K.ARUMUGAM,Independent,IND,Independent,Bat
102,Kangayam,Tiruppur,GEN,8.0,R. IMMANUVEL,Independent,IND,Independent,Coconut farm
102,Kangayam,Tiruppur,GEN,9.0,KARTHIKEYAN,Independent,IND,Independent,CCTV Camera
102,Kangayam,Tiruppur,GEN,10.0,GOWTHAM,Independent,IND,Independent,Dish antenna
102,Kangayam,Tiruppur,GEN,11.0,T.NATARAJ,Independent,IND,Independent,Electric pole
102,Kangayam,Tiruppur,GEN,12.0,PALANISAMY,Independent,IND,Independent,Telephone
102,Kangayam,Tiruppur,GEN,13.0,P.PARTHIBAN,Independent,IND,Independent,Pen nib with seven rays
102,Kangayam,Tiruppur,GEN,14.0,P.MANI,Independent,IND,Independent,Trumpet
102,Kangayam,Tiruppur,GEN,15.0,B.RAJENDRAN,Independent,IND,Independent,Mixee
103,Perundurai,Erode,GEN,1.0,ESWARAN. P,Bahujan Samaj Party,BSP,Solo,Elephant
103,Perundurai,Erode,GEN,2.0,INGUR. C. LOGANATHAN,Naam Tamilar Katchi,NTK,Solo,Farmer Carrying Plough
103,Perundurai,Erode,GEN,3.0,THOPPU VENKATACHALAM (ALIAS) N.D. VENKATACHALAM,Dravida Munnetra Kazhagam,DMK,INDIA/SPA,Rising sun
103,Perundurai,Erode,GEN,4.0,JAYAKUMAR. S,All India Anna Dravida Munnetra Kazhagam,AIADMK,NDA,Two leaves
103,Perundurai,Erode,GEN,5.0,ARUNACHALAM. V. P,Tamilaga Vettri Kazhagam,TVK,Solo,Whistle
103,Perundurai,Erode,GEN,6.0,SHANTHOSH KRISHNAN. S,Tamizhaga Vaazhvurimai Katchi,TVaK,-,Camera
103,Perundurai,Erode,GEN,7.0,VALARMATHI. P,Samaniya Makkal Nala Katchi,SMNK,-,Walking stick
103,Perundurai,Erode,GEN,8.0,SANTHOSH. S,Independent,IND,Independent,CCTV Camera
103,Perundurai,Erode,GEN,9.0,SELVARAJU. M,Independent,IND,Independent,Gas cylinder
103,Perundurai,Erode,GEN,10.0,PALANISAMY. M,Independent,IND,Independent,Gas Stove
103,Perundurai,Erode,GEN,11.0,VENKATACHALAM. C,Independent,IND,Independent,Tea filter
103,Perundurai,Erode,GEN,12.0,GEORGE STEPHEN. A,Independent,IND,Independent,Grapes
103,Perundurai,Erode,GEN,13.0,JAYAPRAKASH. K,Independent,IND,Independent,Diamond
104,Bhavani,Erode,GEN,1.0,KARUPPANAN. K.C,All India Anna Dravida Munnetra Kazhagam,AIADMK,NDA,Two leaves
104,Bhavani,Erode,GEN,2.0,CHANDRASEKAR. K.A,Dravida Munnetra Kazhagam,DMK,INDIA/SPA,Rising sun
104,Bhavani,Erode,GEN,3.0,SEKAR. K,Bahujan Samaj Party,BSP,Solo,Elephant
104,Bhavani,Erode,GEN,4.0,MOHANADEVI. R,Naam Tamilar Katchi,NTK,Solo,Farmer Carrying Plough
104,Bhavani,Erode,GEN,5.0,PARASAKTHI. P,Samaniya Makkal Nala Katchi,SMNK,-,Walking stick
104,Bhavani,Erode,GEN,6.0,PALANISAMY. P.K,Tamizhaga Vaazhvurimai Katchi,TVaK,-,Camera
104,Bhavani,Erode,GEN,7.0,BALAKRISHNAN,Tamilaga Vettri Kazhagam,TVK,Solo,Whistle
104,Bhavani,Erode,GEN,8.0,VIMALRAJ. R,Makkal Munnetra Katchi,MMK,-,Matchbox
104,Bhavani,Erode,GEN,9.0,ARUMUGAM. P.V,Independent,IND,Independent,Gas cylinder
104,Bhavani,Erode,GEN,10.0,KANNAN. M,Independent,IND,Independent,Scissors
104,Bhavani,Erode,GEN,11.0,KARTHIKEYAN. P,Independent,IND,Independent,Truck
104,Bhavani,Erode,GEN,12.0,BOOPATHI RAJARAJA CHOZHAN. M,Independent,IND,Independent,Electric pole
104,Bhavani,Erode,GEN,13.0,PERUMAL. V.M,Independent,IND,Independent,Black board
104,Bhavani,Erode,GEN,14.0,MANIKKAM. P,Independent,IND,Independent,Sofa
105,Anthiyur,Erode,GEN,1.0,AALANGATTUR ANANDHI,Naam Tamilar Katchi,NTK,Solo,Farmer Carrying Plough
105,Anthiyur,Erode,GEN,2.0,KAVIBHARATHI.K,Bahujan Samaj Party,BSP,Solo,Elephant
105,Anthiyur,Erode,GEN,3.0,SIVABALAN.M,Dravida Munnetra Kazhagam,DMK,INDIA/SPA,Rising sun
105,Anthiyur,Erode,GEN,4.0,HARIBASKAR.P,All India Anna Dravida Munnetra Kazhagam,AIADMK,NDA,Two leaves
105,Anthiyur,Erode,GEN,5.0,RAMASAMY.S,Samaniya Makkal Nala Katchi,SMNK,-,Bucket
105,Anthiyur,Erode,GEN,6.0,EASWARAMURTHI.K,Tamizhaga Vaazhvurimai Katchi,TVaK,-,Camera
105,Anthiyur,Erode,GEN,7.0,GOBAL.S.C.R,Aanaithinthiya Jananayaka Pathukappu Kazhagam,AJPK,-,Gas cylinder
105,Anthiyur,Erode,GEN,8.0,VIJAY VENKATESH.M,Tamilaga Vettri Kazhagam,TVK,Solo,Whistle
105,Anthiyur,Erode,GEN,9.0,KARTHI.M,Independent,IND,Independent,Syringe
105,Anthiyur,Erode,GEN,10.0,SANKARKUMAR.K.A,Independent,IND,Independent,Pressure cooker
105,Anthiyur,Erode,GEN,11.0,SELVI.A,Independent,IND,Independent,Almirah
105,Anthiyur,Erode,GEN,12.0,DHANABAL.C,Independent,IND,Independent,Peas
105,Anthiyur,Erode,GEN,13.0,VEERAN.K,Independent,IND,Independent,Diamond
105,Anthiyur,Erode,GEN,14.0,SHEIK DAVOOD.A.M,Independent,IND,Independent,Bead necklace
106,Gobichettipalayam,Erode,GEN,1.0,SEETHALAKSHMI.M.K,Naam Tamilar Katchi,NTK,Solo,Farmer Carrying Plough
106,Gobichettipalayam,Erode,GEN,2.0,NALLASIVAM.N,Dravida Munnetra Kazhagam,DMK,INDIA/SPA,Rising sun
106,Gobichettipalayam,Erode,GEN,3.0,PRABHU.V.B,All India Anna Dravida Munnetra Kazhagam,AIADMK,NDA,Two leaves
106,Gobichettipalayam,Erode,GEN,4.0,RAVIKUMAR.R,Bahujan Samaj Party,BSP,Solo,Elephant
106,Gobichettipalayam,Erode,GEN,5.0,SENGOTTAIYAN.K.A,Tamilaga Vettri Kazhagam,TVK,Solo,Whistle
106,Gobichettipalayam,Erode,GEN,6.0,THIRUVENGATESH.M,Tamizhaga Vaazhvurimai Katchi,TVaK,-,Camera
106,Gobichettipalayam,Erode,GEN,7.0,MALARVIZHI,Party for the Rights of Other backward Classes,PROBC,-,Laptop
106,Gobichettipalayam,Erode,GEN,8.0,ANANDHAKUMAR.M,Independent,IND,Independent,Matchbox
106,Gobichettipalayam,Erode,GEN,9.0,SAKTHIVEL.G,Independent,IND,Independent,Battery Torch
106,Gobichettipalayam,Erode,GEN,10.0,SHANMUGAM.G,Independent,IND,Independent,Biscuit
106,Gobichettipalayam,Erode,GEN,11.0,SEETHA.R,Independent,IND,Independent,Nail cutter
106,Gobichettipalayam,Erode,GEN,12.0,SUMATHI.G,Independent,IND,Independent,Frying pan
106,Gobichettipalayam,Erode,GEN,13.0,SELVAKUMAR.R,Independent,IND,Independent,Tyres
106,Gobichettipalayam,Erode,GEN,14.0,DHANAPAL.K,Independent,IND,Independent,Jackfruit
106,Gobichettipalayam,Erode,GEN,15.0,PALANISAMYRAAJ.M,Independent,IND,Independent,Rubber stamp
106,Gobichettipalayam,Erode,GEN,16.0,BHUVANESHWARI.A,Independent,IND,Independent,Tea filter
106,Gobichettipalayam,Erode,GEN,17.0,RAMESH.P,Independent,IND,Independent,Pen drive
106,Gobichettipalayam,Erode,GEN,18.0,VENKATACHALAM,Independent,IND,Independent,Binoculars
107,Bhavanisagar,Erode,SC,1.0,P.L.SUNDARAM,Communist Party of India,CPI,INDIA/SPA,Ears of corn and sickle
107,Bhavanisagar,Erode,SC,2.0,S.SOUNDARYA,Naam Tamilar Katchi,NTK,Solo,Farmer Carrying Plough
107,Bhavanisagar,Erode,SC,3.0,A.BANNARI,All India Anna Dravida Munnetra Kazhagam,AIADMK,NDA,Two leaves
107,Bhavanisagar,Erode,SC,4.0,B.PALANISWAMY,Bahujan Samaj Party,BSP,Solo,Elephant
107,Bhavanisagar,Erode,SC,5.0,V.P.TAMILSELVI,Tamilaga Vettri Kazhagam,TVK,Solo,Whistle
107,Bhavanisagar,Erode,SC,6.0,RAKKI,All India Puratchi Thalaivar Makkal Munnetra Kazhagam,AIPTMK,-,Coconut farm
107,Bhavanisagar,Erode,SC,7.0,A.AMRISH,Independent,IND,Independent,Chess board
107,Bhavanisagar,Erode,SC,8.0,GOPALAN.M,Independent,IND,Independent,Balloon
107,Bhavanisagar,Erode,SC,9.0,C.PALANICHAMY,Independent,IND,Independent,Diamond
107,Bhavanisagar,Erode,SC,10.0,S.PALANISWAMY,Independent,IND,Independent,Stethoscope
107,Bhavanisagar,Erode,SC,11.0,RAMAKRISHNAN,Independent,IND,Independent,Electric pole
107,Bhavanisagar,Erode,SC,12.0,DR.HANUMAIAH.C,Independent,IND,Independent,Ring
108,Udhagamandalam,The Nilgiris,GEN,1.0,BHOJARAJAN.M,Bharatiya Janata Party,BJP,NDA,Lotus
108,Udhagamandalam,The Nilgiris,GEN,2.0,RAGUPATHY.B,Naam Tamilar Katchi,NTK,Solo,Farmer Carrying Plough
108,Udhagamandalam,The Nilgiris,GEN,3.0,RAMACHANDRAN.B,Indian National Congress,INC,INDIA/SPA,Hand
108,Udhagamandalam,The Nilgiris,GEN,4.0,IBRAHIM.R,Tamilaga Vettri Kazhagam,TVK,Solo,Whistle
108,Udhagamandalam,The Nilgiris,GEN,5.0,SAVEETHA.R,Tamizhaga Vaazhvurimai Katchi,TVaK,-,Camera
108,Udhagamandalam,The Nilgiris,GEN,6.0,MANIAN.R,Independent,IND,Independent,CCTV Camera
109,Gudalur,The Nilgiris,SC,1.0,KARTHIK.R,Naam Tamilar Katchi,NTK,Solo,Farmer Carrying Plough
109,Gudalur,The Nilgiris,SC,2.0,DHRAVIDAMANI.M,Dravida Munnetra Kazhagam,DMK,INDIA/SPA,Rising sun
109,Gudalur,The Nilgiris,SC,3.0,PON.JAYASEELAN,All India Anna Dravida Munnetra Kazhagam,AIADMK,NDA,Two leaves
109,Gudalur,The Nilgiris,SC,4.0,DEEPAK SAI KISHORE.A,Tamilaga Vettri Kazhagam,TVK,Solo,Whistle
109,Gudalur,The Nilgiris,SC,5.0,RAJ.S.K,Veerath Thiyagi Viswanathadoss Thozhilalarkal Katchi,VTVTK,-,Pestle and mortar
109,Gudalur,The Nilgiris,SC,6.0,THILAGARAJ.N,Independent,IND,Independent,Bat
110,Coonoor,The Nilgiris,GEN,1.0,K. DEENU,Naam Tamilar Katchi,NTK,Solo,Farmer Carrying Plough
110,Coonoor,The Nilgiris,GEN,2.0,A. RAMU,All India Anna Dravida Munnetra Kazhagam,AIADMK,NDA,Two leaves
110,Coonoor,The Nilgiris,GEN,3.0,M. RAJU,Dravida Munnetra Kazhagam,DMK,INDIA/SPA,Rising sun
110,Coonoor,The Nilgiris,GEN,4.0,C. THANGARAJU,Tamilaga Vettri Kazhagam,TVK,Solo,Whistle
110,Coonoor,The Nilgiris,GEN,5.0,C. DINESH KUMAR,Independent,IND,Independent,Trumpet
110,Coonoor,The Nilgiris,GEN,6.0,D. VIDHYASAGAR,Independent,IND,Independent,Gift pack
111,Mettuppalayam,Coimbatore,GEN,1.0,SMT.KAVITHA KALYANASUNDARAM,Dravida Munnetra Kazhagam,DMK,INDIA/SPA,Rising sun
111,Mettuppalayam,Coimbatore,GEN,2.0,S.GOPALAKRISHNAN,Naam Tamilar Katchi,NTK,Solo,Farmer Carrying Plough
111,Mettuppalayam,Coimbatore,GEN,3.0,O.K.CHINNARAJ,All India Anna Dravida Munnetra Kazhagam,AIADMK,NDA,Two leaves
111,Mettuppalayam,Coimbatore,GEN,4.0,S.ABDUL RAHIMAN,Veerath Thiyagi Viswanathadoss Thozhilalarkal Katchi,VTVTK,-,Pestle and mortar
111,Mettuppalayam,Coimbatore,GEN,5.0,R.SANGEETHA,Naadaalum Makkal Katchi,NMK,-,Pen nib with seven rays
111,Mettuppalayam,Coimbatore,GEN,6.0,SIVARAJ.R.,Anna Puratchi Thalaivar Amma Dravida Munnetra Kazhagam,AMMK,NDA,Jackfruit
111,Mettuppalayam,Coimbatore,GEN,7.0,SUNILANAND,Tamilaga Vettri Kazhagam,TVK,Solo,Whistle
111,Mettuppalayam,Coimbatore,GEN,8.0,DHAMOTHARAN.V.,All India Puratchi Thalaivar Makkal Munnetra Kazhagam,AIPTMK,-,Coconut farm
111,Mettuppalayam,Coimbatore,GEN,9.0,C.NAGARAJ,Party for the Rights of Other backward Classes,PROBC,-,Laptop
111,Mettuppalayam,Coimbatore,GEN,10.0,T.AMIRTHALINGAM,Independent,IND,Independent,Dish antenna
111,Mettuppalayam,Coimbatore,GEN,11.0,V.ANANDKUMAR,Independent,IND,Independent,Kettle
111,Mettuppalayam,Coimbatore,GEN,12.0,S.KAVITHA,Independent,IND,Independent,Violin
111,Mettuppalayam,Coimbatore,GEN,13.0,T.R.SHANMUGASUNDARAM,Independent,IND,Independent,Bucket
111,Mettuppalayam,Coimbatore,GEN,14.0,A.SATHIYALEELA,Independent,IND,Independent,Brush
111,Mettuppalayam,Coimbatore,GEN,15.0,N.SARAVANA KUMAR,Independent,IND,Independent,Helmet
111,Mettuppalayam,Coimbatore,GEN,16.0,R.CHINNARAJ,Independent,IND,Independent,Mike
111,Mettuppalayam,Coimbatore,GEN,17.0,V.SENTHIL KUMAR,Independent,IND,Independent,Diamond
111,Mettuppalayam,Coimbatore,GEN,18.0,M.PALANICHAMI,Independent,IND,Independent,Computer
111,Mettuppalayam,Coimbatore,GEN,19.0,C.MAHENDRAN,Independent,IND,Independent,Gramophone
111,Mettuppalayam,Coimbatore,GEN,20.0,MANCHARAN,Independent,IND,Independent,Funnel
111,Mettuppalayam,Coimbatore,GEN,21.0,RANGASAMY.P.,Independent,IND,Independent,Gas cylinder
111,Mettuppalayam,Coimbatore,GEN,22.0,P.RAVICHANDRAN,Independent,IND,Independent,Ring
112,Avanashi,Tiruppur,SC,1.0,DR. GOKILAMANI.V,Dravida Munnetra Kazhagam,DMK,INDIA/SPA,Rising sun
112,Avanashi,Tiruppur,SC,2.0,GOVINDAN.P,Bahujan Samaj Party,BSP,Solo,Elephant
112,Avanashi,Tiruppur,SC,3.0,DR. L. MURUGAN,Bharatiya Janata Party,BJP,NDA,Lotus
112,Avanashi,Tiruppur,SC,4.0,MENAKA. V,Naam Tamilar Katchi,NTK,Solo,Farmer Carrying Plough
112,Avanashi,Tiruppur,SC,5.0,ARUMUGAM.R,Ganasangam Party of India,GPI,-,Lady finger
112,Avanashi,Tiruppur,SC,6.0,KAMALI.S,Tamilaga Vettri Kazhagam,TVK,Solo,Whistle
112,Avanashi,Tiruppur,SC,7.0,CHINNASAMY.V,Tamizhaga Vaazhvurimai Katchi,TVaK,-,Camera
112,Avanashi,Tiruppur,SC,8.0,ARUMUGAM. P,Independent,IND,Independent,Gas cylinder
112,Avanashi,Tiruppur,SC,9.0,ANANDHI.S,Independent,IND,Independent,Tube light
112,Avanashi,Tiruppur,SC,10.0,GOKILAMANI. M,Independent,IND,Independent,Diamond
112,Avanashi,Tiruppur,SC,11.0,SATHIYARASU. R,Independent,IND,Independent,Bat
112,Avanashi,Tiruppur,SC,12.0,SUBRAMANI.C.K,Independent,IND,Independent,Balloon
112,Avanashi,Tiruppur,SC,13.0,DHANABAL.R,Independent,IND,Independent,Road roller
112,Avanashi,Tiruppur,SC,14.0,MOORTHI.R,Independent,IND,Independent,Ring
113,Tiruppur (North),Tiruppur,GEN,1.0,R.ABINAYA,Naam Tamilar Katchi,NTK,Solo,Farmer Carrying Plough
113,Tiruppur (North),Tiruppur,GEN,2.0,M.S.M.ANANDAN,All India Anna Dravida Munnetra Kazhagam,AIADMK,NDA,Two leaves
113,Tiruppur (North),Tiruppur,GEN,3.0,M.RAVI ALIAS M.SUBRAMANIAN,Communist Party of India,CPI,INDIA/SPA,Ears of corn and sickle
113,Tiruppur (North),Tiruppur,GEN,4.0,L.JAMES REYNOLD,Bahujan Samaj Party,BSP,Solo,Elephant
113,Tiruppur (North),Tiruppur,GEN,5.0,T.KRISHNASWAMY,Anna Puratchi Thalaivar Amma Dravida Munnetra Kazhagam,AMMK,NDA,Jackfruit
113,Tiruppur (North),Tiruppur,GEN,6.0,V.SATHYABAMA,Tamilaga Vettri Kazhagam,TVK,Solo,Whistle
113,Tiruppur (North),Tiruppur,GEN,7.0,PY.DHATCHINAMURTHY,Tamizhaga Vaazhvurimai Katchi,TVaK,-,Camera
113,Tiruppur (North),Tiruppur,GEN,8.0,S.ANANDHAKUMAR,Independent,IND,Independent,Electric pole
113,Tiruppur (North),Tiruppur,GEN,9.0,K.ANAND,Independent,IND,Independent,Lady finger
113,Tiruppur (North),Tiruppur,GEN,10.0,GANISHKAR,Independent,IND,Independent,Stethoscope
113,Tiruppur (North),Tiruppur,GEN,11.0,G.BALAKRISHNAN,Independent,IND,Independent,Helmet
113,Tiruppur (North),Tiruppur,GEN,12.0,M.RANGASAMY,Independent,IND,Independent,Gas cylinder
113,Tiruppur (North),Tiruppur,GEN,13.0,P.RAVI,Independent,IND,Independent,Ship
113,Tiruppur (North),Tiruppur,GEN,14.0,R.VISHNUMOORTHY,Independent,IND,Independent,Water tank
113,Tiruppur (North),Tiruppur,GEN,15.0,K.VENKADASWAMY,Independent,IND,Independent,Coconut farm
114,Tiruppur (South),Tiruppur,GEN,1.0,THANGARAJ. S,Bharatiya Janata Party,BJP,NDA,Lotus
114,Tiruppur (South),Tiruppur,GEN,2.0,DINESH. P.N,Naam Tamilar Katchi,NTK,Solo,Farmer Carrying Plough
114,Tiruppur (South),Tiruppur,GEN,3.0,DINESHKUMAR. N,Dravida Munnetra Kazhagam,DMK,INDIA/SPA,Rising sun
114,Tiruppur (South),Tiruppur,GEN,4.0,RANGASAMY. S,Bahujan Samaj Party,BSP,Solo,Elephant
114,Tiruppur (South),Tiruppur,GEN,5.0,KALIMUTHU. K,All India Forward Bloc,AIFB,-,Lion
114,Tiruppur (South),Tiruppur,GEN,6.0,BALAMURUGAN. S,Tamilaga Vettri Kazhagam,TVK,Solo,Whistle
114,Tiruppur (South),Tiruppur,GEN,7.0,MALARVIZHI. G,Indhu Dravida Makkal Katchi,IDMK,-,Television
114,Tiruppur (South),Tiruppur,GEN,8.0,MOHAMED MUBARAK ALI,Ganasangam Party of India,GPI,-,Lady finger
114,Tiruppur (South),Tiruppur,GEN,9.0,VIJAYAKUMAR. M,Anna Puratchi Thalaivar Amma Dravida Munnetra Kazhagam,AMMK,NDA,Jackfruit
114,Tiruppur (South),Tiruppur,GEN,10.0,JOHN BASHA. A,Tamizhaga Vaazhvurimai Katchi,TVaK,-,Camera
114,Tiruppur (South),Tiruppur,GEN,11.0,AMUTHAVEL. P,Independent,IND,Independent,Truck
114,Tiruppur (South),Tiruppur,GEN,12.0,DR. RAMAKRISHNAN. S,Independent,IND,Independent,Ship
114,Tiruppur (South),Tiruppur,GEN,13.0,KARTHIKADEVI. K,Independent,IND,Independent,Brief case
114,Tiruppur (South),Tiruppur,GEN,14.0,KESAVAMURTHI. N,Independent,IND,Independent,Battery Torch
114,Tiruppur (South),Tiruppur,GEN,15.0,DHANABAL. D,Independent,IND,Independent,Pressure cooker
114,Tiruppur (South),Tiruppur,GEN,16.0,DINESHKUMAR,Independent,IND,Independent,Diamond
114,Tiruppur (South),Tiruppur,GEN,17.0,DINESHKUMAR,Independent,IND,Independent,Boat with man and sail
114,Tiruppur (South),Tiruppur,GEN,18.0,DINESHKUMAR. V,Independent,IND,Independent,Mike
114,Tiruppur (South),Tiruppur,GEN,19.0,MAHALINGAM. V,Independent,IND,Independent,Belt
114,Tiruppur (South),Tiruppur,GEN,20.0,RATHINAVEL. M,Independent,IND,Independent,Ring
114,Tiruppur (South),Tiruppur,GEN,21.0,RAMESH. S,Independent,IND,Independent,Matchbox
114,Tiruppur (South),Tiruppur,GEN,22.0,VASANTHAMANI. K,Independent,IND,Independent,Dustbin
114,Tiruppur (South),Tiruppur,GEN,23.0,VENKADASAMY. K,Independent,IND,Independent,Gas cylinder
114,Tiruppur (South),Tiruppur,GEN,24.0,VENKATACHALAM. G,Independent,IND,Independent,Pen nib with seven rays
115,Palladam,Tiruppur,GEN,1.0,K.SELVARAJ,Dravida Munnetra Kazhagam,DMK,INDIA/SPA,Rising sun
115,Palladam,Tiruppur,GEN,2.0,K.V.THAMILINIYAN,Naam Tamilar Katchi,NTK,Solo,Farmer Carrying Plough
115,Palladam,Tiruppur,GEN,3.0,K.P.PARAMASIVAM,All India Anna Dravida Munnetra Kazhagam,AIADMK,NDA,Two leaves
115,Palladam,Tiruppur,GEN,4.0,K.RATHINASAMY,Bahujan Samaj Party,BSP,Solo,Elephant
115,Palladam,Tiruppur,GEN,5.0,K.SAKTHIVEL,Anna Puratchi Thalaivar Amma Dravida Munnetra Kazhagam,AMMK,NDA,Jackfruit
115,Palladam,Tiruppur,GEN,6.0,S.DHARMARAJ,Tamilaga Makkal Nala Katchi,TMNK,-,Electric pole
115,Palladam,Tiruppur,GEN,7.0,K.RAMKUMAR,Tamilaga Vettri Kazhagam,TVK,Solo,Whistle
115,Palladam,Tiruppur,GEN,8.0,A.ANNADURAI,Independent,IND,Independent,Gas cylinder
115,Palladam,Tiruppur,GEN,9.0,ANNADURAI.R,Independent,IND,Independent,Battery Torch
115,Palladam,Tiruppur,GEN,10.0,S.ARUMUGAM,Independent,IND,Independent,Road roller
115,Palladam,Tiruppur,GEN,11.0,A.SARAVANAN,Independent,IND,Independent,Bucket
115,Palladam,Tiruppur,GEN,12.0,G.SELVARAJ,Independent,IND,Independent,Lady finger
115,Palladam,Tiruppur,GEN,13.0,M. SELVARAJ,Independent,IND,Independent,Fountain
115,Palladam,Tiruppur,GEN,14.0,V.MOHANRAJ,Independent,IND,Independent,Diamond
115,Palladam,Tiruppur,GEN,15.0,A. RAMESH,Independent,IND,Independent,Coconut farm
116,Sulur,Coimbatore,GEN,1.0,V.P.KANDASAMY,All India Anna Dravida Munnetra Kazhagam,AIADMK,NDA,Two leaves
116,Sulur,Coimbatore,GEN,2.0,THALAPATHY MURUGESAN,Dravida Munnetra Kazhagam,DMK,INDIA/SPA,Rising sun
116,Sulur,Coimbatore,GEN,3.0,DR.S.RAJASEKARAN,Naam Tamilar Katchi,NTK,Solo,Farmer Carrying Plough
116,Sulur,Coimbatore,GEN,4.0,KANTHASAMY.K.,Anna Puratchi Thalaivar Amma Dravida Munnetra Kazhagam,AMMK,NDA,Jackfruit
116,Sulur,Coimbatore,GEN,5.0,NM.SUKUMAR,Tamilaga Vettri Kazhagam,TVK,Solo,Whistle
116,Sulur,Coimbatore,GEN,6.0,SUMAN SINGH.R.,Tamizhaga Vaazhvurimai Katchi,TVaK,-,Camera
116,Sulur,Coimbatore,GEN,7.0,NAGARAJ.K.,Ganasangam Party of India,GPI,-,Lady finger
116,Sulur,Coimbatore,GEN,8.0,NELSON.W.,Tamilaga Makkal Nala Katchi,TMNK,-,Electric pole
116,Sulur,Coimbatore,GEN,9.0,PALANISAMY.M.,Party for the Rights of Other backward Classes,PROBC,-,Laptop
116,Sulur,Coimbatore,GEN,10.0,PAPPA MUTHULAKSHMI.P.,All India Puratchi Thalaivar Makkal Munnetra Kazhagam,AIPTMK,-,Coconut farm
116,Sulur,Coimbatore,GEN,11.0,KANDASAMY.A.,Independent,IND,Independent,Tongs
116,Sulur,Coimbatore,GEN,12.0,KANDASAMY.R.,Independent,IND,Independent,Peas
116,Sulur,Coimbatore,GEN,13.0,KANDASAMY.V.,Independent,IND,Independent,Green chilli
116,Sulur,Coimbatore,GEN,14.0,MURUGESAN.N.,Independent,IND,Independent,Bat
116,Sulur,Coimbatore,GEN,15.0,MURUGESH.R.,Independent,IND,Independent,Water melon
117,Kavundampalayam,Coimbatore,GEN,1.0,ARUNKUMAR PRG,All India Anna Dravida Munnetra Kazhagam,AIADMK,NDA,Two leaves
117,Kavundampalayam,Coimbatore,GEN,2.0,KALAMANI JAGANATHAN,Naam Tamilar Katchi,NTK,Solo,Farmer Carrying Plough
117,Kavundampalayam,Coimbatore,GEN,3.0,SURYA PRAKASH K.P,Indian National Congress,INC,INDIA/SPA,Hand
117,Kavundampalayam,Coimbatore,GEN,4.0,K.VELMURUGAN,Bahujan Samaj Party,BSP,Solo,Elephant
117,Kavundampalayam,Coimbatore,GEN,5.0,THOZHAR.N.ARUNKUMAR,Tamizhaga Vaazhvurimai Katchi,TVaK,-,Camera
117,Kavundampalayam,Coimbatore,GEN,6.0,KANIMOZHI SANTHOSH,Tamilaga Vettri Kazhagam,TVK,Solo,Whistle
117,Kavundampalayam,Coimbatore,GEN,7.0,S.THAMARAI KANNAN,Party for the Rights of Other backward Classes,PROBC,-,Laptop
117,Kavundampalayam,Coimbatore,GEN,8.0,V.PUSHPANANTHAM,Tamizhaga Murpokku Makkal Katchi,TMMK,-,Gas cylinder
117,Kavundampalayam,Coimbatore,GEN,9.0,MALLIGA.M,All India Puratchi Thalaivar Makkal Munnetra Kazhagam,AIPTMK,-,Coconut farm
117,Kavundampalayam,Coimbatore,GEN,10.0,KANIMOZHI.K,Independent,IND,Independent,Road roller
117,Kavundampalayam,Coimbatore,GEN,11.0,SURIYAKUMAR.K,Independent,IND,Independent,Ring
117,Kavundampalayam,Coimbatore,GEN,12.0,A.BALAMURUGAN,Independent,IND,Independent,Diamond
117,Kavundampalayam,Coimbatore,GEN,13.0,M.RAJALINGAM,Independent,IND,Independent,Air conditioner
117,Kavundampalayam,Coimbatore,GEN,14.0,M.JOHN BOSCO,Independent,IND,Independent,Balloon
118,Coimbatore (North),Coimbatore,GEN,1.0,P. KRISHNASAMY,Bahujan Samaj Party,BSP,Solo,Elephant
118,Coimbatore (North),Coimbatore,GEN,2.0,DURAI. SENTHAMIL SELVAN B.E,Dravida Munnetra Kazhagam,DMK,INDIA/SPA,Rising sun
118,Coimbatore (North),Coimbatore,GEN,3.0,NARMADHA. G.,Naam Tamilar Katchi,NTK,Solo,Farmer Carrying Plough
118,Coimbatore (North),Coimbatore,GEN,4.0,VANATHI SRINIVASAN,Bharatiya Janata Party,BJP,NDA,Lotus
118,Coimbatore (North),Coimbatore,GEN,5.0,K. UDHAYAKUMAR,Thamizhaka Padaippalar Makkal Katchi,TPMK,-,Drill machine
118,Coimbatore (North),Coimbatore,GEN,6.0,V. SAMPATHKUMAR,Tamilaga Vettri Kazhagam,TVK,Solo,Whistle
118,Coimbatore (North),Coimbatore,GEN,7.0,S. SENTHILKUMAR,Samaniya Makkal Nala Katchi,SMNK,-,Walking stick
118,Coimbatore (North),Coimbatore,GEN,8.0,S. MEENAKSHI SUNDARAM,Tamizhaga Murpokku Makkal Katchi,TMMK,-,Gas cylinder
118,Coimbatore (North),Coimbatore,GEN,9.0,K. RAGHUL GANDHI,All India Puratchi Thalaivar Makkal Munnetra Kazhagam,AIPTMK,-,Coconut farm
118,Coimbatore (North),Coimbatore,GEN,10.0,RAJASEKARAN. B.,Tamizhaga Vaazhvurimai Katchi,TVaK,-,Camera
118,Coimbatore (North),Coimbatore,GEN,11.0,G.D. KRISHNAKUMAR,Independent,IND,Independent,Plate containing food
118,Coimbatore (North),Coimbatore,GEN,12.0,V. KRISHNAN,Independent,IND,Independent,Lady finger
118,Coimbatore (North),Coimbatore,GEN,13.0,R. SATHISH KUMAR,Independent,IND,Independent,Harmonium
118,Coimbatore (North),Coimbatore,GEN,14.0,K. SAMPATH KUMAR,Independent,IND,Independent,Bangles
118,Coimbatore (North),Coimbatore,GEN,15.0,S. SAMPATHKUMAR,Independent,IND,Independent,Telephone
118,Coimbatore (North),Coimbatore,GEN,16.0,R. SAMPATH KUMAR,Independent,IND,Independent,CCTV Camera
118,Coimbatore (North),Coimbatore,GEN,17.0,P. SARAVANAN,Independent,IND,Independent,Stool
118,Coimbatore (North),Coimbatore,GEN,18.0,A.K. SENTHAMIZH SELVAN,Independent,IND,Independent,Trumpet
118,Coimbatore (North),Coimbatore,GEN,19.0,R. SETHURAGUNATHAN,Independent,IND,Independent,Flute
118,Coimbatore (North),Coimbatore,GEN,20.0,S. DHANA RAJ,Independent,IND,Independent,Refrigerator
118,Coimbatore (North),Coimbatore,GEN,21.0,PALANIKUMAR. V.,Independent,IND,Independent,Sitar
118,Coimbatore (North),Coimbatore,GEN,22.0,BALU. P.M.,Independent,IND,Independent,Diamond
118,Coimbatore (North),Coimbatore,GEN,23.0,R. MANIAN,Independent,IND,Independent,Violin
118,Coimbatore (North),Coimbatore,GEN,24.0,A. MARIMUTHU,Independent,IND,Independent,Batsman
118,Coimbatore (North),Coimbatore,GEN,25.0,A. RAMESH,Independent,IND,Independent,Chappals
118,Coimbatore (North),Coimbatore,GEN,26.0,RAVI. V,Independent,IND,Independent,Binoculars
118,Coimbatore (North),Coimbatore,GEN,27.0,G. RAJKUMAR,Independent,IND,Independent,Football player
118,Coimbatore (North),Coimbatore,GEN,28.0,V. LINGARAJA,Independent,IND,Independent,Road roller
119,Thondamuthur,Coimbatore,GEN,1.0,N.R.KARTHIKEYAN,Dravida Munnetra Kazhagam,DMK,INDIA/SPA,Rising sun
119,Thondamuthur,Coimbatore,GEN,2.0,RAJABU NISHA.Z,Naam Tamilar Katchi,NTK,Solo,Farmer Carrying Plough
119,Thondamuthur,Coimbatore,GEN,3.0,S.P.VELUMANI,All India Anna Dravida Munnetra Kazhagam,AIADMK,NDA,Two leaves
119,Thondamuthur,Coimbatore,GEN,4.0,SATHISH RAJU (ALIAS) K.P.R. SATHISH,Tamilaga Vettri Kazhagam,TVK,Solo,Whistle
119,Thondamuthur,Coimbatore,GEN,5.0,SHAJAHAN.S,Tamizhaga Vaazhvurimai Katchi,TVaK,-,Camera
119,Thondamuthur,Coimbatore,GEN,6.0,ARULKUMAR.P,Independent,IND,Independent,Air conditioner
119,Thondamuthur,Coimbatore,GEN,7.0,KALAIVANI.S,Independent,IND,Independent,CCTV Camera
119,Thondamuthur,Coimbatore,GEN,8.0,KARTHIKEYAN.M,Independent,IND,Independent,Bat
119,Thondamuthur,Coimbatore,GEN,9.0,KARTHIKEYAN.R,Independent,IND,Independent,Gas cylinder
119,Thondamuthur,Coimbatore,GEN,10.0,KARTHIKEYAN.R-THONDAMUTHUR,Independent,IND,Independent,Tooth brush
119,Thondamuthur,Coimbatore,GEN,11.0,KARTHIKEYAN.R-POOLUVAPATTI,Independent,IND,Independent,Pen nib with seven rays
119,Thondamuthur,Coimbatore,GEN,12.0,KOWSALYA.V,Independent,IND,Independent,Ship
119,Thondamuthur,Coimbatore,GEN,13.0,SIVARAMAN.C,Independent,IND,Independent,Diamond
119,Thondamuthur,Coimbatore,GEN,14.0,DEEPA.G.S,Independent,IND,Independent,Gift pack
119,Thondamuthur,Coimbatore,GEN,15.0,DEVADASS.K,Independent,IND,Independent,Coconut farm
119,Thondamuthur,Coimbatore,GEN,16.0,NIRMALKUMAR.R,Independent,IND,Independent,Cot
119,Thondamuthur,Coimbatore,GEN,17.0,BALAMANI.V,Independent,IND,Independent,Diesel pump
119,Thondamuthur,Coimbatore,GEN,18.0,MANOKARAN.K,Independent,IND,Independent,Wheel barrow
119,Thondamuthur,Coimbatore,GEN,19.0,RAFEEQ.A.M.,Independent,IND,Independent,Helmet
119,Thondamuthur,Coimbatore,GEN,20.0,VIJAYA.K,Independent,IND,Independent,Battery Torch
119,Thondamuthur,Coimbatore,GEN,21.0,VISWANATHAN.M,Independent,IND,Independent,Ring
120,Coimbatore (South),Coimbatore,GEN,1.0,AMMAN K.ARJUNAN,All India Anna Dravida Munnetra Kazhagam,AIADMK,NDA,Two leaves
120,Coimbatore (South),Coimbatore,GEN,2.0,V SENTHILBALAJI,Dravida Munnetra Kazhagam,DMK,INDIA/SPA,Rising sun
120,Coimbatore (South),Coimbatore,GEN,3.0,PERARIVALAN. V,Naam Tamilar Katchi,NTK,Solo,Farmer Carrying Plough
120,Coimbatore (South),Coimbatore,GEN,4.0,GOKULA KRISHNAN.S,Tamizhaga Vaazhvurimai Katchi,TVaK,-,Camera
120,Coimbatore (South),Coimbatore,GEN,5.0,V. SENTHILKUMAR,Tamilaga Vettri Kazhagam,TVK,Solo,Whistle
120,Coimbatore (South),Coimbatore,GEN,6.0,B. DHANDAPANI,New Generation People's Party,NGPP,-,Battery Torch
120,Coimbatore (South),Coimbatore,GEN,7.0,G. MAHESHWARAN,Tamizhaga Murpokku Makkal Katchi,TMMK,-,Gas cylinder
120,Coimbatore (South),Coimbatore,GEN,8.0,N. ABILAZAN,Independent,IND,Independent,Balloon
120,Coimbatore (South),Coimbatore,GEN,9.0,IMTHIYAS,Independent,IND,Independent,Diamond
120,Coimbatore (South),Coimbatore,GEN,10.0,P. KATHIRAVAN,Independent,IND,Independent,Mike
120,Coimbatore (South),Coimbatore,GEN,11.0,GOPALAKRISHNAN,Independent,IND,Independent,Belt
120,Coimbatore (South),Coimbatore,GEN,12.0,P. SANGARARAJ,Independent,IND,Independent,Gas Stove
120,Coimbatore (South),Coimbatore,GEN,13.0,J. SURIYAKUMAR,Independent,IND,Independent,Mixie
120,Coimbatore (South),Coimbatore,GEN,14.0,M. SENTHILKUMAR,Independent,IND,Independent,Pen nib with seven rays
120,Coimbatore (South),Coimbatore,GEN,15.0,V. SENTHILKUMAR,Independent,IND,Independent,Lady finger
120,Coimbatore (South),Coimbatore,GEN,16.0,K. DINESH KUMAR,Independent,IND,Independent,Electric pole
120,Coimbatore (South),Coimbatore,GEN,17.0,P. PALANIVEL,Independent,IND,Independent,Ginger
120,Coimbatore (South),Coimbatore,GEN,18.0,J. PRAVEENKUMAR,Independent,IND,Independent,Letter box
120,Coimbatore (South),Coimbatore,GEN,19.0,T. MAGIZHAN,Independent,IND,Independent,Bat
120,Coimbatore (South),Coimbatore,GEN,20.0,P. MANOJ,Independent,IND,Independent,Kettle
120,Coimbatore (South),Coimbatore,GEN,21.0,B. YUVARAJ,Independent,IND,Independent,Bangles
120,Coimbatore (South),Coimbatore,GEN,22.0,S. RANGARAJ,Independent,IND,Independent,Crane
120,Coimbatore (South),Coimbatore,GEN,23.0,M. RAVICHANDRAN,Independent,IND,Independent,Grapes
120,Coimbatore (South),Coimbatore,GEN,24.0,K.S. RAJAGOPAL,Independent,IND,Independent,Ring
120,Coimbatore (South),Coimbatore,GEN,25.0,K. RAJAPANDIAN,Independent,IND,Independent,Telephone
120,Coimbatore (South),Coimbatore,GEN,26.0,D. VIGNESHWARAN,Independent,IND,Independent,Violin
120,Coimbatore (South),Coimbatore,GEN,27.0,K. VIJAYAN,Independent,IND,Independent,Water melon
120,Coimbatore (South),Coimbatore,GEN,28.0,VENKATACHALAM PARAMASIVAM,Independent,IND,Independent,Ship
120,Coimbatore (South),Coimbatore,GEN,29.0,V. VELMURUGAN,Independent,IND,Independent,Helmet
120,Coimbatore (South),Coimbatore,GEN,30.0,M. JOHN BOSCO,Independent,IND,Independent,Green chilli
120,Coimbatore (South),Coimbatore,GEN,31.0,L. HAKKIM,Independent,IND,Independent,Matchbox
121,Singanallur,Coimbatore,GEN,1.0,SIVAJI PERUMAL,Bahujan Samaj Party,BSP,Solo,Elephant
121,Singanallur,Coimbatore,GEN,2.0,NEHRUJI GUNASEKARAN,Naam Tamilar Katchi,NTK,Solo,Farmer Carrying Plough
121,Singanallur,Coimbatore,GEN,3.0,K.R.JAYARAM,All India Anna Dravida Munnetra Kazhagam,AIADMK,NDA,Two leaves
121,Singanallur,Coimbatore,GEN,4.0,V.SRINIDHI,Indian National Congress,INC,INDIA/SPA,Hand
121,Singanallur,Coimbatore,GEN,5.0,N.R.APPATHURAI,All India Puratchi Thalaivar Makkal Munnetra Kazhagam,AIPTMK,-,Coconut farm
121,Singanallur,Coimbatore,GEN,6.0,SARVESWARAN,Party for the Rights of Other backward Classes,PROBC,-,Laptop
121,Singanallur,Coimbatore,GEN,7.0,S.S.SUNDHARAM,Rashtriya Samaj Dal (R),RSD(R),-,Pressure cooker
121,Singanallur,Coimbatore,GEN,8.0,MURUGAN.O,Ganasangam Party of India,GPI,-,Lady finger
121,Singanallur,Coimbatore,GEN,9.0,K.S.SRI GIRI PRASATH,Tamilaga Vettri Kazhagam,TVK,Solo,Whistle
121,Singanallur,Coimbatore,GEN,10.0,AKBAR ALI,Independent,IND,Independent,Pen nib with seven rays
121,Singanallur,Coimbatore,GEN,11.0,M.ASHOK KUMAR,Independent,IND,Independent,Bat
121,Singanallur,Coimbatore,GEN,12.0,AYOOB RIYAS,Independent,IND,Independent,Triangle
121,Singanallur,Coimbatore,GEN,13.0,N.RAJASEKARAN,Independent,IND,Independent,Tennis racket & ball
121,Singanallur,Coimbatore,GEN,14.0,UMA PARAMASIVAM,Independent,IND,Independent,Flute
121,Singanallur,Coimbatore,GEN,15.0,KARTHIK,Independent,IND,Independent,Wall hook
121,Singanallur,Coimbatore,GEN,16.0,K.KUMAR BABU,Independent,IND,Independent,Ring
121,Singanallur,Coimbatore,GEN,17.0,S.SATHEESH,Independent,IND,Independent,School bag
121,Singanallur,Coimbatore,GEN,18.0,SUBARAMANIAN.N,Independent,IND,Independent,Gas cylinder
121,Singanallur,Coimbatore,GEN,19.0,P.TAMILSELVI,Independent,IND,Independent,Matchbox
121,Singanallur,Coimbatore,GEN,20.0,THAHIR HUSSAIN,Independent,IND,Independent,Diamond
121,Singanallur,Coimbatore,GEN,21.0,V.BALAMURUGAN,Independent,IND,Independent,Balloon
121,Singanallur,Coimbatore,GEN,22.0,R.MANIKANDABRABHU,Independent,IND,Independent,Ship
121,Singanallur,Coimbatore,GEN,23.0,A.MOUNAKUMAR,Independent,IND,Independent,Stumps
121,Singanallur,Coimbatore,GEN,24.0,DR.K.RAJKUMAR,Independent,IND,Independent,Bucket
121,Singanallur,Coimbatore,GEN,25.0,RAJKUMAR.M,Independent,IND,Independent,Jackfruit
121,Singanallur,Coimbatore,GEN,26.0,VASANTHI,Independent,IND,Independent,Bangles
121,Singanallur,Coimbatore,GEN,27.0,VIJAYAKUMAR,Independent,IND,Independent,Bricks
121,Singanallur,Coimbatore,GEN,28.0,JANANI.D,Independent,IND,Independent,Mike
122,Kinathukadavu,Coimbatore,GEN,1.0,SABARI KARTHIKEYAN K.V.K.S,Dravida Munnetra Kazhagam,DMK,INDIA/SPA,Rising sun
122,Kinathukadavu,Coimbatore,GEN,2.0,DAMODARAN S,All India Anna Dravida Munnetra Kazhagam,AIADMK,NDA,Two leaves
122,Kinathukadavu,Coimbatore,GEN,3.0,BANUPRIYA M,Naam Tamilar Katchi,NTK,Solo,Farmer Carrying Plough
122,Kinathukadavu,Coimbatore,GEN,4.0,MARIYAPPAN R,Ganasangam Party of India,GPI,-,Lady finger
122,Kinathukadavu,Coimbatore,GEN,5.0,VIGNESH K,Tamilaga Vettri Kazhagam,TVK,Solo,Whistle
123,Pollachi,Coimbatore,GEN,1.0,C.M. ARUCHAMY,Bahujan Samaj Party,BSP,Solo,Elephant
123,Pollachi,Coimbatore,GEN,2.0,N. SENTHIL KUMAR,Naam Tamilar Katchi,NTK,Solo,Farmer Carrying Plough
123,Pollachi,Coimbatore,GEN,3.0,K. NITHYANANDHAN,Dravida Munnetra Kazhagam,DMK,INDIA/SPA,Rising sun
123,Pollachi,Coimbatore,GEN,4.0,POLLACHI V. JAYARAMAN,All India Anna Dravida Munnetra Kazhagam,AIADMK,NDA,Two leaves
123,Pollachi,Coimbatore,GEN,5.0,G. RAMANATHAN,Tamilaga Vettri Kazhagam,TVK,Solo,Whistle
123,Pollachi,Coimbatore,GEN,6.0,V. KARTHIKEYAN,Independent,IND,Independent,Throwing a javelin
123,Pollachi,Coimbatore,GEN,7.0,P. NAGARAJ,Independent,IND,Independent,Bench
123,Pollachi,Coimbatore,GEN,8.0,T. NITHYANANTHAM,Independent,IND,Independent,Socks
123,Pollachi,Coimbatore,GEN,9.0,K. NITHYANANDAN,Independent,IND,Independent,Shutter
123,Pollachi,Coimbatore,GEN,10.0,M. JAYAPRATHAP,Independent,IND,Independent,Doli
123,Pollachi,Coimbatore,GEN,11.0,S. JEYARAM,Independent,IND,Independent,Tennis racket & ball
123,Pollachi,Coimbatore,GEN,12.0,M. JAYARAM,Independent,IND,Independent,Tea filter
123,Pollachi,Coimbatore,GEN,13.0,M. JAYARAMAN,Independent,IND,Independent,CCTV Camera
124,Valparai,Coimbatore,SC,1.0,UMADEVI. P,Naam Tamilar Katchi,NTK,Solo,Farmer Carrying Plough
124,Valparai,Coimbatore,SC,2.0,KUTTY (ALIAS) SUDHAKAR. A,Dravida Munnetra Kazhagam,DMK,INDIA/SPA,Rising sun
124,Valparai,Coimbatore,SC,3.0,LEKSHMANA SINGH. D,All India Anna Dravida Munnetra Kazhagam,AIADMK,NDA,Two leaves
124,Valparai,Coimbatore,SC,4.0,DR. SRIDHARAN. A,Tamilaga Vettri Kazhagam,TVK,Solo,Whistle
124,Valparai,Coimbatore,SC,5.0,PERUMAL. K,Independent,IND,Independent,Bat
124,Valparai,Coimbatore,SC,6.0,LAKSHMI. N,Independent,IND,Independent,Electric pole
125,Udumalaipettai,Tiruppur,GEN,1.0,RADHAKRISHNAN K.,All India Anna Dravida Munnetra Kazhagam,AIADMK,NDA,Two leaves
125,Udumalaipettai,Tiruppur,GEN,2.0,RAM KUMAR M.,Naam Tamilar Katchi,NTK,Solo,Farmer Carrying Plough
125,Udumalaipettai,Tiruppur,GEN,3.0,JAYAKUMAR M.,Dravida Munnetra Kazhagam,DMK,INDIA/SPA,Rising sun
125,Udumalaipettai,Tiruppur,GEN,4.0,SANKAR K.,Tamilaga Vettri Kazhagam,TVK,Solo,Whistle
125,Udumalaipettai,Tiruppur,GEN,5.0,UMAR ALI D.,Independent,IND,Independent,Battery Torch
125,Udumalaipettai,Tiruppur,GEN,6.0,ELSY C.,Independent,IND,Independent,Electric pole
125,Udumalaipettai,Tiruppur,GEN,7.0,GANESH S.,Independent,IND,Independent,Coconut farm
125,Udumalaipettai,Tiruppur,GEN,8.0,KALIMUTHU S.,Independent,IND,Independent,Bat
125,Udumalaipettai,Tiruppur,GEN,9.0,PADMENDARAPRAKASH A.,Independent,IND,Independent,Pen nib with seven rays
125,Udumalaipettai,Tiruppur,GEN,10.0,MAHENDRAN A.,Independent,IND,Independent,Ring
125,Udumalaipettai,Tiruppur,GEN,11.0,RAMASAMY S.,Independent,IND,Independent,Letter box
126,Madathukulam,Tiruppur,GEN,1.0,M RADHAMANI,Naam Tamilar Katchi,NTK,Solo,Farmer Carrying Plough
126,Madathukulam,Tiruppur,GEN,2.0,R JAYARAMAKRISHNAN,Dravida Munnetra Kazhagam,DMK,INDIA/SPA,Rising sun
126,Madathukulam,Tiruppur,GEN,3.0,C SHANMUGAVELU,Amma Makkal Munnetra Kazagam,AMMK,NDA,Pressure cooker
126,Madathukulam,Tiruppur,GEN,4.0,AK SENTHILKUMAR,Puthiya Tamilagam,PT,-,Gas cylinder
126,Madathukulam,Tiruppur,GEN,5.0,R THIRUMALAI,Tamilaga Vettri Kazhagam,TVK,Solo,Whistle
126,Madathukulam,Tiruppur,GEN,6.0,M AHAMED ALI,Independent,IND,Independent,Camera
126,Madathukulam,Tiruppur,GEN,7.0,A SHANMUGAVEL,Independent,IND,Independent,Pestle and mortar
126,Madathukulam,Tiruppur,GEN,8.0,K SHANMUGAVEL,Independent,IND,Independent,Noodles bowl
126,Madathukulam,Tiruppur,GEN,9.0,S SHANMUGAVEL,Independent,IND,Independent,Kettle
126,Madathukulam,Tiruppur,GEN,10.0,M SHANUGAVEL,Independent,IND,Independent,Diamond
126,Madathukulam,Tiruppur,GEN,11.0,P THANGARAJ,Independent,IND,Independent,Ring
126,Madathukulam,Tiruppur,GEN,12.0,SP MAHENDRAN,Independent,IND,Independent,Electric pole
126,Madathukulam,Tiruppur,GEN,13.0,K VADIVAZHAGAN BALAJI,Independent,IND,Independent,Telephone
127,Palani,Dindigul,GEN,1.0,NACHIMUTHU. S,Bahujan Samaj Party,BSP,Solo,Elephant
127,Palani,Dindigul,GEN,2.0,PANDI. N,Communist Party of India (Marxist),CPI(M),INDIA/SPA,Hammer Sickle and Star
127,Palani,Dindigul,GEN,3.0,MURUGESWARI. B,Naam Tamilar Katchi,NTK,Solo,Farmer Carrying Plough
127,Palani,Dindigul,GEN,4.0,RAVIMANOHARAN. K,All India Anna Dravida Munnetra Kazhagam,AIADMK,NDA,Two leaves
127,Palani,Dindigul,GEN,5.0,DR. PRAVEEN KUMAR. M,Tamilaga Vettri Kazhagam,TVK,Solo,Whistle
127,Palani,Dindigul,GEN,6.0,RAMAMOORTHI. G,Rashtriya Samaj Dal (R),RSD(R),-,Ring
127,Palani,Dindigul,GEN,7.0,VAYKKALDURAI. K,Puthiya Tamilagam,PT,-,Gas cylinder
127,Palani,Dindigul,GEN,8.0,ASHOKKUMAR. G,Independent,IND,Independent,Computer
127,Palani,Dindigul,GEN,9.0,ANBARASU. R,Independent,IND,Independent,Dish antenna
127,Palani,Dindigul,GEN,10.0,THANNASIAPPAN. P,Independent,IND,Independent,Coconut farm
127,Palani,Dindigul,GEN,11.0,THIRUMALAISAMY. B,Independent,IND,Independent,Sewing machine
127,Palani,Dindigul,GEN,12.0,BALACHANDRAN. M,Independent,IND,Independent,Electric pole
127,Palani,Dindigul,GEN,13.0,PRAVEENKUMAR. R,Independent,IND,Independent,Bat
127,Palani,Dindigul,GEN,14.0,MADHESWARI. R,Independent,IND,Independent,Bead necklace
127,Palani,Dindigul,GEN,15.0,JAYAKUMAR. T,Independent,IND,Independent,Pen nib with seven ray
128,Oddanchatram,Dindigul,GEN,1.0,SAKKARAPANI. R,Dravida Munnetra Kazhagam,DMK,INDIA/SPA,Rising sun
128,Oddanchatram,Dindigul,GEN,2.0,MURUGARAJ. P,Bahujan Samaj Party,BSP,Solo,Elephant
128,Oddanchatram,Dindigul,GEN,3.0,RAGUPATHI. P,Naam Tamilar Katchi,NTK,Solo,Farmer Carrying Plough
128,Oddanchatram,Dindigul,GEN,4.0,VIDIYAL S. SEKAR,Bharatiya Janata Party,BJP,NDA,Lotus
128,Oddanchatram,Dindigul,GEN,5.0,MOHAN. S,Tamilaga Vettri Kazhagam,TVK,Solo,Whistle
128,Oddanchatram,Dindigul,GEN,6.0,ALAGIYANNAN. A,Independent,IND,Independent,Pen nib with seven rays
128,Oddanchatram,Dindigul,GEN,7.0,ARUMUGAM. M,Independent,IND,Independent,Gas cylinder
128,Oddanchatram,Dindigul,GEN,8.0,ANANTHRAJ. T,Independent,IND,Independent,Cauliflower
128,Oddanchatram,Dindigul,GEN,9.0,KUMARRATHINAM. M,Independent,IND,Independent,Sitar
128,Oddanchatram,Dindigul,GEN,10.0,CHELLAMUTHU. K,Independent,IND,Independent,Cake
128,Oddanchatram,Dindigul,GEN,11.0,NAGUL PRAKASH. A,Independent,IND,Independent,Trumpet
128,Oddanchatram,Dindigul,GEN,12.0,PRABAHARAN. M,Independent,IND,Independent,Diamond
128,Oddanchatram,Dindigul,GEN,13.0,MANIKANNAN. A,Independent,IND,Independent,Coconut farm
128,Oddanchatram,Dindigul,GEN,14.0,RAGHUNATH. K,Independent,IND,Independent,Computer
129,Athoor,Dindigul,GEN,1.0,S. KARTHIGAISELVAN,Bahujan Samaj Party,BSP,Solo,Elephant
129,Athoor,Dindigul,GEN,2.0,DR. A. SIMON JUSTIN,Naam Tamilar Katchi,NTK,Solo,Farmer Carrying Plough
129,Athoor,Dindigul,GEN,3.0,I. PERIASAMY,Dravida Munnetra Kazhagam,DMK,INDIA/SPA,Rising sun
129,Athoor,Dindigul,GEN,4.0,A. VISWANATHAN,All India Anna Dravida Munnetra Kazhagam,AIADMK,NDA,Two leaves
129,Athoor,Dindigul,GEN,5.0,N. KALAISELVI,Tamilaga Vettri Kazhagam,TVK,Solo,Whistle
129,Athoor,Dindigul,GEN,6.0,D. SANKAR,Naadaalum Makkal Katchi,NMK,-,Pen nib with seven rays
129,Athoor,Dindigul,GEN,7.0,M.K. NAGENDRAN,Aanaithinthiya Jananayaka Pathukappu Kazhagam,AJPK,-,Pressure cooker
129,Athoor,Dindigul,GEN,8.0,S. BALA MURUGAN,Tamizhaga Vaazhvurimai Katchi,TVaK,-,Camera
129,Athoor,Dindigul,GEN,9.0,K. JAYAPRAKASH,Puthiya Tamilagam,PT,-,Gas cylinder
129,Athoor,Dindigul,GEN,10.0,K. KATHIRESAN,Independent,IND,Independent,Coconut farm
129,Athoor,Dindigul,GEN,11.0,D. NAGARAJ,Independent,IND,Independent,Air conditioner
129,Athoor,Dindigul,GEN,12.0,M. PERIYASAMY,Independent,IND,Independent,Bat
129,Athoor,Dindigul,GEN,13.0,P. MANIVEL,Independent,IND,Independent,Truck
129,Athoor,Dindigul,GEN,14.0,K. VISWANATHAN,Independent,IND,Independent,Cot
129,Athoor,Dindigul,GEN,15.0,K. VELMURUGAN,Independent,IND,Independent,Electric pole
130,Nilakkottai,Dindigul,SC,1.0,D.KAILAI RAJAN,Naam Tamilar Katchi,NTK,Solo,Farmer Carrying Plough
130,Nilakkottai,Dindigul,SC,2.0,S.THENMOZHI,All India Anna Cavida Munnetra Kazhagam,AIADMK,NDA,Two leaves
130,Nilakkottai,Dindigul,SC,3.0,S.NAGAJOTHI,Dravida Munnetra Kazhagam,DMK,INDIA/SPA,Rising sun
130,Nilakkottai,Dindigul,SC,4.0,RAJALAKSHMI.M,Bahujan Samaj Party,BSP,Solo,Elephant
130,Nilakkottai,Dindigul,SC,5.0,R.AYYANAR,Tamilaga Vettri Kazhagam,TVK,Solo,Whistle
130,Nilakkottai,Dindigul,SC,6.0,G.ANBALAGAN,All India Puratchi Thalaivar Makkal Munnetra Kazhagam,AIPTMK,-,Coconut farm
130,Nilakkottai,Dindigul,SC,7.0,P.SANKAR,Puthiya Tamilagam,PT,-,Gas cylinder
130,Nilakkottai,Dindigul,SC,8.0,P.SELVAM,Republican Party of India (A),RPI(A),-,Ganna kisan
130,Nilakkottai,Dindigul,SC,9.0,A.ALAPPAN,Independent,IND,Independent,Sitar
130,Nilakkottai,Dindigul,SC,10.0,S.KARUPPAIAH,Independent,IND,Independent,Electric pole
130,Nilakkottai,Dindigul,SC,11.0,CHELLAM,Independent,IND,Independent,Iron
130,Nilakkottai,Dindigul,SC,12.0,N.PERUMAL,Independent,IND,Independent,Television
130,Nilakkottai,Dindigul,SC,13.0,P.MANIKANDAN,Independent,IND,Independent,Peas
130,Nilakkottai,Dindigul,SC,14.0,M.MANOHARAN,Independent,IND,Independent,Ring
130,Nilakkottai,Dindigul,SC,15.0,M.VIJAYAPANDIAN,Independent,IND,Independent,Pen nib with seven rays
131,Natham,Dindigul,GEN,1.0,ALAGAMMAL A,Naam Tamilar Katchi,NTK,Solo,Farmer Carrying Plough
131,Natham,Dindigul,GEN,2.0,SELVAKUMAR K,Dravida Munnetra Kazhagam,DMK,INDIA/SPA,Rising sun
131,Natham,Dindigul,GEN,3.0,NATHAM R VISWANATHAN,All India Anna Dravida Munnetra Kazhagam,AIADMK,NDA,Two leaves
131,Natham,Dindigul,GEN,4.0,ALEX S,Tamizhaga Vaazhvurimai Katchi,TVaK,-,Camera
131,Natham,Dindigul,GEN,5.0,RAMESH L N,Tamilaga Vettri Kazhagam,TVK,Solo,Whistle
131,Natham,Dindigul,GEN,6.0,RAJASEKARAN P,Aanaithinthiya Jananayaka Pathukappu Kazhagam,AJPK,-,Gas cylinder
131,Natham,Dindigul,GEN,7.0,VIJAYAKUMAR S,Puthiya Tamilagam,PT,-,Box
131,Natham,Dindigul,GEN,8.0,GOPAL R,Independent,IND,Independent,Diamond
131,Natham,Dindigul,GEN,9.0,SATHAM USAIN M,Independent,IND,Independent,Bat
131,Natham,Dindigul,GEN,10.0,SUNDAR C,Independent,IND,Independent,Balloon
131,Natham,Dindigul,GEN,11.0,DHANDABANI K,Independent,IND,Independent,Dish antenna
131,Natham,Dindigul,GEN,12.0,TAMILSELVAN C,Independent,IND,Independent,Flute
131,Natham,Dindigul,GEN,13.0,MANIKANDAN V,Independent,IND,Independent,Road roller
131,Natham,Dindigul,GEN,14.0,MARIA AROCKIAM S,Independent,IND,Independent,Cot
131,Natham,Dindigul,GEN,15.0,MURUGAN K,Independent,IND,Independent,Black board
131,Natham,Dindigul,GEN,16.0,MURUGESAN C,Independent,IND,Independent,Television
131,Natham,Dindigul,GEN,17.0,RAMA JANARTHANAN S,Independent,IND,Independent,Laptop
131,Natham,Dindigul,GEN,18.0,VADIVEL K,Independent,IND,Independent,Water tank
131,Natham,Dindigul,GEN,19.0,VIJAYAKUMAR S,Independent,IND,Independent,Bucket
131,Natham,Dindigul,GEN,20.0,VENKATESAN G,Independent,IND,Independent,Computer
131,Natham,Dindigul,GEN,21.0,VENKATESH P,Independent,IND,Independent,Cauliflower
132,Dindigul,Dindigul,GEN,1.0,SREENIVASAN. C,All India Anna Dravida Munnetra Kazhagam,AIADMK,NDA,Two leaves
132,Dindigul,Dindigul,GEN,2.0,SENTHILKUMAR. I.P,Dravida Munnetra Kazhagam,DMK,INDIA/SPA,Rising sun
132,Dindigul,Dindigul,GEN,3.0,MUTHARASI. S,Naam Tamilar Katchi,NTK,Solo,Farmer Carrying Plough
132,Dindigul,Dindigul,GEN,4.0,GOPI KRISHNAN PILLAI. S,Rashtriya Samaj Dal (R),RSD(R),-,Ring
132,Dindigul,Dindigul,GEN,5.0,SHEIK BAREETH.B,Tamizhaga Vaazhvurimai Katchi,TVaK,-,Camera
132,Dindigul,Dindigul,GEN,6.0,NAZEER RAJA. G,Tamilaga Vettri Kazhagam,TVK,Solo,Whistle
132,Dindigul,Dindigul,GEN,7.0,PRADEEP. M,Puthiya Tamilagam,PT,-,Gas cylinder
132,Dindigul,Dindigul,GEN,8.0,RAMUTHEVAR. P,All India Puratchi Thalaivar Makkal Munnetra Kazhagam,AIPTMK,-,Coconut farm
132,Dindigul,Dindigul,GEN,9.0,ANIS BABU. M,Independent,IND,Independent,Diamond
132,Dindigul,Dindigul,GEN,10.0,AROCKIA DASS. J,Independent,IND,Independent,Balloon
132,Dindigul,Dindigul,GEN,11.0,UMAR ALI. R,Independent,IND,Independent,Computer
132,Dindigul,Dindigul,GEN,12.0,GANESH PERUMAL. D,Independent,IND,Independent,Batsman
132,Dindigul,Dindigul,GEN,13.0,KARMEGAM. R,Independent,IND,Independent,Laptop
132,Dindigul,Dindigul,GEN,14.0,SARANYA. M,Independent,IND,Independent,Truck
132,Dindigul,Dindigul,GEN,15.0,SEENIVASAN. P,Independent,IND,Independent,Battery Torch
132,Dindigul,Dindigul,GEN,16.0,SELVADHAYANITHI. M,Independent,IND,Independent,Socks
132,Dindigul,Dindigul,GEN,17.0,NAGARAJ. N,Independent,IND,Independent,Road roller
132,Dindigul,Dindigul,GEN,18.0,BABU. S,Independent,IND,Independent,Pencil box
132,Dindigul,Dindigul,GEN,19.0,MUNIYAPPAN. M,Independent,IND,Independent,Belt
132,Dindigul,Dindigul,GEN,20.0,RAJENDRAN. G,Independent,IND,Independent,Bat
133,Vedasandur,Dindigul,GEN,1.0,KHAJA HUSSAIN AHAMED. A,Naam Tamilar Katchi,NTK,Solo,Farmer Carrying Plough
133,Vedasandur,Dindigul,GEN,2.0,SAMINATHAN. T,Dravida Munnetra Kazhagam,DMK,INDIA/SPA,Rising sun
133,Vedasandur,Dindigul,GEN,3.0,PARAMASIVAM. V.P.B.,All India Anna Dravida Munnetra Kazhagam,AIADMK,NDA,Two leaves
133,Vedasandur,Dindigul,GEN,4.0,DR.NAKAJOTHI. N,Tamilaga Vettri Kazhagam,TVK,Solo,Whistle
133,Vedasandur,Dindigul,GEN,5.0,BOOMIRAJ. K,Samaniya Makkal Nala Katchi,SMNK,-,Walking stick
133,Vedasandur,Dindigul,GEN,6.0,RAMESH. T,Tamizhaga Vaazhvurimai Katchi,TVaK,-,Camera
133,Vedasandur,Dindigul,GEN,7.0,RAVI. R,Communist Party of India (Marxist-Leninist) (Liberation),CPI(ML)L,-,Flag with three stars
133,Vedasandur,Dindigul,GEN,8.0,SURESH. B,Independent,IND,Independent,Bat
133,Vedasandur,Dindigul,GEN,9.0,SELVARAJ. V,Independent,IND,Independent,Computer
133,Vedasandur,Dindigul,GEN,10.0,DHIVAKAR. A,Independent,IND,Independent,Gift pack
133,Vedasandur,Dindigul,GEN,11.0,NATCHIMUTHU. R,Independent,IND,Independent,Box
133,Vedasandur,Dindigul,GEN,12.0,MANIKANDAPRABHU. N C,Independent,IND,Independent,Pressure cooker
133,Vedasandur,Dindigul,GEN,13.0,MANEESHANKAR. M.G.,Independent,IND,Independent,Jackfruit
133,Vedasandur,Dindigul,GEN,14.0,MARIMUTHU. S,Independent,IND,Independent,Table
133,Vedasandur,Dindigul,GEN,15.0,MURUGAN. V,Independent,IND,Independent,Diamond
134,Aravakurichi,Karur,GEN,1.0,ELANGO R,Dravida Munnetra Kazhagam,DMK,INDIA/SPA,Rising sun
134,Aravakurichi,Karur,GEN,2.0,SUGANYA S,Bahujan Samaj Party,BSP,Solo,Elephant
134,Aravakurichi,Karur,GEN,3.0,SELVAKUMAR K,All India Anna Dravida Munnetra Kazhagam,AIADMK,NDA,Two leaves
134,Aravakurichi,Karur,GEN,4.0,NAREN S,Naam Tamilar Katchi,NTK,Solo,Farmer Carrying Plough
134,Aravakurichi,Karur,GEN,5.0,ASIYA BEGUM,All India Puratchi Thalaivar Makkal Munnetra Kazhagam,AIPTMK,-,Coconut farm
134,Aravakurichi,Karur,GEN,6.0,KARTHIKEYAN P,Tamilaga Vettri Kazhagam,TVK,Solo,Whistle
134,Aravakurichi,Karur,GEN,7.0,SAKTHIVEL R,Viduthalai Kalam Katchi,VKK,-,Gas cylinder
134,Aravakurichi,Karur,GEN,8.0,RAVI AG,Tamizhaga Vaazhvurimai Katchi,TVaK,-,Camera
134,Aravakurichi,Karur,GEN,9.0,ARAGUMANI G,Independent,IND,Independent,Road roller
134,Aravakurichi,Karur,GEN,10.0,ARIVALAGAN M,Independent,IND,Independent,Bench
134,Aravakurichi,Karur,GEN,11.0,KATHIRESAN M,Independent,IND,Independent,Flute
134,Aravakurichi,Karur,GEN,12.0,KAVIYARASU T,Independent,IND,Independent,Scissors
134,Aravakurichi,Karur,GEN,13.0,KIRUBANANTH S,Independent,IND,Independent,Cauliflower
134,Aravakurichi,Karur,GEN,14.0,SILAMBARASAN P,Independent,IND,Independent,Head phone
134,Aravakurichi,Karur,GEN,15.0,SIVALINGAM T,Independent,IND,Independent,Pen drive
134,Aravakurichi,Karur,GEN,16.0,SOWMIYA R,Independent,IND,Independent,Calculator
134,Aravakurichi,Karur,GEN,17.0,TAMILARAGAN M,Independent,IND,Independent,Football player
134,Aravakurichi,Karur,GEN,18.0,NATARAJAN P,Independent,IND,Independent,Diamond
134,Aravakurichi,Karur,GEN,19.0,NARENDRAKUMAR G,Independent,IND,Independent,Black board
134,Aravakurichi,Karur,GEN,20.0,NATCHIMUTHU V,Independent,IND,Independent,Hand cart
134,Aravakurichi,Karur,GEN,21.0,PRAVEEN S,Independent,IND,Independent,Truck
134,Aravakurichi,Karur,GEN,22.0,ROOPATHY S,Independent,IND,Independent,Sitar
134,Aravakurichi,Karur,GEN,23.0,MANIKANDAN T,Independent,IND,Independent,CCTV Camera
134,Aravakurichi,Karur,GEN,24.0,MATHIYALAGAN P,Independent,IND,Independent,Telephone
134,Aravakurichi,Karur,GEN,25.0,MURUGESAN R,Independent,IND,Independent,Baby walker
134,Aravakurichi,Karur,GEN,26.0,MOHANKUMAR K,Independent,IND,Independent,Batsman
134,Aravakurichi,Karur,GEN,27.0,RAGUPATHI S,Independent,IND,Independent,Electric pole
134,Aravakurichi,Karur,GEN,28.0,RAMALINGAM V,Independent,IND,Independent,Grapes
134,Aravakurichi,Karur,GEN,29.0,RAJASEKARAN N,Independent,IND,Independent,Water melon
134,Aravakurichi,Karur,GEN,30.0,RAJENDERAN N,Independent,IND,Independent,Gas Stove
135,Karur,Karur,GEN,1.0,KARUPPAIYA. R,Naam Tamilar Katchi,NTK,Solo,Farmer Carrying Plough
135,Karur,Karur,GEN,2.0,AASEE.M. THIAGARAJAN,Dravida Munnetra Kazhagam,DMK,INDIA/SPA,Rising sun
135,Karur,Karur,GEN,3.0,M.R. VIJAYABHASKAR,All India Anna Dravida Munnetra Kazhagam,AIADMK,NDA,Two leaves
135,Karur,Karur,GEN,4.0,JAYAGOPAL. P,Bahujan Samaj Party,BSP,Solo,Elephant
135,Karur,Karur,GEN,5.0,KALIMUTHU. V,Samaniya Makkal Nala Katchi,SMNK,-,Walking stick
135,Karur,Karur,GEN,6.0,GUNASEKARAN. K,Tamizhaga Vaazhvurimai Katchi,TVaK,-,Camera
135,Karur,Karur,GEN,7.0,MATHIYALAGAN V.P,Tamilaga Vettri Kazhagam,TVK,Solo,Whistle
135,Karur,Karur,GEN,8.0,RAMACHANDRAN. A,Ganasangam Party of India,GPI,-,Lady finger
135,Karur,Karur,GEN,9.0,ASARUDHEEN. A,Independent,IND,Independent,Harmonium
135,Karur,Karur,GEN,10.0,ARULMANIYARASU. P,Independent,IND,Independent,Diesel pump
135,Karur,Karur,GEN,11.0,ANBARASAN. N,Independent,IND,Independent,Jackfruit
135,Karur,Karur,GEN,12.0,ANBAZHAGAN. T,Independent,IND,Independent,Diamond
135,Karur,Karur,GEN,13.0,ELAMATHI. S,Independent,IND,Independent,Pen drive
135,Karur,Karur,GEN,14.0,KATHIRAVAN. P,Independent,IND,Independent,Table
135,Karur,Karur,GEN,15.0,KATHIRVEL. K,Independent,IND,Independent,Bench
135,Karur,Karur,GEN,16.0,KANDASAMY. P,Independent,IND,Independent,Door bell
135,Karur,Karur,GEN,17.0,KARUNAMOORTHY. S,Independent,IND,Independent,Tennis racket & ball
135,Karur,Karur,GEN,18.0,KALAIRAJ. K,Independent,IND,Independent,Water melon
135,Karur,Karur,GEN,19.0,KANAGARAJ. S,Independent,IND,Independent,Tiller
135,Karur,Karur,GEN,20.0,KANAGARAJ. P,Independent,IND,Independent,Pen stand
135,Karur,Karur,GEN,21.0,KARTHIKPERUMAL. R,Independent,IND,Independent,Letter box
135,Karur,Karur,GEN,22.0,KALIMUTHU. R,Independent,IND,Independent,Hand cart
135,Karur,Karur,GEN,23.0,KRISHNAKUMAR. K,Independent,IND,Independent,Computer
135,Karur,Karur,GEN,24.0,GOPALA KRISHNAN. A,Independent,IND,Independent,Pestle and mortar
135,Karur,Karur,GEN,25.0,SATHISH KUMAR. S,Independent,IND,Independent,Gramophone
135,Karur,Karur,GEN,26.0,SATHISH. P,Independent,IND,Independent,Ring
135,Karur,Karur,GEN,27.0,SAMPATH. S,Independent,IND,Independent,CCTV Camera
135,Karur,Karur,GEN,28.0,SARAVANAN. R,Independent,IND,Independent,Gas Stove
135,Karur,Karur,GEN,29.0,SIVAKUMAR. A,Independent,IND,Independent,Matchbox
135,Karur,Karur,GEN,30.0,SIVAKUMAR. N,Independent,IND,Independent,Laptop
135,Karur,Karur,GEN,31.0,SIVAKUMAR. V,Independent,IND,Independent,Chess board
135,Karur,Karur,GEN,32.0,SEETHA LAKSHMI. D,Independent,IND,Independent,T.V. Remote
135,Karur,Karur,GEN,33.0,SUBASH MALAYALAM. T,Independent,IND,Independent,Rubber stamp
135,Karur,Karur,GEN,34.0,SURIYAKUMAR. J,Independent,IND,Independent,Funnel
135,Karur,Karur,GEN,35.0,SENBAGAKUMAR. L,Independent,IND,Independent,Grapes
135,Karur,Karur,GEN,36.0,SENTHILKUMAR. G,Independent,IND,Independent,Bat
135,Karur,Karur,GEN,37.0,SENTHILKUMAR. M,Independent,IND,Independent,Chakki
135,Karur,Karur,GEN,38.0,SOUNDARA RAJAN. R,Independent,IND,Independent,Stool
135,Karur,Karur,GEN,39.0,SOUNDARYAN. K,Independent,IND,Independent,Black board
135,Karur,Karur,GEN,40.0,DANIYA. P,Independent,IND,Independent,Gas cylinder
135,Karur,Karur,GEN,41.0,THANGAVELRAJ. S,Independent,IND,Independent,Chimney
135,Karur,Karur,GEN,42.0,THAMILAGAN. A,Independent,IND,Independent,Immersion rod
135,Karur,Karur,GEN,43.0,THIYAGARAJAN. M,Independent,IND,Independent,Lighter
135,Karur,Karur,GEN,44.0,THIRUGNANAM. M,Independent,IND,Independent,Nail cutter
135,Karur,Karur,GEN,45.0,DINESH. B,Independent,IND,Independent,Bangles
135,Karur,Karur,GEN,46.0,DINESH KUMAR. K,Independent,IND,Independent,Coat
135,Karur,Karur,GEN,47.0,DURAISAMY. J,Independent,IND,Independent,Chain
135,Karur,Karur,GEN,48.0,DEVASTIN AUGUSTIN. G,Independent,IND,Independent,Tooth paste
135,Karur,Karur,GEN,49.0,NANDHAKUMAR. A,Independent,IND,Independent,Brief case
135,Karur,Karur,GEN,50.0,PARAMESWARI,Independent,IND,Independent,Coconut farm
135,Karur,Karur,GEN,51.0,PALAMUTHIR SELVAN. O,Independent,IND,Independent,Ship
135,Karur,Karur,GEN,52.0,PALANIRAJAN. K,Independent,IND,Independent,Refrigerator
135,Karur,Karur,GEN,53.0,PALANIVEL. P,Independent,IND,Independent,Pressure cooker
135,Karur,Karur,GEN,54.0,BABU. G,Independent,IND,Independent,Pen nib with seven rays
135,Karur,Karur,GEN,55.0,BHARATHI. P,Independent,IND,Independent,Balloon
135,Karur,Karur,GEN,56.0,BASKAR. P,Independent,IND,Independent,Batsman
135,Karur,Karur,GEN,57.0,PRAKASH. N,Independent,IND,Independent,Noodles bowl
135,Karur,Karur,GEN,58.0,PRASANTH. S,Independent,IND,Independent,Television
135,Karur,Karur,GEN,59.0,PRAVEENKUMAR. J,Independent,IND,Independent,Peas
135,Karur,Karur,GEN,60.0,MANIKANDAN,Independent,IND,Independent,Capsicum
135,Karur,Karur,GEN,61.0,MATHANRAJ. P,Independent,IND,Independent,Ludo
135,Karur,Karur,GEN,62.0,MAILVAGANAN. B,Independent,IND,Independent,Sitar
135,Karur,Karur,GEN,63.0,MANOJ. P,Independent,IND,Independent,Football player
135,Karur,Karur,GEN,64.0,MARIAMMAL. P.M,Independent,IND,Independent,Box
135,Karur,Karur,GEN,65.0,MOHAMAD ISMAIL. M,Independent,IND,Independent,Mike
135,Karur,Karur,GEN,66.0,MUTHU. K.R,Independent,IND,Independent,Scissors
135,Karur,Karur,GEN,67.0,MURALI. M,Independent,IND,Independent,Computer mouse
135,Karur,Karur,GEN,68.0,YOONUS ALI. R,Independent,IND,Independent,Cake
135,Karur,Karur,GEN,69.0,RAGURAMAN MURUGANANTHAM,Independent,IND,Independent,Gift pack
135,Karur,Karur,GEN,70.0,RAJAPANDIAN. K,Independent,IND,Independent,Hour glass
135,Karur,Karur,GEN,71.0,VANITHA. K.M,Independent,IND,Independent,Flute
135,Karur,Karur,GEN,72.0,VIGNESHWARAN. D,Independent,IND,Independent,Calculator
135,Karur,Karur,GEN,73.0,VINEETH. B,Independent,IND,Independent,Drill machine
135,Karur,Karur,GEN,74.0,VINOTHKUMAR. N,Independent,IND,Independent,Dish antenna
135,Karur,Karur,GEN,75.0,VIJAYA BASKAR. R.V,Independent,IND,Independent,Brush
135,Karur,Karur,GEN,76.0,VIJAYAN. K,Independent,IND,Independent,Electric pole
135,Karur,Karur,GEN,77.0,STEPHENRAJ. L,Independent,IND,Independent,Helmet
135,Karur,Karur,GEN,78.0,HARI RAAJ. B,Independent,IND,Independent,Air conditioner
135,Karur,Karur,GEN,79.0,HARIHARAN. S,Independent,IND,Independent,Well
136,Krishnarayapuram,Karur,SC,1.0,GOMATHI. M,Bahujan Samaj Party,BSP,Solo,Elephant
136,Krishnarayapuram,Karur,SC,2.0,SATHIYA. V,Naam Tamilar Katchi,NTK,Solo,Farmer Carrying Plough
136,Krishnarayapuram,Karur,SC,3.0,DR. DHIVYA. S,All India Anna Dravida Munnetra Kazhagam,AIADMK,NDA,Two leaves
136,Krishnarayapuram,Karur,SC,4.0,RAJA. C.K,Dravida Munnetra Kazhagam,DMK,INDIA/SPA,Rising sun
136,Krishnarayapuram,Karur,SC,5.0,SATHYA. M,Tamilaga Vettri Kazhagam,TVK,Solo,Whistle
136,Krishnarayapuram,Karur,SC,6.0,SARAVANAN. V,Tamizhaga Vaazhvurimai Katchi,TVaK,-,Camera
136,Krishnarayapuram,Karur,SC,7.0,SOUNDRAPANDIAN. S,Ganasangam Party of India,GPI,-,Lady finger
136,Krishnarayapuram,Karur,SC,8.0,BALSAMY. B,Naadaalum Makkal Katchi,NMK,-,Pen nib with seven rays
136,Krishnarayapuram,Karur,SC,9.0,RAJAGURU. M,Samaniya Makkal Nala Katchi,SMNK,-,Walking stick
136,Krishnarayapuram,Karur,SC,10.0,INDRAGANDHI. P,Independent,IND,Independent,Jackfruit
136,Krishnarayapuram,Karur,SC,11.0,GANESAN. P,Independent,IND,Independent,Computer
136,Krishnarayapuram,Karur,SC,12.0,SAKTHIVEL. A,Independent,IND,Independent,Television
136,Krishnarayapuram,Karur,SC,13.0,SASIKUMAR. M,Independent,IND,Independent,Coconut farm
136,Krishnarayapuram,Karur,SC,14.0,SENTHIL. P.M.,Independent,IND,Independent,Bat
136,Krishnarayapuram,Karur,SC,15.0,CHELLADURAI. M,Independent,IND,Independent,Pressure cooker
136,Krishnarayapuram,Karur,SC,16.0,SELVAKUMAR. S,Independent,IND,Independent,Matchbox
136,Krishnarayapuram,Karur,SC,17.0,DINESH KUMAR. A,Independent,IND,Independent,Ring
136,Krishnarayapuram,Karur,SC,18.0,DINESH KUMAR. N,Independent,IND,Independent,Laptop
136,Krishnarayapuram,Karur,SC,19.0,NAVEENTH. M,Independent,IND,Independent,Chess board
136,Krishnarayapuram,Karur,SC,20.0,PARAMESWARAN. M,Independent,IND,Independent,Electric pole
136,Krishnarayapuram,Karur,SC,21.0,PRAGANTH. D,Independent,IND,Independent,Cauliflower
136,Krishnarayapuram,Karur,SC,22.0,BABY. P,Independent,IND,Independent,Bench
136,Krishnarayapuram,Karur,SC,23.0,PORSELVAN. B.S,Independent,IND,Independent,Gift pack
136,Krishnarayapuram,Karur,SC,24.0,MAHAMUNI. A,Independent,IND,Independent,Biscuit
136,Krishnarayapuram,Karur,SC,25.0,MANICKAVEL. R,Independent,IND,Independent,Diamond
136,Krishnarayapuram,Karur,SC,26.0,MURUGAN. S,Independent,IND,Independent,Battery Torch
136,Krishnarayapuram,Karur,SC,27.0,MURUGANANDHAM. R.K,Independent,IND,Independent,Harmonium
136,Krishnarayapuram,Karur,SC,28.0,VIMALRAJ. S,Independent,IND,Independent,Telephone
137,KULITHALAI,Karur,GEN,1.0,S.KARUNAKARAN,All India Anna Dravida Munnetra Kazhagam,AIADMK,NDA,Two leaves
137,KULITHALAI,Karur,GEN,2.0,SURIYANURA CHANDRAN,Dravida Munnetra Kazhagam,DMK,INDIA/SPA,Rising sun
137,KULITHALAI,Karur,GEN,3.0,SELVA.NANMAARAN,Naam Tamilar Katchi,NTK,Solo,Farmer Carrying Plough
137,KULITHALAI,Karur,GEN,4.0,BALASUBRAMANI G,Tamilaga Vettri Kazhagam,TVK,Solo,Whistle
137,KULITHALAI,Karur,GEN,5.0,P.MURUGAN,Ganasangam Party of India,GPI,-,Lady finger
137,KULITHALAI,Karur,GEN,6.0,M.ARUNKUMAR,Independent,IND,Independent,Bread
137,KULITHALAI,Karur,GEN,7.0,R.ARUNKUMAR,Independent,IND,Independent,Bucket
137,KULITHALAI,Karur,GEN,8.0,S.IMRANKHAN,Independent,IND,Independent,Belt
137,KULITHALAI,Karur,GEN,9.0,O.KATHALINGAM,Independent,IND,Independent,Camera
137,KULITHALAI,Karur,GEN,10.0,M.GAYATHIRI,Independent,IND,Independent,Brief case
137,KULITHALAI,Karur,GEN,11.0,B.KAJAA MOHIDEEN,Independent,IND,Independent,Bangles
137,KULITHALAI,Karur,GEN,12.0,CHANDRASEKAR P,Independent,IND,Independent,Gas cylinder
137,KULITHALAI,Karur,GEN,13.0,J.SANTHOSH KUMAR,Independent,IND,Independent,Black board
137,KULITHALAI,Karur,GEN,14.0,B.SAMPATHKUMAR,Independent,IND,Independent,Bead necklace
137,KULITHALAI,Karur,GEN,15.0,D.SARAVANAN,Independent,IND,Independent,Baby walker
137,KULITHALAI,Karur,GEN,16.0,V.CHINNASAMY,Independent,IND,Independent,Box
137,KULITHALAI,Karur,GEN,17.0,S.SENTHIL KUMAR,Independent,IND,Independent,Batsman
137,KULITHALAI,Karur,GEN,18.0,P.SELVAKUMAR,Independent,IND,Independent,Almirah
137,KULITHALAI,Karur,GEN,19.0,T.SELVARAJ,Independent,IND,Independent,Helmet
137,KULITHALAI,Karur,GEN,20.0,K.SHEIK ANWARDEEN,Independent,IND,Independent,Boat with man and sail
137,KULITHALAI,Karur,GEN,21.0,M.TAMILSELVAN,Independent,IND,Independent,Biscuit
137,KULITHALAI,Karur,GEN,22.0,J.PRATHAP,Independent,IND,Independent,Bench
137,KULITHALAI,Karur,GEN,23.0,M.MAYILVAGANAN,Independent,IND,Independent,Cake
137,KULITHALAI,Karur,GEN,24.0,J.MADHAVAN,Independent,IND,Independent,Air conditioner
137,KULITHALAI,Karur,GEN,25.0,T.MURUGANTHAM,Independent,IND,Independent,Television
137,KULITHALAI,Karur,GEN,26.0,N.RAMAKRISHNAN,Independent,IND,Independent,Bat
137,KULITHALAI,Karur,GEN,27.0,M.VADIVELAN,Independent,IND,Independent,Brush
137,KULITHALAI,Karur,GEN,28.0,K.VEERAMALAI,Independent,IND,Independent,Bicycle pump
137,KULITHALAI,Karur,GEN,29.0,K.HAKKIM,Independent,IND,Independent,Balloon
138,MANAPPARAI,Tiruchirappalli,GEN,1.0,P. ABDUL SAMED,Dravida Munnetra Kazhagam,DMK,INDIA/SPA,Rising sun
138,MANAPPARAI,Tiruchirappalli,GEN,2.0,M. ARUNAGIRI,Naam Tamilar Katchi,NTK,Solo,Farmer Carrying Plough
138,MANAPPARAI,Tiruchirappalli,GEN,3.0,DR. PL. VIJAYAKUMAR,All India Anna Dravida Munnetra Kazhagam,AIADMK,NDA,Two leaves
138,MANAPPARAI,Tiruchirappalli,GEN,4.0,AROCKIARAJ .A,Samaniya Makkal Nala Katchi,SMNK,-,Walking stick
138,MANAPPARAI,Tiruchirappalli,GEN,5.0,R. KATHIRAVAN,Tamilaga Vettri Kazhagam,TVK,Solo,Whistle
138,MANAPPARAI,Tiruchirappalli,GEN,6.0,P. MEENA,Puthiya Tamilagam,PT,-,Gas cylinder
138,MANAPPARAI,Tiruchirappalli,GEN,7.0,RAJAVARMAN .R,Tamizhaga Vaazhvurimai Katchi,TVaK,-,Camera
138,MANAPPARAI,Tiruchirappalli,GEN,8.0,A. RAMAN,Independent,IND,Independent,Water melon
138,MANAPPARAI,Tiruchirappalli,GEN,9.0,KATHIRAVAN .M,Independent,IND,Independent,Ship
138,MANAPPARAI,Tiruchirappalli,GEN,10.0,M. KARUPPAN,Independent,IND,Independent,Diamond
138,MANAPPARAI,Tiruchirappalli,GEN,11.0,KUTTAIAN,Independent,IND,Independent,Bucket
138,MANAPPARAI,Tiruchirappalli,GEN,12.0,SARPHUDIN,Independent,IND,Independent,Television
138,MANAPPARAI,Tiruchirappalli,GEN,13.0,P. CHINNAN,Independent,IND,Independent,Cake
138,MANAPPARAI,Tiruchirappalli,GEN,14.0,A. SENTHIL KUMAR,Independent,IND,Independent,Gift pack
138,MANAPPARAI,Tiruchirappalli,GEN,15.0,PERIYAKKA,Independent,IND,Independent,Matchbox
138,MANAPPARAI,Tiruchirappalli,GEN,16.0,RAJESH .M,Independent,IND,Independent,Tennis racket & ball
138,MANAPPARAI,Tiruchirappalli,GEN,17.0,P. VIJAYAKUMAR,Independent,IND,Independent,Balloon
138,MANAPPARAI,Tiruchirappalli,GEN,18.0,M. VIJAYA KUMAR,Independent,IND,Independent,Scissors
139,SRIRANGAM,Tiruchirappalli,GEN,1.0,ALLIMUTHU.M,Bahujan Samaj Party,BSP,Solo,Elephant
139,SRIRANGAM,Tiruchirappalli,GEN,2.0,DHARMARAJ. M,Naam Tamilar Katchi,NTK,Solo,Farmer Carrying Plough
139,SRIRANGAM,Tiruchirappalli,GEN,3.0,S. DURAIRAJ,Dravida Munnetra Kazhagam,DMK,INDIA/SPA,Rising sun
139,SRIRANGAM,Tiruchirappalli,GEN,4.0,R.MANOHARAN,All India Anna Dravida Munnetra Kazhagam,AIADMK,NDA,Two leaves
139,SRIRANGAM,Tiruchirappalli,GEN,5.0,KAMARAJ.K,Samaniya Makkal Nala Katchi,SMNK,-,Walking stick
139,SRIRANGAM,Tiruchirappalli,GEN,6.0,KUMAR. P,Akila Inthiya Makkal Marumalarchi Kazhakam,AIMMK,-,Bicycle pump
139,SRIRANGAM,Tiruchirappalli,GEN,7.0,K. SAKTHIVEL,Anna Puratchi Thalaivar Amma Dravida Munnetra Kazhagam,AMMK,NDA,Jackfruit
139,SRIRANGAM,Tiruchirappalli,GEN,8.0,NEWTON.A,Puthiya Tamilagam,PT,-,Gas cylinder
139,SRIRANGAM,Tiruchirappalli,GEN,9.0,MURALI .N,Tamizhaga Vaazhvurimai Katchi,TVaK,-,Camera
139,SRIRANGAM,Tiruchirappalli,GEN,10.0,RAMESH,Tamilaga Vettri Kazhagam,TVK,Solo,Whistle
139,SRIRANGAM,Tiruchirappalli,GEN,11.0,VIJAY .A,All India Puratchi Thalaivar Makkal Munnetra Kazhagam,AIPTMK,-,Coconut farm
139,SRIRANGAM,Tiruchirappalli,GEN,12.0,ANBARASAN.M,Independent,IND,Independent,CCTV Camera
139,SRIRANGAM,Tiruchirappalli,GEN,13.0,KARTHICK.S,Independent,IND,Independent,Gas Stove
139,SRIRANGAM,Tiruchirappalli,GEN,14.0,KRISHNAKUMAR.A,Independent,IND,Independent,Batsman
139,SRIRANGAM,Tiruchirappalli,GEN,15.0,SHASHI KIRAN .K .N,Independent,IND,Independent,Diamond
139,SRIRANGAM,Tiruchirappalli,GEN,16.0,S. DURAIRAJ,Independent,IND,Independent,Cauliflower
139,SRIRANGAM,Tiruchirappalli,GEN,17.0,PARAMASIVAM,Independent,IND,Independent,Box
139,SRIRANGAM,Tiruchirappalli,GEN,18.0,MOHAMED MUSTHAFA. M,Independent,IND,Independent,Pen stand
139,SRIRANGAM,Tiruchirappalli,GEN,19.0,MUTHUKUMAR.P,Independent,IND,Independent,Air conditioner
139,SRIRANGAM,Tiruchirappalli,GEN,20.0,RAMESH.R,Independent,IND,Independent,Clip
139,SRIRANGAM,Tiruchirappalli,GEN,21.0,RAVICHANDIRAN.N,Independent,IND,Independent,Belt
140,TIRUCHIRAPPALLI (WEST),Tiruchirappalli,GEN,1.0,CHINNAIYAN POOSARI,Bahujan Samaj Party,BSP,Solo,Elephant
140,TIRUCHIRAPPALLI (WEST),Tiruchirappalli,GEN,2.0,K.N.NEHRU,Dravida Munnetra Kazhagam,DMK,INDIA/SPA,Rising sun
140,TIRUCHIRAPPALLI (WEST),Tiruchirappalli,GEN,3.0,K.BHUVANESWARI,Naam Tamilar Katchi,NTK,Solo,Farmer Carrying Plough
140,TIRUCHIRAPPALLI (WEST),Tiruchirappalli,GEN,4.0,M.RAJASEKARAN,Amma Makkal Munnetra Kazagam,AMMK,NDA,Pressure cooker
140,TIRUCHIRAPPALLI (WEST),Tiruchirappalli,GEN,5.0,R.PRABU,Tamizhaga Vaazhvurimai Katchi,TVaK,-,Camera
140,TIRUCHIRAPPALLI (WEST),Tiruchirappalli,GEN,6.0,G.RAMAMOORTHI,Tamilaga Vettri Kazhagam,TVK,Solo,Whistle
140,TIRUCHIRAPPALLI (WEST),Tiruchirappalli,GEN,7.0,A.VEERAMANI,Samaniya Makkal Nala Katchi,SMNK,-,Walking stick
140,TIRUCHIRAPPALLI (WEST),Tiruchirappalli,GEN,8.0,M.KALAIMANI,Independent,IND,Independent,Matchbox
140,TIRUCHIRAPPALLI (WEST),Tiruchirappalli,GEN,9.0,M.CHANDRASEKARAN,Independent,IND,Independent,Flute
140,TIRUCHIRAPPALLI (WEST),Tiruchirappalli,GEN,10.0,SAMPATH,Independent,IND,Independent,Battery Torch
140,TIRUCHIRAPPALLI (WEST),Tiruchirappalli,GEN,11.0,SUNDARAPANDIYARAJA,Independent,IND,Independent,Gas cylinder
140,TIRUCHIRAPPALLI (WEST),Tiruchirappalli,GEN,12.0,P.RAJENDRAN,Independent,IND,Independent,Coconut farm
140,TIRUCHIRAPPALLI (WEST),Tiruchirappalli,GEN,13.0,A.VASUDEVAN,Independent,IND,Independent,Almirah
140,TIRUCHIRAPPALLI (WEST),Tiruchirappalli,GEN,14.0,JEEVANANTHAM.M,Independent,IND,Independent,Diamond
141,TIRUCHIRAPPALLI (EAST),Tiruchirappalli,GEN,1.0,R. ELANGOVAN,Bahujan Samaj Party,BSP,Solo,Elephant
141,TIRUCHIRAPPALLI (EAST),Tiruchirappalli,GEN,2.0,S. INIGO IRUDAYARAJ,Dravida Munnetra Kazhagam,DMK,INDIA/SPA,Rising sun
141,TIRUCHIRAPPALLI (EAST),Tiruchirappalli,GEN,3.0,DR.KRISHNASAMY .V,Naam Tamilar Katchi,NTK,Solo,Farmer Carrying Plough
141,TIRUCHIRAPPALLI (EAST),Tiruchirappalli,GEN,4.0,G. RAJASEKARAN,All India Anna Dravida Munnetra Kazhagam,AIADMK,NDA,Two leaves
141,TIRUCHIRAPPALLI (EAST),Tiruchirappalli,GEN,5.0,ANAND SELVARAJ,National Maha Sabha Party,NMSP,-,Ship
141,TIRUCHIRAPPALLI (EAST),Tiruchirappalli,GEN,6.0,N. GOBINATH,Puthiya Tamilagam,PT,-,Gas cylinder
141,TIRUCHIRAPPALLI (EAST),Tiruchirappalli,GEN,7.0,SUKUMAR .S,Thamizhaka Padaippalar Makkal Katchi,TPMK,-,Drill machine
141,TIRUCHIRAPPALLI (EAST),Tiruchirappalli,GEN,8.0,C. NANDA KUMAR,All India Puratchi Thalaivar Makkal Munnetra Kazhagam,AIPTMK,-,Coconut farm
141,TIRUCHIRAPPALLI (EAST),Tiruchirappalli,GEN,9.0,R. MUTHUKUMAR,Samaniya Makkal Nala Katchi,SMNK,-,Walking stick
141,TIRUCHIRAPPALLI (EAST),Tiruchirappalli,GEN,10.0,ROYAL RAJA,Tamizhaga Vaazhvurimai Katchi,TVaK,-,Camera
141,TIRUCHIRAPPALLI (EAST),Tiruchirappalli,GEN,11.0,VIJAY .K,All India Jananayaka Makkal Kazhagam,AIJMK,-,Trumpet
141,TIRUCHIRAPPALLI (EAST),Tiruchirappalli,GEN,12.0,VIJAIA MOHANAAJI .MA,Vidial Valarchi Perani,VVP,-,Chappals
141,TIRUCHIRAPPALLI (EAST),Tiruchirappalli,GEN,13.0,C. JOSEPH VIJAY,Tamilaga Vettri Kazhagam,TVK,Solo,Whistle
141,TIRUCHIRAPPALLI (EAST),Tiruchirappalli,GEN,14.0,T. GANGAI ULAGANATHAN,Independent,IND,Independent,Ring
141,TIRUCHIRAPPALLI (EAST),Tiruchirappalli,GEN,15.0,KANNAN .S,Independent,IND,Independent,Mike
141,TIRUCHIRAPPALLI (EAST),Tiruchirappalli,GEN,16.0,P. CHARLES SAGAYARAJ,Independent,IND,Independent,Plate stand
141,TIRUCHIRAPPALLI (EAST),Tiruchirappalli,GEN,17.0,G. SEBASTIAN ANAND,Independent,IND,Independent,Diamond
141,TIRUCHIRAPPALLI (EAST),Tiruchirappalli,GEN,18.0,S. PANNEER SELVAM,Independent,IND,Independent,Scissors
141,TIRUCHIRAPPALLI (EAST),Tiruchirappalli,GEN,19.0,J. ROBERT CHRISTY,Independent,IND,Independent,Matchbox
141,TIRUCHIRAPPALLI (EAST),Tiruchirappalli,GEN,20.0,P. RAJENDRAN,Independent,IND,Independent,Bat
142,THIRUVERUMBUR,Tiruchirappalli,GEN,1.0,ANBIL MAHESH POYYAMOZHI,Dravida Munnetra Kazhagam,DMK,INDIA/SPA,Rising sun
142,THIRUVERUMBUR,Tiruchirappalli,GEN,2.0,KUMAR. P,All India Anna Dravida Munnetra Kazhagam,AIADMK,NDA,Two leaves
142,THIRUVERUMBUR,Tiruchirappalli,GEN,3.0,RAJESH. T,Naam Tamilar Katchi,NTK,Solo,Farmer Carrying Plough
142,THIRUVERUMBUR,Tiruchirappalli,GEN,4.0,VISITHRA. S,Bahujan Samaj Party,BSP,Solo,Elephant
142,THIRUVERUMBUR,Tiruchirappalli,GEN,5.0,KUMARAVEL. T,Thamizhaka Padaippalar Makkal Katchi,TPMK,-,Drill machine
142,THIRUVERUMBUR,Tiruchirappalli,GEN,6.0,PITCHAIMUTHU. A,Puthiya Tamilagam,PT,-,Gas cylinder
142,THIRUVERUMBUR,Tiruchirappalli,GEN,7.0,RANJITH. S,Tamizhaga Vaazhvurimai Katchi,TVaK,-,Camera
142,THIRUVERUMBUR,Tiruchirappalli,GEN,8.0,VIJAYAKUMAR (A) NAVALPATTU S. V.M,Tamilaga Vettri Kazhagam,TVK,Solo,Whistle
142,THIRUVERUMBUR,Tiruchirappalli,GEN,9.0,JOSEPH. L,Samaniya Makkal Nala Katchi,SMNK,-,Walking stick
142,THIRUVERUMBUR,Tiruchirappalli,GEN,10.0,YESURAJ. I,Independent,IND,Independent,Bucket
142,THIRUVERUMBUR,Tiruchirappalli,GEN,11.0,KUMAR. K,Independent,IND,Independent,Box
142,THIRUVERUMBUR,Tiruchirappalli,GEN,12.0,KUMAR. P,Independent,IND,Independent,Air conditioner
142,THIRUVERUMBUR,Tiruchirappalli,GEN,13.0,CHARLES. S,Independent,IND,Independent,Gramophone
142,THIRUVERUMBUR,Tiruchirappalli,GEN,14.0,SUBBULAKSHMI. R,Independent,IND,Independent,Battery Torch
142,THIRUVERUMBUR,Tiruchirappalli,GEN,15.0,DEEPAK. P,Independent,IND,Independent,Throwing a javelin
142,THIRUVERUMBUR,Tiruchirappalli,GEN,16.0,POULOSH. D,Independent,IND,Independent,Ship
142,THIRUVERUMBUR,Tiruchirappalli,GEN,17.0,MURUGANANTHAM. G,Independent,IND,Independent,Scissors
142,THIRUVERUMBUR,Tiruchirappalli,GEN,18.0,DR. MOHANA CHELVAN. P,Independent,IND,Independent,Telephone
142,THIRUVERUMBUR,Tiruchirappalli,GEN,19.0,RAMACHANDRAN. V,Independent,IND,Independent,Matchbox
142,THIRUVERUMBUR,Tiruchirappalli,GEN,20.0,VINCENTRAJ. A,Independent,IND,Independent,Table
142,THIRUVERUMBUR,Tiruchirappalli,GEN,21.0,VIJAYAKUMAR. C,Independent,IND,Independent,Bricks
142,THIRUVERUMBUR,Tiruchirappalli,GEN,22.0,VIJAYAKUMAR. N,Independent,IND,Independent,Road roller
142,THIRUVERUMBUR,Tiruchirappalli,GEN,23.0,VETRIVEL KANNA. P,Independent,IND,Independent,Diamond
142,THIRUVERUMBUR,Tiruchirappalli,GEN,24.0,JAYACHANDRAN. P,Independent,IND,Independent,Room cooler
142,THIRUVERUMBUR,Tiruchirappalli,GEN,25.0,SHAJAGAN. A,Independent,IND,Independent,Computer mouse
142,THIRUVERUMBUR,Tiruchirappalli,GEN,26.0,HABEEB RAHAMAN. H,Independent,IND,Independent,Dish antenna
143,LALGUDI,Tiruchirappalli,GEN,1.0,T. SOUNDRAPANDIAN,Dravida Munnetra Kazhagam,DMK,INDIA/SPA,Rising sun
143,LALGUDI,Tiruchirappalli,GEN,2.0,PRATHEEBA,Bahujan Samaj Party,BSP,Solo,Elephant
143,LALGUDI,Tiruchirappalli,GEN,3.0,N. MADHAN,Naam Tamilar Katchi,NTK,Solo,Farmer Carrying Plough
143,LALGUDI,Tiruchirappalli,GEN,4.0,LEEMAROSE MARTIN,All India Anna Dravida Munnetra Kazhagam,AIADMK,NDA,Two leaves
143,LALGUDI,Tiruchirappalli,GEN,5.0,K. IMMACULATE MARY,Samaniya Makkal Nala Katchi,SMNK,-,Air conditioner
143,LALGUDI,Tiruchirappalli,GEN,6.0,P. ELANCHEZHIYAN,Puthiya Tamilagam,PT,-,Gas cylinder
143,LALGUDI,Tiruchirappalli,GEN,7.0,E. YESUDOSS,Tamilaga Makkal Nala Katchi,TMNK,-,Electric pole
143,LALGUDI,Tiruchirappalli,GEN,8.0,KU PA KRISHNAN,Tamilaga Vettri Kazhagam,TVK,Solo,Whistle
143,LALGUDI,Tiruchirappalli,GEN,9.0,P. SARAVANAN,Tamizhaga Vaazhvurimai Katchi,TVaK,-,Camera
143,LALGUDI,Tiruchirappalli,GEN,10.0,JOSEPHIN,All India Puratchi Thalaivar Makkal Munnetra Kazhagam,AIPTMK,-,Coconut farm
143,LALGUDI,Tiruchirappalli,GEN,11.0,A. AMALAN SAVARIMUTHU,Independent,IND,Independent,Tooth paste
143,LALGUDI,Tiruchirappalli,GEN,12.0,M. KRISHNAN,Independent,IND,Independent,Letter box
143,LALGUDI,Tiruchirappalli,GEN,13.0,K. SENTHILKUMAR,Independent,IND,Independent,Gramophone
143,LALGUDI,Tiruchirappalli,GEN,14.0,R. TAMILARASAN,Independent,IND,Independent,Gas Stove
143,LALGUDI,Tiruchirappalli,GEN,15.0,K. DHARMARAJ,Independent,IND,Independent,Iron
143,LALGUDI,Tiruchirappalli,GEN,16.0,DHANAMOORTHY .R,Independent,IND,Independent,T.V. Remote
143,LALGUDI,Tiruchirappalli,GEN,17.0,R. DINESHKUMAR,Independent,IND,Independent,Batsman
143,LALGUDI,Tiruchirappalli,GEN,18.0,R. PONSILAMBU,Independent,IND,Independent,Pen nib with seven rays
143,LALGUDI,Tiruchirappalli,GEN,19.0,MANSOOR ALIKHAN,Independent,IND,Independent,Truck
143,LALGUDI,Tiruchirappalli,GEN,20.0,V. MUTHUSAMY,Independent,IND,Independent,Water tank
143,LALGUDI,Tiruchirappalli,GEN,21.0,MOHAMED ABUBAKKAR SIDDIQ,Independent,IND,Independent,Gift pack
143,LALGUDI,Tiruchirappalli,GEN,22.0,M. RAMESHKUMAR,Independent,IND,Independent,Diamond
143,LALGUDI,Tiruchirappalli,GEN,23.0,JINNAH JAKEER HUSSAIN,Independent,IND,Independent,Pressure cooker
143,LALGUDI,Tiruchirappalli,GEN,24.0,A. JEGAN SALAMONDOSS,Independent,IND,Independent,Scissors
144,MANACHANALLUR,Tiruchirappalli,GEN,1.0,KATHIRAVAN. S,Dravida Munnetra Kazhagam,DMK,INDIA/SPA,Rising sun
144,MANACHANALLUR,Tiruchirappalli,GEN,2.0,THENMOZHI. R,Naam Tamilar Katchi,NTK,Solo,Farmer Carrying Plough
144,MANACHANALLUR,Tiruchirappalli,GEN,3.0,R.V. BHARATHAN,All India Anna Dravida Munnetra Kazhagam,AIADMK,NDA,Two leaves
144,MANACHANALLUR,Tiruchirappalli,GEN,4.0,BALAKRISHNAN (A) AMOOR BALU,Bahujan Samaj Party,BSP,Solo,Elephant
144,MANACHANALLUR,Tiruchirappalli,GEN,5.0,V.SARAVANAN,Tamilaga Vettri Kazhagam,TVK,Solo,Whistle
144,MANACHANALLUR,Tiruchirappalli,GEN,6.0,K. SENTHILKUMAR,Samaniya Makkal Nala Katchi,SMNK,-,Bucket
144,MANACHANALLUR,Tiruchirappalli,GEN,7.0,BALU. M,Puthiya Tamilagam,PT,-,Gas cylinder
144,MANACHANALLUR,Tiruchirappalli,GEN,8.0,REVATHI. S,Akila Inthiya Makkal Marumalarchi Kazhakam,AIMMK,-,Balloon
144,MANACHANALLUR,Tiruchirappalli,GEN,9.0,VEERAIYA. C,Tamizhaga Vaazhvurimai Katchi,TVaK,-,Camera
144,MANACHANALLUR,Tiruchirappalli,GEN,10.0,KARTHIKEYAN. P,Independent,IND,Independent,Computer
144,MANACHANALLUR,Tiruchirappalli,GEN,11.0,GOPALAKRISHNAN. V,Independent,IND,Independent,Calculator
144,MANACHANALLUR,Tiruchirappalli,GEN,12.0,SHANMUGAM. V.T,Independent,IND,Independent,Ship
144,MANACHANALLUR,Tiruchirappalli,GEN,13.0,SATHEESKUMAR. K,Independent,IND,Independent,Box
144,MANACHANALLUR,Tiruchirappalli,GEN,14.0,SARAVANAKUMAR. S,Independent,IND,Independent,Matchbox
144,MANACHANALLUR,Tiruchirappalli,GEN,15.0,DIVESH. S,Independent,IND,Independent,Chess board
144,MANACHANALLUR,Tiruchirappalli,GEN,16.0,NAGARAJAN. V,Independent,IND,Independent,Pestle and mortar
144,MANACHANALLUR,Tiruchirappalli,GEN,17.0,RAMESH KUMAR. G,Independent,IND,Independent,Bat
144,MANACHANALLUR,Tiruchirappalli,GEN,18.0,RADHAKRISHNAN. S,Independent,IND,Independent,Diamond
144,MANACHANALLUR,Tiruchirappalli,GEN,19.0,RAMPRASAD. N,Independent,IND,Independent,Scissors
144,MANACHANALLUR,Tiruchirappalli,GEN,20.0,RAJASEHAR. R,Independent,IND,Independent,Battery Torch
144,MANACHANALLUR,Tiruchirappalli,GEN,21.0,RAJU. V,Independent,IND,Independent,Cake
144,MANACHANALLUR,Tiruchirappalli,GEN,22.0,JAYARAMAN. M,Independent,IND,Independent,Jackfruit
145,MUSIRI,Tiruchirappalli,GEN,1.0,N.S.KARUNAIRAAJA,Dravida Munnetra Kazhagam,DMK,INDIA/SPA,Rising sun
145,MUSIRI,Tiruchirappalli,GEN,2.0,G. BAKIYALAKSHMI,Naam Tamilar Katchi,NTK,Solo,Farmer Carrying Plough
145,MUSIRI,Tiruchirappalli,GEN,3.0,N.YOGANATHAN,All India Anna Dravida Munnetra Kazhagam,AIADMK,NDA,Two leaves
145,MUSIRI,Tiruchirappalli,GEN,4.0,M.CHINNAIYAN,Puthiya Tamilagam,PT,-,Gas cylinder
145,MUSIRI,Tiruchirappalli,GEN,5.0,K.DHIVYA,Rashtriya Samaj Dal (R),RSD(R),-,Ship
145,MUSIRI,Tiruchirappalli,GEN,6.0,C.PALANISAMY,Tamizhaga Vaazhvurimai Katchi,TVaK,-,Camera
145,MUSIRI,Tiruchirappalli,GEN,7.0,MALARMANNAN.M,Samaniya Makkal Nala Katchi,SMNK,-,Walking stick
145,MUSIRI,Tiruchirappalli,GEN,8.0,M.VIGNESH,Tamilaga Vettri Kazhagam,TVK,Solo,Whistle
145,MUSIRI,Tiruchirappalli,GEN,9.0,S.VENKATESHWARAN,Anti Corruption Dynamic Party,ACDP,-,Jackfruit
145,MUSIRI,Tiruchirappalli,GEN,10.0,SENTHILKUMAR,Independent,IND,Independent,Pestle and mortar
145,MUSIRI,Tiruchirappalli,GEN,11.0,P.LOGANATHAN M.SC.M.PHIL.,Independent,IND,Independent,Helmet
146,THURAIYUR,Tiruchirappalli,SC,1.0,S KOWSALYA,Naam Tamilar Katchi,NTK,Solo,Farmer Carrying Plough
146,THURAIYUR,Tiruchirappalli,SC,2.0,E.SAROJA,All India Anna Dravida Munnetra Kazhagam,AIADMK,NDA,Two leaves
146,THURAIYUR,Tiruchirappalli,SC,3.0,P.SRINIVASAN,Bahujan Samaj Party,BSP,Solo,Elephant
146,THURAIYUR,Tiruchirappalli,SC,4.0,M.LENIN PRASATH,Indian National Congress,INC,INDIA/SPA,Hand
146,THURAIYUR,Tiruchirappalli,SC,5.0,GNANAVETTIYAN SIVAPERUMAL .K,Tamizhaga Vaazhvurimai Katchi,TVaK,-,Camera
146,THURAIYUR,Tiruchirappalli,SC,6.0,RAVISANKAR.M,Tamilaga Vettri Kazhagam,TVK,Solo,Whistle
146,THURAIYUR,Tiruchirappalli,SC,7.0,T. RAJAMANICKAM,Puthiya Tamilagam,PT,-,Gas cylinder
146,THURAIYUR,Tiruchirappalli,SC,8.0,E.SAROJA,Independent,IND,Independent,Scissors
146,THURAIYUR,Tiruchirappalli,SC,9.0,K.SAROJA,Independent,IND,Independent,Sofa
146,THURAIYUR,Tiruchirappalli,SC,10.0,P.SAROJA,Independent,IND,Independent,Water melon
146,THURAIYUR,Tiruchirappalli,SC,11.0,K.SELVAM,Independent,IND,Independent,Diamond
146,THURAIYUR,Tiruchirappalli,SC,12.0,SELVAM .G,Independent,IND,Independent,Matchbox
146,THURAIYUR,Tiruchirappalli,SC,13.0,G. DHINESHKUMAR,Independent,IND,Independent,Ring
146,THURAIYUR,Tiruchirappalli,SC,14.0,N. MUTHAZHAGU,Independent,IND,Independent,Battery Torch
146,THURAIYUR,Tiruchirappalli,SC,15.0,M. RAVICHANDRAN,Independent,IND,Independent,Television
147,PERAMBALUR,Perambalur,SC,1.0,ARIVAZHAGAN. D,Bahujan Samaj Party,BSP,Solo,Elephant
147,PERAMBALUR,Perambalur,SC,2.0,SUGANYA. J,Naam Tamilar Katchi,NTK,Solo,Farmer Carrying Plough
147,PERAMBALUR,Perambalur,SC,3.0,THAMIZHSELVAN. R,All India Anna Dravida Munnetra Kazhagam,AIADMK,NDA,Two leaves
147,PERAMBALUR,Perambalur,SC,4.0,DR. JAYALAKSHMI. S.T,Dravida Munnetra Kazhagam,DMK,INDIA/SPA,Rising sun
147,PERAMBALUR,Perambalur,SC,5.0,SIVAKUMAR. K,Tamilaga Vettri Kazhagam,TVK,Solo,Whistle
147,PERAMBALUR,Perambalur,SC,6.0,DHAMODHARAN. S,Tamizhaga Vaazhvurimai Katchi,TVaK,-,Camera
147,PERAMBALUR,Perambalur,SC,7.0,ANANDAJOTHI PARAMASIVAM,Independent,IND,Independent,Coconut farm
147,PERAMBALUR,Perambalur,SC,8.0,CHANDRAKUMAR. P,Independent,IND,Independent,Chappals
147,PERAMBALUR,Perambalur,SC,9.0,SHIYAMALA. M,Independent,IND,Independent,Gas cylinder
147,PERAMBALUR,Perambalur,SC,10.0,SUBRAMANIAN. R,Independent,IND,Independent,Diamond
147,PERAMBALUR,Perambalur,SC,11.0,JAYACHANDRAN. B,Independent,IND,Independent,Ship
148,KUNNAM,Perambalur,GEN,1.0,KEERTHIVASAN. R,Naam Tamilar Katchi,NTK,Solo,Farmer Carrying Plough
148,KUNNAM,Perambalur,GEN,2.0,SARANYA. A,All India Anna Dravida Munnetra Kazhagam,AIADMK,NDA,Two leaves
148,KUNNAM,Perambalur,GEN,3.0,SIVASANKAR. S.S,Dravida Munnetra Kazhagam,DMK,INDIA/SPA,Rising sun
148,KUNNAM,Perambalur,GEN,4.0,NALLUSAMY. K.M,Bahujan Samaj Party,BSP,Solo,Elephant
148,KUNNAM,Perambalur,GEN,5.0,ANBUTHAMIZHAN. T,Thamizh Perarasu Katchi,TPMK,-,Matchbox
148,KUNNAM,Perambalur,GEN,6.0,RAJA. S.P,Tamizhaga Vaazhvurimai Katchi,TVaK,-,Camera
148,KUNNAM,Perambalur,GEN,7.0,ELANGOVAN. K,Naadaalum Makkal Katchi,NMK,-,Pen nib with seven rays
148,KUNNAM,Perambalur,GEN,8.0,REVATHI MUTHAMILSELVAN,Tamilaga Vettri Kazhagam,TVK,Solo,Whistle
148,KUNNAM,Perambalur,GEN,9.0,UDHAYASURIYAN. T,Independent,IND,Independent,Ring
148,KUNNAM,Perambalur,GEN,10.0,KATHIRAVAN. A.C,Independent,IND,Independent,Electric pole
148,KUNNAM,Perambalur,GEN,11.0,CHANDRASEKAR. P,Independent,IND,Independent,Battery Torch
148,KUNNAM,Perambalur,GEN,12.0,SAMINATHAN. C,Independent,IND,Independent,Sitar
148,KUNNAM,Perambalur,GEN,13.0,SIVASANKARAN. P,Independent,IND,Independent,Gas cylinder
148,KUNNAM,Perambalur,GEN,14.0,THANASEKAR. R,Independent,IND,Independent,Rubber stamp
148,KUNNAM,Perambalur,GEN,15.0,NALLATHAMBI. P,Independent,IND,Independent,Diamond
148,KUNNAM,Perambalur,GEN,16.0,MUTHAMILSELVAN. D,Independent,IND,Independent,Dumbbells
148,KUNNAM,Perambalur,GEN,17.0,VIVEK. T,Independent,IND,Independent,Mike
148,KUNNAM,Perambalur,GEN,18.0,VINOTHKUMAR. M,Independent,IND,Independent,Trumpet
148,KUNNAM,Perambalur,GEN,19.0,SHAJAHAN,Independent,IND,Independent,Dish antenna
149,ARIYALUR,Ariyalur,GEN,1.0,PUGAZHENDHI D,Naam Tamilar Katchi,NTK,Solo,Farmer Carrying Plough
149,ARIYALUR,Ariyalur,GEN,2.0,RAJENDRAN S,All India Anna Dravida Munnetra Kazhagam,AIADMK,NDA,Two leaves
149,ARIYALUR,Ariyalur,GEN,3.0,LATHA BALU,Dravida Munnetra Kazhagam,DMK,INDIA/SPA,Rising sun
149,ARIYALUR,Ariyalur,GEN,4.0,STALIN V,Bahujan Samaj Party,BSP,Solo,Elephant
149,ARIYALUR,Ariyalur,GEN,5.0,THANGA. SHANMUGA SUNDARAM,Naadaalum Makkal Katchi,NMK,-,Pen nib with seven rays
149,ARIYALUR,Ariyalur,GEN,6.0,SIVAKUMAR M,Tamilaga Vettri Kazhagam,TVK,Solo,Whistle
149,ARIYALUR,Ariyalur,GEN,7.0,SUDHAKAR M,Tamizhaga Vaazhvurimai Katchi,TVaK,-,Camera
149,ARIYALUR,Ariyalur,GEN,8.0,RAJKUMAR S,All India Puratchi Thalaivar Makkal Munnetra Kazhagam,AIPTMK,-,Coconut farm
149,ARIYALUR,Ariyalur,GEN,9.0,ELAIYARAJA C,Independent,IND,Independent,Tongs
149,ARIYALUR,Ariyalur,GEN,10.0,KRISHNAMOORTHY C,Independent,IND,Independent,Ladder
149,ARIYALUR,Ariyalur,GEN,11.0,KUMAR K,Independent,IND,Independent,Safety pin
149,ARIYALUR,Ariyalur,GEN,12.0,SEMMALAI T,Independent,IND,Independent,Gas cylinder
149,ARIYALUR,Ariyalur,GEN,13.0,RAJKUMAR K,Independent,IND,Independent,Electric pole
149,ARIYALUR,Ariyalur,GEN,14.0,VETRIVEL G,Independent,IND,Independent,Bench
149,ARIYALUR,Ariyalur,GEN,15.0,JOTHIBASU K,Independent,IND,Independent,Diamond
150,JAYANKONDAM,Ariyalur,GEN,1.0,KANNAN KA.SO.KA.,Dravida Munnetra Kazhagam,DMK,INDIA/SPA,Rising sun
150,JAYANKONDAM,Ariyalur,GEN,2.0,CHINNADURAI S.,Bahujan Samaj Party,BSP,Solo,Elephant
150,JAYANKONDAM,Ariyalur,GEN,3.0,REVATHI K.,Naam Tamilar Katchi,NTK,Solo,Farmer Carrying Plough
150,JAYANKONDAM,Ariyalur,GEN,4.0,AZHAGESAN V.R.,Desiya Makkal Sakthi Katchi,DMSK,-,Balloon
150,JAYANKONDAM,Ariyalur,GEN,5.0,RAVANAN M.,Naadaalum Makkal Katchi,NMK,-,Pen nib with seven rays
150,JAYANKONDAM,Ariyalur,GEN,6.0,KAVITHA RAJENDRAN G.,Tamilaga Vettri Kazhagam,TVK,Solo,Whistle
150,JAYANKONDAM,Ariyalur,GEN,7.0,SANKAR M.,Rashtriya Samaj Dal (R),RSD(R),-,Ring
150,JAYANKONDAM,Ariyalur,GEN,8.0,PAGUTHARIVALAN A.,Tamizhaga Vaazhvurimai Katchi,TVaK,-,Camera
150,JAYANKONDAM,Ariyalur,GEN,9.0,RAVISANKAR N.,Aanaithinthiya Jananayaka Pathukappu Kazhagam,AJPK,-,Gas cylinder
150,JAYANKONDAM,Ariyalur,GEN,10.0,VAITHILINGAM G.,Pattali Makkal Katchi,PMK,NDA,Mango
150,JAYANKONDAM,Ariyalur,GEN,11.0,JAYABALAN G.,Veera Tamil Nadu Munnetra Katchi,VTMK,-,Water melon
150,JAYANKONDAM,Ariyalur,GEN,12.0,ANANDHAKUMAR R.,Independent,IND,Independent,Jackfruit
150,JAYANKONDAM,Ariyalur,GEN,13.0,ISAC NEWTAN J.,Independent,IND,Independent,Cauliflower
150,JAYANKONDAM,Ariyalur,GEN,14.0,KANNAN K.,Independent,IND,Independent,Road roller
150,JAYANKONDAM,Ariyalur,GEN,15.0,GURUNATHAN N.,Independent,IND,Independent,Bat
150,JAYANKONDAM,Ariyalur,GEN,16.0,CHANTHIRASEKAR S.,Independent,IND,Independent,Capsicum
150,JAYANKONDAM,Ariyalur,GEN,17.0,VINOTHSAVARIRUMIJEAS C.,Independent,IND,Independent,Matchbox
150,JAYANKONDAM,Ariyalur,GEN,18.0,VENKATAJALAPATHI R.,Independent,IND,Independent,Stumps
150,JAYANKONDAM,Ariyalur,GEN,19.0,VEZHAVENTHAN D.,Independent,IND,Independent,Bucket
151,TITTAKUDI,Cuddalore,SC,1.0,RAVICHANDRAN K.P,Bahujan Samaj Party,BSP,Solo,Elephant
151,TITTAKUDI,Cuddalore,SC,2.0,GANESAN C.V,Dravida Munnetra Kazhagam,DMK,INDIA/SPA,Rising sun
151,TITTAKUDI,Cuddalore,SC,3.0,MAHALAKSHMI V,Naam Tamilar Katchi,NTK,Solo,Farmer Carrying Plough
151,TITTAKUDI,Cuddalore,SC,4.0,MURUGUMARAN N,All India Anna Dravida Munnetra Kazhagam,AIADMK,NDA,Two leaves
151,TITTAKUDI,Cuddalore,SC,5.0,SATHYA M,Aanaithinthiya Jananayaka Pathukappu Kazhagam,AJPK,-,Gas cylinder
151,TITTAKUDI,Cuddalore,SC,6.0,PALANIVEL R,All India Puratchi Thalaivar Makkal Munnetra Kazhagam,AIPTMK,-,Coconut farm
151,TITTAKUDI,Cuddalore,SC,7.0,RAJASEKAR A,Tamilaga Vettri Kazhagam,TVK,Solo,Whistle
151,TITTAKUDI,Cuddalore,SC,8.0,JAYARAMAN N,Bahujan Dravida Party,BDP,-,Gift pack
151,TITTAKUDI,Cuddalore,SC,9.0,JAYA K,Tamizhaga Vaazhvurimai Katchi,TVaK,-,Camera
151,TITTAKUDI,Cuddalore,SC,10.0,SILAMBARASAN J,Independent,IND,Independent,CCTV Camera
151,TITTAKUDI,Cuddalore,SC,11.0,PADMANATHAN V,Independent,IND,Independent,Water melon
151,TITTAKUDI,Cuddalore,SC,12.0,PERINBAM D,Independent,IND,Independent,Jackfruit
151,TITTAKUDI,Cuddalore,SC,13.0,MURUGAN A,Independent,IND,Independent,Peas
151,TITTAKUDI,Cuddalore,SC,14.0,VELMURUGAN G,Independent,IND,Independent,Mike
152,VRIDDHACHALAM,Cuddalore,GEN,1.0,ANANTHI DHANDAPANI,Naam Tamilar Katchi,NTK,Solo,Farmer Carrying Plough
152,VRIDDHACHALAM,Cuddalore,GEN,2.0,SIVAPRAKASAM.V,Bahujan Samaj Party,BSP,Solo,Elephant
152,VRIDDHACHALAM,Cuddalore,GEN,3.0,PREMALLATHA VIJAYAKANT,Desiya Murpokku Dravida Kazhagam,DMDK,INDIA/SPA,Nagara
152,VRIDDHACHALAM,Cuddalore,GEN,4.0,ARIVAZHAGAN.E.N,Tamizhaga Vaazhvurimai Katchi,TVaK,-,Camera
152,VRIDDHACHALAM,Cuddalore,GEN,5.0,ARIVUDAINAMBI.S,Anti Corruption Dynamic Party,ACDP,-,Jackfruit
152,VRIDDHACHALAM,Cuddalore,GEN,6.0,SATHIYA.B,Anna Makkal Katchi,AMK,-,Coconut farm
152,VRIDDHACHALAM,Cuddalore,GEN,7.0,SIDHARTHAN.S,Desiya Makkal Sakthi Katchi,DMSK,-,Football player
152,VRIDDHACHALAM,Cuddalore,GEN,8.0,GNANASUNDARI.M,Aanaithinthiya Jananayaka Pathukappu Kazhagam,AJPK,-,Gas cylinder
152,VRIDDHACHALAM,Cuddalore,GEN,9.0,DR.TAMIZHARASI.P,Pattali Makkal Katchi,PMK,NDA,Mango
152,VRIDDHACHALAM,Cuddalore,GEN,10.0,VIJAY.S,Tamilaga Vettri Kazhagam,TVK,Solo,Whistle
152,VRIDDHACHALAM,Cuddalore,GEN,11.0,EZHILKUMAR.K,Independent,IND,Independent,Bat
152,VRIDDHACHALAM,Cuddalore,GEN,12.0,SIVASANKARAN.K,Independent,IND,Independent,Capsicum
152,VRIDDHACHALAM,Cuddalore,GEN,13.0,SRINIVASAN.R,Independent,IND,Independent,Gift pack
152,VRIDDHACHALAM,Cuddalore,GEN,14.0,DURAI.K,Independent,IND,Independent,Mike
152,VRIDDHACHALAM,Cuddalore,GEN,15.0,DEIVEEGADASS.M,Independent,IND,Independent,Air conditioner
152,VRIDDHACHALAM,Cuddalore,GEN,16.0,BALU.P,Independent,IND,Independent,Almirah
152,VRIDDHACHALAM,Cuddalore,GEN,17.0,PRABAKARAN.T,Independent,IND,Independent,Ship
152,VRIDDHACHALAM,Cuddalore,GEN,18.0,JAYAPRAKASH.S,Independent,IND,Independent,Diamond
153,NEYVELI,Cuddalore,GEN,1.0,SABA.RAJENDRAN,Dravida Munnetra Kazhagam,DMK,INDIA/SPA,Rising sun
153,NEYVELI,Cuddalore,GEN,2.0,RAJENDRAN.R,All India Anna Dravida Munnetra Kazhagam,AIADMK,NDA,Two leaves
153,NEYVELI,Cuddalore,GEN,3.0,VEERAMANI.B,Naam Tamilar Katchi,NTK,Solo,Farmer Carrying Plough
153,NEYVELI,Cuddalore,GEN,4.0,JOTHIMURUGAN.V,Bahujan Samaj Party,BSP,Solo,Elephant
153,NEYVELI,Cuddalore,GEN,5.0,ANAND.K,Tamilaga Vettri Kazhagam,TVK,Solo,Whistle
153,NEYVELI,Cuddalore,GEN,6.0,THIRUMALVALAVAN.T,Tamizhaga Vaazhvurimai Katchi,TVaK,-,Camera
153,NEYVELI,Cuddalore,GEN,7.0,MAYAKRISHNAN.K,Veerath Thiyagi Viswanathadoss Thozhilalarkal Katchi,VTVTK,-,Pestle and mortar
153,NEYVELI,Cuddalore,GEN,8.0,KARTHIKEYAN.C.M,Independent,IND,Independent,CCTV Camera
153,NEYVELI,Cuddalore,GEN,9.0,SATHIYASEELAN.M,Independent,IND,Independent,Ship
153,NEYVELI,Cuddalore,GEN,10.0,CHEZHIYAN.G,Independent,IND,Independent,Television
153,NEYVELI,Cuddalore,GEN,11.0,MANIMARAN.P,Independent,IND,Independent,Wallet
154,PANRUTI,Cuddalore,GEN,1.0,ABDUR RAHMAN. A.R,Viduthalai Chiruthaigal Katchi,VCK,INDIA/SPA,Pot
154,PANRUTI,Cuddalore,GEN,2.0,BANUPRIYA. M,Naam Tamilar Katchi,NTK,Solo,Farmer Carrying Plough
154,PANRUTI,Cuddalore,GEN,3.0,MOHAN. K,All India Anna Dravida Munnetra Kazhagam,AIADMK,NDA,Two leaves
154,PANRUTI,Cuddalore,GEN,4.0,SRIKANTHU. S,Bahujan Samaj Party,BSP,Solo,Elephant
154,PANRUTI,Cuddalore,GEN,5.0,SURENDAR. R,Tamizhaga Vaazhvurimai Katchi,TVaK,-,Camera
154,PANRUTI,Cuddalore,GEN,6.0,PRAKASH. R,Thamizhaka Padaippalar Makkal Katchi,TPMK,-,Drill machine
154,PANRUTI,Cuddalore,GEN,7.0,MANIKANDAN. M,Tamilaga Vettri Kazhagam,TVK,Solo,Whistle
154,PANRUTI,Cuddalore,GEN,8.0,MOHAMMED SAFI. A,Independent,IND,Independent,Jackfruit
154,PANRUTI,Cuddalore,GEN,9.0,RAMALINGAM. A,Independent,IND,Independent,Bangles
155,CUDDALORE,Cuddalore,GEN,1.0,A.S.CHANDARASEKARAN,Indian National Congress,INC,INDIA/SPA,Hand
155,CUDDALORE,Cuddalore,GEN,2.0,M.C.SAMPATH,All India Anna Dravida Munnetra Kazhagam,AIADMK,NDA,Two leaves
155,CUDDALORE,Cuddalore,GEN,3.0,S.SARASU,Naam Tamilar Katchi,NTK,Solo,Farmer Carrying Plough
155,CUDDALORE,Cuddalore,GEN,4.0,P.NATARAJAN,Bahujan Samaj Party,BSP,Solo,Elephant
155,CUDDALORE,Cuddalore,GEN,5.0,S. RAMASAMY,All India Puratchi Thalaivar Makkal Munnetra Kazhagam,AIPTMK,-,Coconut farm
155,CUDDALORE,Cuddalore,GEN,6.0,B.RAJKUMAR,Tamilaga Vettri Kazhagam,TVK,Solo,Whistle
155,CUDDALORE,Cuddalore,GEN,7.0,K.LENIN,Tamizhaga Vaazhvurimai Katchi,TVaK,-,Camera
155,CUDDALORE,Cuddalore,GEN,8.0,S.RAJAMOHAN,Independent,IND,Independent,Bucket
155,CUDDALORE,Cuddalore,GEN,9.0,E.GURUBARAN,Independent,IND,Independent,Gas cylinder
155,CUDDALORE,Cuddalore,GEN,10.0,V. SUGANTHI,Independent,IND,Independent,Gas Stove
155,CUDDALORE,Cuddalore,GEN,11.0,P.NAGASUNDARAM,Independent,IND,Independent,Diamond
155,CUDDALORE,Cuddalore,GEN,12.0,E.FAROOK ALI,Independent,IND,Independent,Almirah
155,CUDDALORE,Cuddalore,GEN,13.0,R.MAYAVAN,Independent,IND,Independent,Room cooler
155,CUDDALORE,Cuddalore,GEN,14.0,R.RAMACHANDRAN,Independent,IND,Independent,Television
155,CUDDALORE,Cuddalore,GEN,15.0,R. VEERAMANI,Independent,IND,Independent,Ginger
156,KURINJIPADI,Cuddalore,GEN,1.0,KAVITHA RENGANATHAN,Naam Tamilar Katchi,NTK,Solo,Farmer Carrying Plough
156,KURINJIPADI,Cuddalore,GEN,2.0,M KANAGARAJ,Bahujan Samaj Party,BSP,Solo,Elephant
156,KURINJIPADI,Cuddalore,GEN,3.0,M.R.K.PANNEERSELVAM,Dravida Munnetra Kazhagam,DMK,INDIA/SPA,Rising sun
156,KURINJIPADI,Cuddalore,GEN,4.0,A BHUVANENTHIRAN,All India Anna Dravida Munnetra Kazhagam,AIADMK,NDA,Two leaves
156,KURINJIPADI,Cuddalore,GEN,5.0,T KANNAN,Tamizhaga Vaazhvurimai Katchi,TVaK,-,Camera
156,KURINJIPADI,Cuddalore,GEN,6.0,R SRINIVASAN,Tamil Telugu National Party,TTNP,-,Gas cylinder
156,KURINJIPADI,Cuddalore,GEN,7.0,RAJKUMAR D,Tamilaga Vettri Kazhagam,TVK,Solo,Whistle
156,KURINJIPADI,Cuddalore,GEN,8.0,ARUMUGAM R,Independent,IND,Independent,CCTV Camera
156,KURINJIPADI,Cuddalore,GEN,9.0,DHANAKESAVAMOORTHY A.C.T,Independent,IND,Independent,Bucket
156,KURINJIPADI,Cuddalore,GEN,10.0,MANIMALA R,Independent,IND,Independent,Bangles
156,KURINJIPADI,Cuddalore,GEN,11.0,MUTHAZHAGAN N,Independent,IND,Independent,Television
157,Bhuvanagiri,Cuddalore,GEN,1.0,ARUNMOZHITHEVAN . A,All India Anna Dravida Munnetra Kazhagam,AIADMK,NDA,Two leaves
157,Bhuvanagiri,Cuddalore,GEN,2.0,KUMARAVELU . M,Bahujan Samaj Party,BSP,Solo,Elephant
157,Bhuvanagiri,Cuddalore,GEN,3.0,SARAVANAN. DURAI . K,Dravida Munnetra Kazhagam,DMK,INDIA/SPA,Rising sun
157,Bhuvanagiri,Cuddalore,GEN,4.0,SUMATHI . S,Naam Tamilar Katchi,NTK,Solo,Farmer Carrying Plough
157,Bhuvanagiri,Cuddalore,GEN,5.0,MAHALINGAM . T,Tamilaga Vettri Kazhagam,TVK,Solo,Whistle
157,Bhuvanagiri,Cuddalore,GEN,6.0,MUTHAMIZHAN . SEVA,Tamizhaga Vaazhvurimai Katchi,TVaK,-,Camera
157,Bhuvanagiri,Cuddalore,GEN,7.0,ARUNMOZHI . V,Independent,IND,Independent,Binoculars
157,Bhuvanagiri,Cuddalore,GEN,8.0,EZHILVENTHAN . P,Independent,IND,Independent,Almirah
157,Bhuvanagiri,Cuddalore,GEN,9.0,IYYAPPAN . S,Independent,IND,Independent,Ship
157,Bhuvanagiri,Cuddalore,GEN,10.0,SARAVANAN . J,Independent,IND,Independent,Electric pole
157,Bhuvanagiri,Cuddalore,GEN,11.0,BALAMURUGAN . M. R,Independent,IND,Independent,Gas cylinder
157,Bhuvanagiri,Cuddalore,GEN,12.0,BALAMURUGAN . G. C,Independent,IND,Independent,Batsman
157,Bhuvanagiri,Cuddalore,GEN,13.0,RAJA SEKAR . G,Independent,IND,Independent,Diamond
158,CHIDAMBARAM,Cuddalore,GEN,1.0,THAMIMUN ANSARI. M,Dravida Munnetra Kazhagam,DMK,INDIA/SPA,Rising sun
158,CHIDAMBARAM,Cuddalore,GEN,2.0,THAMIZH,Naam Tamilar Katchi,NTK,Solo,Farmer Carrying Plough
158,CHIDAMBARAM,Cuddalore,GEN,3.0,PANDIAN. K.A,All India Anna Dravida Munnetra Kazhagam,AIADMK,NDA,Two leaves
158,CHIDAMBARAM,Cuddalore,GEN,4.0,DHANASEKARAN. M,All India Puratchi Thalaivar Makkal Munnetra Kazhagam,AIPTMK,-,Coconut farm
158,CHIDAMBARAM,Cuddalore,GEN,5.0,NEDUNCHEZHIYAN,Tamilaga Vettri Kazhagam,TVK,Solo,Whistle
158,CHIDAMBARAM,Cuddalore,GEN,6.0,MUNISANKAR. K,Anna Puratchi Thalaivar Amma Dravida Munnetra Kazhagam,AMMK,NDA,Jackfruit
158,CHIDAMBARAM,Cuddalore,GEN,7.0,EASAN NATARAJAN. T,Independent,IND,Independent,Diamond
158,CHIDAMBARAM,Cuddalore,GEN,8.0,THIRUGNANAM. K,Independent,IND,Independent,Pan
158,CHIDAMBARAM,Cuddalore,GEN,9.0,MANIMARAN. D,Independent,IND,Independent,Kettle
158,CHIDAMBARAM,Cuddalore,GEN,10.0,VENKATESAN. D,Independent,IND,Independent,Flute
158,CHIDAMBARAM,Cuddalore,GEN,11.0,ER. JAYAKUMAR. R,Independent,IND,Independent,Electric pole
159,Kattumannarkoil,Cuddalore,SC,1.0,SATHEESHKUMAR .M,Bahujan Samaj Party,BSP,Solo,Elephant
159,Kattumannarkoil,Cuddalore,SC,2.0,SIVAJOTHI .M,Naam Tamilar Katchi,NTK,Solo,Farmer Carrying Plough
159,Kattumannarkoil,Cuddalore,SC,3.0,L.E. JOTHIMANI,Viduthalai Chiruthaigal Katchi,VCK,INDIA/SPA,Pot
159,Kattumannarkoil,Cuddalore,SC,4.0,ALAVANTHAR .M,Tamizhaga Vaazhvurimai Katchi,TVaK,-,Camera
159,Kattumannarkoil,Cuddalore,SC,5.0,G. KALYANA SUNDARAM,All India Jananayaka Makkal Kazhagam,AIJMK,-,Mixee
159,Kattumannarkoil,Cuddalore,SC,6.0,S. SEENUVASAN,Tamilaga Vettri Kazhagam,TVK,Solo,Whistle
159,Kattumannarkoil,Cuddalore,SC,7.0,A. SOZHAN,Pattali Makkal Katchi,PMK,NDA,Mango
159,Kattumannarkoil,Cuddalore,SC,8.0,BABU .B,Rashtriya Samaj Dal (R),RSD(R),-,Plastering trowel
159,Kattumannarkoil,Cuddalore,SC,9.0,S. MURALI,Aanaithinthiya Jananayaka Pathukappu Kazhagam,AJPK,-,Gas cylinder
159,Kattumannarkoil,Cuddalore,SC,10.0,M.A.T. ARCHUNAN,Independent,IND,Independent,Matchbox
159,Kattumannarkoil,Cuddalore,SC,11.0,SANKARKUMAR .S,Independent,IND,Independent,Cauliflower
160,Sirkazhi,Mayiladuthurai,SC,1.0,GAJENDRAN.KANAGA,Bahujan Samaj Party,BSP,Solo,Elephant
160,Sirkazhi,Mayiladuthurai,SC,2.0,SAKTHI.M,All India Anna Dravida Munnetra Kazhagam,AIADMK,NDA,Two leaves
160,Sirkazhi,Mayiladuthurai,SC,3.0,SUBASH.R,Naam Tamilar Katchi,NTK,Solo,Farmer Carrying Plough
160,Sirkazhi,Mayiladuthurai,SC,4.0,SENTHILSELVAN.R,Dravida Munnetra Kazhagam,DMK,INDIA/SPA,Rising sun
160,Sirkazhi,Mayiladuthurai,SC,5.0,GOPINATH.S,Tamilaga Vettri Kazhagam,TVK,Solo,Whistle
160,Sirkazhi,Mayiladuthurai,SC,6.0,PANDIYAN.C.R,Indhu Dravida Makkal Katchi,IDMK,-,Gas cylinder
160,Sirkazhi,Mayiladuthurai,SC,7.0,BABUSANKAR.R,Our Mahathma National Party,OMNP,-,Football player
160,Sirkazhi,Mayiladuthurai,SC,8.0,PETHAPERUMAL.K,Tamizhaga Vaazhvurimai Katchi,TVaK,-,Camera
160,Sirkazhi,Mayiladuthurai,SC,9.0,MALATHI.A,All India Puratchi Thalaivar Makkal Munnetra Kazhagam,AIPTMK,-,Coconut farm
160,Sirkazhi,Mayiladuthurai,SC,10.0,TAMILVENTHAN.R,Independent,IND,Independent,Scissors
161,MAYILADUTHURAI,Mayiladuthurai,GEN,1.0,KASIRAMAN. K,Naam Tamilar Katchi,NTK,Solo,Farmer Carrying Plough
161,MAYILADUTHURAI,Mayiladuthurai,GEN,2.0,VENKATESAN. K,Bahujan Samaj Party,BSP,Solo,Elephant
161,MAYILADUTHURAI,Mayiladuthurai,GEN,3.0,JAMAL MOHAMED YOUNOOS. Y.N,Indian National Congress,INC,INDIA/SPA,Hand
161,MAYILADUTHURAI,Mayiladuthurai,GEN,4.0,ARAVAAZHI. K,All India Jananayaka Makkal Kazhagam,AIJMK,-,Mixee
161,MAYILADUTHURAI,Mayiladuthurai,GEN,5.0,KARTHICK. A,Samaniya Makkal Nala Katchi,SMNK,-,Walking stick
161,MAYILADUTHURAI,Mayiladuthurai,GEN,6.0,SARAVANANK. K,Tamizhaga Vaazhvurimai Katchi,TVaK,-,Camera
161,MAYILADUTHURAI,Mayiladuthurai,GEN,7.0,PALANISAMY.A.M.COM.,Pattali Makkal Katchi,PMK,NDA,Mango
161,MAYILADUTHURAI,Mayiladuthurai,GEN,8.0,MANIMARAN,Veerath Thiyagi Viswanathadoss Thozhilalarkal Katchi,VTVTK,-,Pestle and mortar
161,MAYILADUTHURAI,Mayiladuthurai,GEN,9.0,HAROON RASHEED. S.S,Tamilaga Vettri Kazhagam,TVK,Solo,Whistle
161,MAYILADUTHURAI,Mayiladuthurai,GEN,10.0,ANANTHAKUMAR. R,Independent,IND,Independent,Diamond
161,MAYILADUTHURAI,Mayiladuthurai,GEN,11.0,GANGADHARAN. R,Independent,IND,Independent,Ring
161,MAYILADUTHURAI,Mayiladuthurai,GEN,12.0,GOBALA KRISHNAN. S,Independent,IND,Independent,Road roller
161,MAYILADUTHURAI,Mayiladuthurai,GEN,13.0,SAMPATH. L,Independent,IND,Independent,Pen nib with seven rays
161,MAYILADUTHURAI,Mayiladuthurai,GEN,14.0,THIMOTHY. T,Independent,IND,Independent,CCTV Camera
161,MAYILADUTHURAI,Mayiladuthurai,GEN,15.0,NATARAJAN. R,Independent,IND,Independent,Bench
161,MAYILADUTHURAI,Mayiladuthurai,GEN,16.0,NAVANITHAM. S,Independent,IND,Independent,Gas cylinder
161,MAYILADUTHURAI,Mayiladuthurai,GEN,17.0,BHARATHIRAJA. B,Independent,IND,Independent,Matchbox
161,MAYILADUTHURAI,Mayiladuthurai,GEN,18.0,RAMKUMAR. S BBA.LLB,Independent,IND,Independent,Bat
161,MAYILADUTHURAI,Mayiladuthurai,GEN,19.0,VEERASAMY. T,Independent,IND,Independent,Bangles
161,MAYILADUTHURAI,Mayiladuthurai,GEN,20.0,JAMAL MOHAMED,Independent,IND,Independent,Refrigerator
162,POOMPUHAR,Mayiladuthurai,GEN,1.0,ILAYANAGULAN. K,Naam Tamilar Katchi,NTK,Solo,Farmer Carrying Plough
162,POOMPUHAR,Mayiladuthurai,GEN,2.0,NIVEDHA M MURUGAN,Dravida Munnetra Kazhagam,DMK,INDIA/SPA,Rising sun
162,POOMPUHAR,Mayiladuthurai,GEN,3.0,PAVUNRAJ. S,All India Anna Dravida Munnetra Kazhagam,AIADMK,NDA,Two leaves
162,POOMPUHAR,Mayiladuthurai,GEN,4.0,PRABAKARAN. V,Bahujan Samaj Party,BSP,Solo,Elephant
162,POOMPUHAR,Mayiladuthurai,GEN,5.0,PURATCHIDASAN. T,Anaithinthiya Anna Dravida Makkal Seyal katchi,AADMSK,-,Telephone
162,POOMPUHAR,Mayiladuthurai,GEN,6.0,VIJAYALAIYAN. J,Tamilaga Vettri Kazhagam,TVK,Solo,Whistle
162,POOMPUHAR,Mayiladuthurai,GEN,7.0,ANANDARAJ. D,Independent,IND,Independent,Electric pole
162,POOMPUHAR,Mayiladuthurai,GEN,8.0,INBARAJ. T,Independent,IND,Independent,Tyres
162,POOMPUHAR,Mayiladuthurai,GEN,9.0,NOOR NISHA. M,Independent,IND,Independent,Air conditioner
162,POOMPUHAR,Mayiladuthurai,GEN,10.0,MAYA VENKATESAN. M,Independent,IND,Independent,Ring
162,POOMPUHAR,Mayiladuthurai,GEN,11.0,MURUGAN. S,Independent,IND,Independent,Bat
162,POOMPUHAR,Mayiladuthurai,GEN,12.0,MUJIBUR RAHMAN. E.M.M,Independent,IND,Independent,Television
162,POOMPUHAR,Mayiladuthurai,GEN,13.0,SHANGAMITHTHIRAN. A,Independent,IND,Independent,Diamond
163,NAGAPATTINAM,Nagapattinam,GEN,1.0,THANGA.KATHIRAVAN,All India Anna Dravida Munnetra Kazhagam,AIADMK,NDA,Two leaves
163,NAGAPATTINAM,Nagapattinam,GEN,2.0,FATHIMA FARHANA.S,Naam Tamilar Katchi,NTK,Solo,Farmer Carrying Plough
163,NAGAPATTINAM,Nagapattinam,GEN,3.0,M.H.JAWAHIRULLAH,Dravida Munnetra Kazhagam,DMK,INDIA/SPA,Rising sun
163,NAGAPATTINAM,Nagapattinam,GEN,4.0,M.SUGUMAR,Tamilaga Vettri Kazhagam,TVK,Solo,Whistle
163,NAGAPATTINAM,Nagapattinam,GEN,5.0,J.V.DURAI,All India Youth Development Party,AIYDP,-,Telephone
163,NAGAPATTINAM,Nagapattinam,GEN,6.0,K.RAJASEKAR,Puthiya Tamilagam,PT,-,Gas cylinder
163,NAGAPATTINAM,Nagapattinam,GEN,7.0,VALLABADAS.E,Tamizhaga Vaazhvurimai Katchi,TVaK,-,Camera
163,NAGAPATTINAM,Nagapattinam,GEN,8.0,M.IYYANKALAI,Independent,IND,Independent,Rubber stamp
163,NAGAPATTINAM,Nagapattinam,GEN,9.0,T.KATHIRAVAN,Independent,IND,Independent,Electric pole
163,NAGAPATTINAM,Nagapattinam,GEN,10.0,SAKTHIVEL,Independent,IND,Independent,CCTV Camera
163,NAGAPATTINAM,Nagapattinam,GEN,11.0,N P BHASHGARAN,Independent,IND,Independent,Road roller
163,NAGAPATTINAM,Nagapattinam,GEN,12.0,S.PREM,Independent,IND,Independent,Slate
163,NAGAPATTINAM,Nagapattinam,GEN,13.0,N.VIJAYARAGAVAN,Independent,IND,Independent,Ship
164,KILVELUR,Nagapattinam,SC,1.0,KARTHIKA. M,Naam Tamilar Katchi,NTK,Solo,Farmer Carrying Plough
164,KILVELUR,Nagapattinam,SC,2.0,LATHA. T,Communist Party of India (Marxist),CPI(M),INDIA/SPA,Hammer Sickle and Star
164,KILVELUR,Nagapattinam,SC,3.0,SURENTHAR. K,Puthiya Tamilagam,PT,-,Bucket
164,KILVELUR,Nagapattinam,SC,4.0,SENTHIL PANDIAN. P,Tamilaga Vettri Kazhagam,TVK,Solo,Whistle
164,KILVELUR,Nagapattinam,SC,5.0,VADIVEL RAVANAN. S,Pattali Makkal Katchi,PMK,NDA,Mango
164,KILVELUR,Nagapattinam,SC,6.0,VEDHA MUKUNDHAN,Aanaithinthiya Jananayaka Pathukappu Kazhagam,AJPK,-,Gas cylinder
164,KILVELUR,Nagapattinam,SC,7.0,JAIVISHNUDEVI. M,Independent,IND,Independent,Ship
165,VEDARANYAM,Nagapattinam,GEN,1.0,KARTHICK. T,Naam Tamilar Katchi,NTK,Solo,Farmer Carrying Plough
165,VEDARANYAM,Nagapattinam,GEN,2.0,PUGAZHENDI. M,Dravida Munnetra Kazhagam,DMK,INDIA/SPA,Rising sun
165,VEDARANYAM,Nagapattinam,GEN,3.0,MANIAN. O.S,All India Anna Dravida Munnetra Kazhagam,AIADMK,NDA,Two leaves
165,VEDARANYAM,Nagapattinam,GEN,4.0,KINGSLY GERALD. A,Tamilaga Vettri Kazhagam,TVK,Solo,Whistle
165,VEDARANYAM,Nagapattinam,GEN,5.0,LINGESWARAN. M,All India Puratchi Thalaivar Makkal Munnetra Kazhagam,AIPTMK,-,Coconut farm
165,VEDARANYAM,Nagapattinam,GEN,6.0,RAJASIMMAN. D,Independent,IND,Independent,Gas cylinder
165,VEDARANYAM,Nagapattinam,GEN,7.0,GOWTHAMAN. M,Independent,IND,Independent,Capsicum
165,VEDARANYAM,Nagapattinam,GEN,8.0,SATHIYASEELAN. M,Independent,IND,Independent,Television
165,VEDARANYAM,Nagapattinam,GEN,9.0,SELVAKUMAR. S,Independent,IND,Independent,Electric pole
165,VEDARANYAM,Nagapattinam,GEN,10.0,THIVASKAR. B,Independent,IND,Independent,Matchbox
165,VEDARANYAM,Nagapattinam,GEN,11.0,VEERAKUMAR. V,Independent,IND,Independent,CCTV Camera
166,THIRUTHURAIPOONDI,Tiruvarur,SC,1.0,BALATHANDAYUTHAM.U,All India Anna Dravida Munnetra Kazhagam,AIADMK,NDA,Two leaves
166,THIRUTHURAIPOONDI,Tiruvarur,SC,2.0,MARIMUTHU.K,Communist Party of India,CPI,INDIA/SPA,Ears of corn and sickle
166,THIRUTHURAIPOONDI,Tiruvarur,SC,3.0,VIMALA.A,Bahujan Samaj Party,BSP,Solo,Elephant
166,THIRUTHURAIPOONDI,Tiruvarur,SC,4.0,VINOTHINI.R,Naam Tamilar Katchi,NTK,Solo,Farmer Carrying Plough
166,THIRUTHURAIPOONDI,Tiruvarur,SC,5.0,ARUMUGAM.N,Tamizhaga Vaazhvurimai Katchi,TVaK,-,Camera
166,THIRUTHURAIPOONDI,Tiruvarur,SC,6.0,PANDIYAN.S,Tamilaga Vettri Kazhagam,TVK,Solo,Whistle
166,THIRUTHURAIPOONDI,Tiruvarur,SC,7.0,SIVAPRAKASAM.V,Independent,IND,Independent,Water melon
166,THIRUTHURAIPOONDI,Tiruvarur,SC,8.0,MURUGANANTHAM.V,Independent,IND,Independent,Bangles
166,THIRUTHURAIPOONDI,Tiruvarur,SC,9.0,JAYASANGAR.A,Independent,IND,Independent,Gas cylinder
167,MANNARGUDI,Tiruvarur,GEN,1.0,KAMARAJ.S,Bahujan Samaj Party,BSP,Solo,Elephant
167,MANNARGUDI,Tiruvarur,GEN,2.0,BHARATHISELVAN.R,Naam Tamilar Katchi,NTK,Solo,Farmer Carrying Plough
167,MANNARGUDI,Tiruvarur,GEN,3.0,RAJAA.T.R.B,Dravida Munnetra Kazhagam,DMK,INDIA/SPA,Rising sun
167,MANNARGUDI,Tiruvarur,GEN,4.0,KAMARAJ. S,Amma Makkal Munnetra Kazagam,AMMK,NDA,Pressure cooker
167,MANNARGUDI,Tiruvarur,GEN,5.0,GOVINDARAJ.G,Tamizhaga Vaazhvurimai Katchi,TVaK,-,Camera
167,MANNARGUDI,Tiruvarur,GEN,6.0,BHARATHI.B,Puthiya Tamilagam,PT,-,Gas cylinder
167,MANNARGUDI,Tiruvarur,GEN,7.0,MUTHUVEL.V,Tamilaga Makkal Nala Katchi,TMNK,-,Electric pole
167,MANNARGUDI,Tiruvarur,GEN,8.0,RASUPILLAI.S,All India Puratchi Thalaivar Makkal Munnetra Kazhagam,AIPTMK,-,Coconut farm
167,MANNARGUDI,Tiruvarur,GEN,9.0,RAJARAJAN.U,Tamilaga Vettri Kazhagam,TVK,Solo,Whistle
167,MANNARGUDI,Tiruvarur,GEN,10.0,ARULPRAKASH. P,Independent,IND,Independent,Diamond
167,MANNARGUDI,Tiruvarur,GEN,11.0,KAMARAJ.A,Independent,IND,Independent,Kettle
167,MANNARGUDI,Tiruvarur,GEN,12.0,DURAI ARASAN.K,Independent,IND,Independent,Table
167,MANNARGUDI,Tiruvarur,GEN,13.0,NAMASIVAYAM.N,Independent,IND,Independent,Ship
167,MANNARGUDI,Tiruvarur,GEN,14.0,PRABHU. S,Independent,IND,Independent,Iron
167,MANNARGUDI,Tiruvarur,GEN,15.0,MARIMUTHU.A.V.M,Independent,IND,Independent,Bucket
168,THIRUVARUR,Tiruvarur,GEN,1.0,ASWINI B,Naam Tamilar Katchi,NTK,Solo,Farmer Carrying Plough
168,THIRUVARUR,Tiruvarur,GEN,2.0,KALAIVANAN POONDI K,Dravida Munnetra Kazhagam,DMK,INDIA/SPA,Rising sun
168,THIRUVARUR,Tiruvarur,GEN,3.0,CHANDRASEKARAN GOVI,Bharatiya Janata Party,BJP,NDA,Lotus
168,THIRUVARUR,Tiruvarur,GEN,4.0,KANTHAN A,Tamizhaga Vaazhvurimai Katchi,TVaK,-,Camera
168,THIRUVARUR,Tiruvarur,GEN,5.0,THIYAGARAJAN .M,Puthiya Tamilagam,PT,-,Gas cylinder
168,THIRUVARUR,Tiruvarur,GEN,6.0,VEERAMANI V,Tamilaga Vettri Kazhagam,TVK,Solo,Whistle
168,THIRUVARUR,Tiruvarur,GEN,7.0,MUTHARASAN S,Independent,IND,Independent,Box
168,THIRUVARUR,Tiruvarur,GEN,8.0,SAHUL HAMEED M,Independent,IND,Independent,Matchbox
169,NANNILAM,Tiruvarur,GEN,1.0,KAMARAJ. R,All India Anna Dravida Munnetra Kazhagam,AIADMK,NDA,Two leaves
169,NANNILAM,Tiruvarur,GEN,2.0,THENMOZHII DILIPKUMAR,Naam Tamilar Katchi,NTK,Solo,Farmer Carrying Plough
169,NANNILAM,Tiruvarur,GEN,3.0,MOHAMED MUBARAK,Dravida Munnetra Kazhagam,DMK,INDIA/SPA,Rising sun
169,NANNILAM,Tiruvarur,GEN,4.0,SIVARAMAN. T,Tamizhaga Vaazhvurimai Katchi,TVaK,-,Camera
169,NANNILAM,Tiruvarur,GEN,5.0,TAMILSELVAN. M,Puthiya Tamilagam,PT,-,Gas cylinder
169,NANNILAM,Tiruvarur,GEN,6.0,PRABHAKARAN. S,Tamilaga Vettri Kazhagam,TVK,Solo,Whistle
169,NANNILAM,Tiruvarur,GEN,7.0,RAJA. S,All India Puratchi Thalaivar Makkal Munnetra Kazhagam,AIPTMK,-,Coconut farm
169,NANNILAM,Tiruvarur,GEN,8.0,SANKAR. R,Independent,IND,Independent,Scissors
169,NANNILAM,Tiruvarur,GEN,9.0,SHANMUGARAJA. D,Independent,IND,Independent,Bat
169,NANNILAM,Tiruvarur,GEN,10.0,SURESH. V,Independent,IND,Independent,Wool and Needle
169,NANNILAM,Tiruvarur,GEN,11.0,BHARATHIMOHAN. K.S,Independent,IND,Independent,Gift pack
169,NANNILAM,Tiruvarur,GEN,12.0,MOHUMED RIYAS. K,Independent,IND,Independent,Tube light
169,NANNILAM,Tiruvarur,GEN,13.0,RAVICHANDRAN. R,Independent,IND,Independent,Ring
169,NANNILAM,Tiruvarur,GEN,14.0,RAJASEKAR. R,Independent,IND,Independent,Mike
170,THIRUVIDAIMARUDUR,Thanjavur,SC,1.0,ELAMATHI SUBRAMANIAN,All India Anna Dravida Munnetra Kazhagam,AIADMK,NDA,Two leaves
170,THIRUVIDAIMARUDUR,Thanjavur,SC,2.0,GOVI.CHEZHIAAN,Dravida Munnetra Kazhagam,DMK,INDIA/SPA,Rising sun
170,THIRUVIDAIMARUDUR,Thanjavur,SC,3.0,M.DIVYA BHARATHI,Naam Tamilar Katchi,NTK,Solo,Farmer Carrying Plough
170,THIRUVIDAIMARUDUR,Thanjavur,SC,4.0,T.M.PURATCHI MANI,Bahujan Samaj Party,BSP,Solo,Elephant
170,THIRUVIDAIMARUDUR,Thanjavur,SC,5.0,KANNAIYAN. T,Communist Party of India (Marxist-Leninist) (Liberation),CPI(ML)L,-,Flag with three stars
170,THIRUVIDAIMARUDUR,Thanjavur,SC,6.0,S.PRABAKARAN,Tamilaga Vettri Kazhagam,TVK,Solo,Whistle
170,THIRUVIDAIMARUDUR,Thanjavur,SC,7.0,A.VISWANATHAN,Tamizhaga Vaazhvurimai Katchi,TVaK,-,Camera
170,THIRUVIDAIMARUDUR,Thanjavur,SC,8.0,ARAVINDARAJ. R,Independent,IND,Independent,Well
170,THIRUVIDAIMARUDUR,Thanjavur,SC,9.0,KEERTHIGA. K,Independent,IND,Independent,Biscuit
170,THIRUVIDAIMARUDUR,Thanjavur,SC,10.0,SELVARANI. S,Independent,IND,Independent,Scissors
170,THIRUVIDAIMARUDUR,Thanjavur,SC,11.0,M.TAMILMARAN,Independent,IND,Independent,Pen drive
170,THIRUVIDAIMARUDUR,Thanjavur,SC,12.0,DHANASEKAR,Independent,IND,Independent,Peas
170,THIRUVIDAIMARUDUR,Thanjavur,SC,13.0,L.PRABAKARAN,Independent,IND,Independent,Frying pan
170,THIRUVIDAIMARUDUR,Thanjavur,SC,14.0,P.MANIKANDAN,Independent,IND,Independent,Tea filter
171,KUMBAKONAM,Thanjavur,GEN,1.0,ASHOKKUMAR R,Bharatiya Janata Party,BJP,NDA,Lotus
171,KUMBAKONAM,Thanjavur,GEN,2.0,ANBALAGAN G,Dravida Munnetra Kazhagam,DMK,INDIA/SPA,Rising sun
171,KUMBAKONAM,Thanjavur,GEN,3.0,ANANDH M,Naam Tamilar Katchi,NTK,Solo,Farmer Carrying Plough
171,KUMBAKONAM,Thanjavur,GEN,4.0,AROKIYARAJ V,Tamizhaga Vaazhvurimai Katchi,TVaK,-,Camera
171,KUMBAKONAM,Thanjavur,GEN,5.0,SUNDAR G,Thamizh Desiya Munnetra Kazhagam,TDMK,-,Matchbox
171,KUMBAKONAM,Thanjavur,GEN,6.0,VINOTH,Tamilaga Vettri Kazhagam,TVK,Solo,Whistle
171,KUMBAKONAM,Thanjavur,GEN,7.0,ARIVAZHAGAN K,Independent,IND,Independent,Balloon
171,KUMBAKONAM,Thanjavur,GEN,8.0,KARTHI G,Independent,IND,Independent,Almirah
171,KUMBAKONAM,Thanjavur,GEN,9.0,SRINIVASAN V,Independent,IND,Independent,Binoculars
171,KUMBAKONAM,Thanjavur,GEN,10.0,SENTHAMILSELVI S,Independent,IND,Independent,Kitchen sink
171,KUMBAKONAM,Thanjavur,GEN,11.0,RAMAMOORTHI R,Independent,IND,Independent,Bench
171,KUMBAKONAM,Thanjavur,GEN,12.0,VIJAYAKUMAR C,Independent,IND,Independent,Cauliflower
171,KUMBAKONAM,Thanjavur,GEN,13.0,STALIN MA KA,Independent,IND,Independent,Gas cylinder
172,PAPANASAM,Thanjavur,GEN,1.0,ANIS FATHIMA,Naam Tamilar Katchi,NTK,Solo,Farmer Carrying Plough
172,PAPANASAM,Thanjavur,GEN,2.0,DORAI. SHANMUGA PRABU,All India Anna Dravida Munnetra Kazhagam,AIADMK,NDA,Two leaves
172,PAPANASAM,Thanjavur,GEN,3.0,AZARUDEEN UDUMAN ALI,Tamilaga Vettri Kazhagam,TVK,Solo,Whistle
172,PAPANASAM,Thanjavur,GEN,4.0,C. CHANDRASEKARAN,Thamizh Desiya Munnetra Kazhagam,TDMK,-,Matchbox
172,PAPANASAM,Thanjavur,GEN,5.0,B. DHAMODHARAN,Tamizhaga Vaazhvurimai Katchi,TVaK,-,Camera
172,PAPANASAM,Thanjavur,GEN,6.0,K. MASILAMANI,Communist Party of India (Marxist-Leninist) (Liberation),CPI(ML)L,-,Flag with three stars
172,PAPANASAM,Thanjavur,GEN,7.0,A.M. SHAHJAHAN,Indian Union Muslim League,IUML,INDIA/SPA,Ladder
172,PAPANASAM,Thanjavur,GEN,8.0,A. ANIS FATHIMA ABDUL RAHIM,Independent,IND,Independent,Bucket
172,PAPANASAM,Thanjavur,GEN,9.0,V. KULANDHAIVELU,Independent,IND,Independent,Gas cylinder
172,PAPANASAM,Thanjavur,GEN,10.0,A S THANGARASU,Independent,IND,Independent,Bricks
172,PAPANASAM,Thanjavur,GEN,11.0,V. THIYAGARAJAN,Independent,IND,Independent,Diamond
172,PAPANASAM,Thanjavur,GEN,12.0,S. NATARAJAN,Independent,IND,Independent,Ring
172,PAPANASAM,Thanjavur,GEN,13.0,K. RAJENDRAN,Independent,IND,Independent,Electric pole
173,THIRUVAIYARU,Thanjavur,GEN,1.0,DURAI. CHANDRASEKARAN,Dravida Munnetra Kazhagam,DMK,INDIA/SPA,Rising sun
173,THIRUVAIYARU,Thanjavur,GEN,2.0,DURAI. SENTHILNATHAN,Naam Tamilar Katchi,NTK,Solo,Farmer Carrying Plough
173,THIRUVAIYARU,Thanjavur,GEN,3.0,VELU. KARTHIKEYAN,Amma Makkal Munnetra Kazagam,AMMK,NDA,Pressure cooker
173,THIRUVAIYARU,Thanjavur,GEN,4.0,MATHI. MANIKANDAN,Tamilaga Vettri Kazhagam,TVK,Solo,Whistle
173,THIRUVAIYARU,Thanjavur,GEN,5.0,S. VIJAYAKUMAR,Anna Puratchi Thalaivar Amma Dravida Munnetra Kazhagam,APTADMK,-,Jackfruit
173,THIRUVAIYARU,Thanjavur,GEN,6.0,VIJAYA BABU,Tamizhaga Vaazhvurimai Katchi,TVaK,-,Camera
173,THIRUVAIYARU,Thanjavur,GEN,7.0,V. VENU,Puthiya Tamilagam,PT,-,Gas cylinder
173,THIRUVAIYARU,Thanjavur,GEN,8.0,ABIMAN,Independent,IND,Independent,Throwing a javelin
173,THIRUVAIYARU,Thanjavur,GEN,9.0,ER.S. ARJUN,Independent,IND,Independent,Grapes
173,THIRUVAIYARU,Thanjavur,GEN,10.0,R. SATHIYANARAYANAN,Independent,IND,Independent,Safety pin
173,THIRUVAIYARU,Thanjavur,GEN,11.0,RAJASEKARAN. S,Independent,IND,Independent,Bucket
173,THIRUVAIYARU,Thanjavur,GEN,12.0,R. RAJKUMAR,Independent,IND,Independent,Ring
173,THIRUVAIYARU,Thanjavur,GEN,13.0,JAYAINDHRAESWARAN,Independent,IND,Independent,Scissors
174,THANJAVUR,Thanjavur,GEN,1.0,SHAN. RAMANATHAN,Dravida Munnetra Kazhagam,DMK,INDIA/SPA,Rising sun
174,THANJAVUR,Thanjavur,GEN,2.0,N. KRISHNAKUMAR,Naam Tamilar Katchi,NTK,Solo,Farmer Carrying Plough
174,THANJAVUR,Thanjavur,GEN,3.0,KARUPPU MURUGANANTHAM,Bharatiya Janata Party,BJP,NDA,Lotus
174,THANJAVUR,Thanjavur,GEN,4.0,H. MOHAMED ABDUL KHADIR,Tamizhaga Vaazhvurimai Katchi,TVaK,-,Camera
174,THANJAVUR,Thanjavur,GEN,5.0,S. MUTHUVEL,Bahujan Dravida Party,BDP,-,Pen nib with seven rays
174,THANJAVUR,Thanjavur,GEN,6.0,R. VIJAYSARAVANAN,Tamilaga Vettri Kazhagam,TVK,Solo,Whistle
174,THANJAVUR,Thanjavur,GEN,7.0,S. KARIKALA CHOLAN,Independent,IND,Independent,Pressure cooker
174,THANJAVUR,Thanjavur,GEN,8.0,D. KUMARAN,Independent,IND,Independent,Grapes
174,THANJAVUR,Thanjavur,GEN,9.0,M. SANTHOSH,Independent,IND,Independent,Water melon
174,THANJAVUR,Thanjavur,GEN,10.0,R. SABTHAGIRI,Independent,IND,Independent,Dish antenna
174,THANJAVUR,Thanjavur,GEN,11.0,R. MURALIDHARAN,Independent,IND,Independent,Diamond
175,ORATHANADU,Thanjavur,GEN,1.0,M. SEKAR,All India Anna Dravida Munnetra Kazhagam,AIADMK,NDA,Two leaves
175,ORATHANADU,Thanjavur,GEN,2.0,S.THIRUMURUGAN,Naam Tamilar Katchi,NTK,Solo,Farmer Carrying Plough
175,ORATHANADU,Thanjavur,GEN,3.0,R. VAITHILINGAM,Dravida Munnetra Kazhagam,DMK,INDIA/SPA,Rising sun
175,ORATHANADU,Thanjavur,GEN,4.0,DR. K. ARVIND,Tamilaga Vettri Kazhagam,TVK,Solo,Whistle
175,ORATHANADU,Thanjavur,GEN,5.0,C. GUNASEKARAN,Thamizh Desiya Munnetra Kazhagam,TDMK,-,Matchbox
175,ORATHANADU,Thanjavur,GEN,6.0,M. SELVARAJ,Party for the Rights of Other backward Classes,PROBC,-,Laptop
175,ORATHANADU,Thanjavur,GEN,7.0,A. AJESHKANNAN,Independent,IND,Independent,Bat
175,ORATHANADU,Thanjavur,GEN,8.0,M. KANAGARAJ,Independent,IND,Independent,Battery Torch
175,ORATHANADU,Thanjavur,GEN,9.0,T. VIJAYAKUMAR,Independent,IND,Independent,Coconut farm
176,PATTUKKOTTAI,Thanjavur,GEN,1.0,ANNADURAI K,Dravida Munnetra Kazhagam,DMK,INDIA/SPA,Rising sun
176,PATTUKKOTTAI,Thanjavur,GEN,2.0,KANNAN S,Naam Tamilar Katchi,NTK,Solo,Farmer Carrying Plough
176,PATTUKKOTTAI,Thanjavur,GEN,3.0,SEKAR C V,All India Anna Dravida Munnetra Kazhagam,AIADMK,NDA,Two leaves
176,PATTUKKOTTAI,Thanjavur,GEN,4.0,GURUMOORTHY M,Puthiya Tamilagam,PT,-,Gas cylinder
176,PATTUKKOTTAI,Thanjavur,GEN,5.0,MATHAN C,Tamilaga Vettri Kazhagam,TVK,Solo,Whistle
176,PATTUKKOTTAI,Thanjavur,GEN,6.0,ANNADURAI C N,Independent,IND,Independent,Diamond
176,PATTUKKOTTAI,Thanjavur,GEN,7.0,SURESH M R,Independent,IND,Independent,Television
176,PATTUKKOTTAI,Thanjavur,GEN,8.0,SURESH R,Independent,IND,Independent,Camera
176,PATTUKKOTTAI,Thanjavur,GEN,9.0,MOHAMED SHARIF M,Independent,IND,Independent,Ring
176,PATTUKKOTTAI,Thanjavur,GEN,10.0,MUTHUKUMAR D,Independent,IND,Independent,Jackfruit
176,PATTUKKOTTAI,Thanjavur,GEN,11.0,ZIAUDEEN A J,Independent,IND,Independent,Scissors
177,PERAVURANI,Thanjavur,GEN,1.0,ASHOKKUMAR. N,Dravida Munnetra Kazhagam,DMK,INDIA/SPA,Rising sun
177,PERAVURANI,Thanjavur,GEN,2.0,GOVI.ELANGO,All India Anna Dravida Munnetra Kazhagam,AIADMK,NDA,Two leaves
177,PERAVURANI,Thanjavur,GEN,3.0,BHUVANA MANIYARASAN,Naam Tamilar Katchi,NTK,Solo,Farmer Carrying Plough
177,PERAVURANI,Thanjavur,GEN,4.0,NEIVELI SASIKUMAR,Tamizhaga Vaazhvurimai Katchi,TVaK,-,Camera
177,PERAVURANI,Thanjavur,GEN,5.0,D.CHANDRAKANDEEBAN,Tamilaga Vettri Kazhagam,TVK,Solo,Whistle
177,PERAVURANI,Thanjavur,GEN,6.0,G.CHITHIRAVELU,Puthiya Tamilagam,PT,-,Gas cylinder
177,PERAVURANI,Thanjavur,GEN,7.0,R.RAVI,All India Puratchi Thalaivar Makkal Munnetra Kazhagam,AIPTMK,-,Coconut farm
177,PERAVURANI,Thanjavur,GEN,8.0,T.ARULMURUGAN,Independent,IND,Independent,Clip
177,PERAVURANI,Thanjavur,GEN,9.0,U.UTHAYAKUMAR,Independent,IND,Independent,Ring
177,PERAVURANI,Thanjavur,GEN,10.0,PASUMAIBHOOMI NATARAJAN,Independent,IND,Independent,Water melon
178,GANDARVAKKOTTAI,Pudukkottai,SC,1.0,C. UTHAYAKUMAR,Bharatiya Janata Party,BJP,NDA,Lotus
178,GANDARVAKKOTTAI,Pudukkottai,SC,2.0,M. CHINNADURAI,Communist Party of India (Marxist),CPI(M),INDIA/SPA,Hammer Sickle and Star
178,GANDARVAKKOTTAI,Pudukkottai,SC,3.0,NATHIYA,Naam Tamilar Katchi,NTK,Solo,Farmer Carrying Plough
178,GANDARVAKKOTTAI,Pudukkottai,SC,4.0,N. SUBRAMANIAN,Tamilaga Vettri Kazhagam,TVK,Solo,Whistle
178,GANDARVAKKOTTAI,Pudukkottai,SC,5.0,DHANARASU,Namadhu Makkal Katchi,NMK,-,Gas cylinder
178,GANDARVAKKOTTAI,Pudukkottai,SC,6.0,ARUNKUMAR . S,Independent,IND,Independent,Matchbox
178,GANDARVAKKOTTAI,Pudukkottai,SC,7.0,SASIKUMAR P,Independent,IND,Independent,Ring
178,GANDARVAKKOTTAI,Pudukkottai,SC,8.0,SENTHILKUMAR N,Independent,IND,Independent,Mike
178,GANDARVAKKOTTAI,Pudukkottai,SC,9.0,T. MURUGESAN,Independent,IND,Independent,Cauliflower
178,GANDARVAKKOTTAI,Pudukkottai,SC,10.0,M. LAKSHMANAN,Independent,IND,Independent,Pen drive
179,VIRALIMALAI,Pudukkottai,GEN,1.0,SATHYALAKSHMI. K,Naam Tamilar Katchi,NTK,Solo,Farmer Carrying Plough
179,VIRALIMALAI,Pudukkottai,GEN,2.0,CHELLAPANDIYAN. K.K,Dravida Munnetra Kazhagam,DMK,INDIA/SPA,Rising sun
179,VIRALIMALAI,Pudukkottai,GEN,3.0,VIJAYABASKAR. C,All India Anna Dravida Munnetra Kazhagam,AIADMK,NDA,Two leaves
179,VIRALIMALAI,Pudukkottai,GEN,4.0,KARTHIKA PRAKASH,All India Puratchi Thalaivar Makkal Munnetra Kazhagam,AIPTMK,-,Coconut farm
179,VIRALIMALAI,Pudukkottai,GEN,5.0,SELVARAJ. A,Puthiya Tamilagam,PT,-,Gas cylinder
179,VIRALIMALAI,Pudukkottai,GEN,6.0,PALANISAMY. K,Veerath Thiyagi Viswanathadoss Thozhilalarkal Katchi,VTVTK,-,Pestle and mortar
179,VIRALIMALAI,Pudukkottai,GEN,7.0,MURUGESAN. P,Tamilaga Vettri Kazhagam,TVK,Solo,Whistle
179,VIRALIMALAI,Pudukkottai,GEN,8.0,ADAIKALARAJ. S,Independent,IND,Independent,Ship
179,VIRALIMALAI,Pudukkottai,GEN,9.0,ALAGAR. P ADVOCATE,Independent,IND,Independent,Bucket
179,VIRALIMALAI,Pudukkottai,GEN,10.0,CHANDRAJOTHI. M,Independent,IND,Independent,Almirah
179,VIRALIMALAI,Pudukkottai,GEN,11.0,SUBBAIAH. R,Independent,IND,Independent,Baby walker
179,VIRALIMALAI,Pudukkottai,GEN,12.0,THIRUMURUGAN. A,Independent,IND,Independent,Balloon
179,VIRALIMALAI,Pudukkottai,GEN,13.0,THIRUMURUGAN. K,Independent,IND,Independent,Diamond
179,VIRALIMALAI,Pudukkottai,GEN,14.0,THIRUVENDRAN. V,Independent,IND,Independent,Bangles
179,VIRALIMALAI,Pudukkottai,GEN,15.0,PALANISAMY. A,Independent,IND,Independent,Batsman
179,VIRALIMALAI,Pudukkottai,GEN,16.0,BALASUBRAMANIAN. K.K,Independent,IND,Independent,Bead necklace
179,VIRALIMALAI,Pudukkottai,GEN,17.0,BALASUBRAMANIAN. M,Independent,IND,Independent,Belt
179,VIRALIMALAI,Pudukkottai,GEN,18.0,BALAVEL MURUGESAN. T,Independent,IND,Independent,Bench
179,VIRALIMALAI,Pudukkottai,GEN,19.0,MAHENDIRAN. K,Independent,IND,Independent,Bicycle pump
179,VIRALIMALAI,Pudukkottai,GEN,20.0,MANIKANDAN. M,Independent,IND,Independent,Binoculars
179,VIRALIMALAI,Pudukkottai,GEN,21.0,MATHIYALAGAN. G,Independent,IND,Independent,Biscuit
179,VIRALIMALAI,Pudukkottai,GEN,22.0,RAJA. P,Independent,IND,Independent,Black board
179,VIRALIMALAI,Pudukkottai,GEN,23.0,VEERAMANI. M,Independent,IND,Independent,Boat with man and sail
179,VIRALIMALAI,Pudukkottai,GEN,24.0,VEERAMANI. M,Independent,IND,Independent,Box
179,VIRALIMALAI,Pudukkottai,GEN,25.0,JAYAGANDHI. R,Independent,IND,Independent,Bread
179,VIRALIMALAI,Pudukkottai,GEN,26.0,JOTHIVEL. A,Independent,IND,Independent,Bread toaster
180,PUDUKKOTTAI,Pudukkottai,GEN,1.0,EZHILARASI VIJAYENDRAN,Naam Tamilar Katchi,NTK,Solo,Farmer Carrying Plough
180,PUDUKKOTTAI,Pudukkottai,GEN,2.0,V. MUTHURAJA,Dravida Munnetra Kazhagam,DMK,INDIA/SPA,Rising sun
180,PUDUKKOTTAI,Pudukkottai,GEN,3.0,N. RAMACHANDRAN,Bharatiya Janata Party,BJP,NDA,Lotus
180,PUDUKKOTTAI,Pudukkottai,GEN,4.0,E. RAMALINGAM,Party for the Rights of Other backward Classes,PROBC,-,Laptop
180,PUDUKKOTTAI,Pudukkottai,GEN,5.0,K.M. SHARIFF,Tamilaga Vettri Kazhagam,TVK,Solo,Whistle
180,PUDUKKOTTAI,Pudukkottai,GEN,6.0,S. NIYAZ AHMED,Tamizhaga Vaazhvurimai Katchi,TVaK,-,Camera
180,PUDUKKOTTAI,Pudukkottai,GEN,7.0,G. MANIMEGALAI,Communist Party of India (Marxist-Leninist) (Liberation),CPI(ML)L,-,Flag with three stars
180,PUDUKKOTTAI,Pudukkottai,GEN,8.0,A. RAJASEKAR,Veerath Thiyagi Viswanathadoss Thozhilalarkal Katchi,VTVTK,-,Pestle and mortar
180,PUDUKKOTTAI,Pudukkottai,GEN,9.0,K. RENGAN,Puthiya Tamilagam,PT,-,Gas cylinder
180,PUDUKKOTTAI,Pudukkottai,GEN,10.0,G. ARIVAZHAGAN,Independent,IND,Independent,Harmonium
180,PUDUKKOTTAI,Pudukkottai,GEN,11.0,KANGATHARAN .P,Independent,IND,Independent,Television
180,PUDUKKOTTAI,Pudukkottai,GEN,12.0,C. KARUPPAIAH,Independent,IND,Independent,Saw
180,PUDUKKOTTAI,Pudukkottai,GEN,13.0,C. KARUPPAIAH,Independent,IND,Independent,Peanuts
180,PUDUKKOTTAI,Pudukkottai,GEN,14.0,K. KAILASAKUMAR,Independent,IND,Independent,Diamond
180,PUDUKKOTTAI,Pudukkottai,GEN,15.0,C. GOVINDASAMY,Independent,IND,Independent,Tube light
180,PUDUKKOTTAI,Pudukkottai,GEN,16.0,R. SIVAKUMAR,Independent,IND,Independent,Matchbox
180,PUDUKKOTTAI,Pudukkottai,GEN,17.0,A. SUBARESH RAJA,Independent,IND,Independent,Road roller
180,PUDUKKOTTAI,Pudukkottai,GEN,18.0,SENTHILNATHAN .B,Independent,IND,Independent,Cauliflower
180,PUDUKKOTTAI,Pudukkottai,GEN,19.0,S. SELVARAJ,Independent,IND,Independent,Electric pole
180,PUDUKKOTTAI,Pudukkottai,GEN,20.0,K. DHANAGOPAL,Independent,IND,Independent,Robot
180,PUDUKKOTTAI,Pudukkottai,GEN,21.0,G. DURAISARAVANAN,Independent,IND,Independent,Balloon
180,PUDUKKOTTAI,Pudukkottai,GEN,22.0,M. A. MUTHUKUMAR,Independent,IND,Independent,Flute
180,PUDUKKOTTAI,Pudukkottai,GEN,23.0,G. MUTHURAJ,Independent,IND,Independent,Almirah
180,PUDUKKOTTAI,Pudukkottai,GEN,24.0,K. MURUGESAN,Independent,IND,Independent,Well
180,PUDUKKOTTAI,Pudukkottai,GEN,25.0,D. RAMESH,Independent,IND,Independent,Peas
180,PUDUKKOTTAI,Pudukkottai,GEN,26.0,A. RADHAKRISHNAN,Independent,IND,Independent,Bucket
180,PUDUKKOTTAI,Pudukkottai,GEN,27.0,RAMACHANDRAN .C,Independent,IND,Independent,Baby walker
180,PUDUKKOTTAI,Pudukkottai,GEN,28.0,C. RAMACHANDRAN,Independent,IND,Independent,Box
180,PUDUKKOTTAI,Pudukkottai,GEN,29.0,R. RAMACHANDRAN,Independent,IND,Independent,Gramophone
180,PUDUKKOTTAI,Pudukkottai,GEN,30.0,V.R. JAYAKUMAR,Independent,IND,Independent,Ship
181,THIRUMAYAM,Pudukkottai,GEN,1.0,REGUPATHY.S,Dravida Munnetra Kazhagam,DMK,INDIA/SPA,Rising sun
181,THIRUMAYAM,Pudukkottai,GEN,2.0,LAKSHMI SRINIVASAN,Naam Tamilar Katchi,NTK,Solo,Farmer Carrying Plough
181,THIRUMAYAM,Pudukkottai,GEN,3.0,VAIRAMUTHU.PK,All India Anna Dravida Munnetra Kazhagam,AIADMK,NDA,Two leaves
181,THIRUMAYAM,Pudukkottai,GEN,4.0,CHINTHAMANI.C,Tamilaga Vettri Kazhagam,TVK,Solo,Whistle
181,THIRUMAYAM,Pudukkottai,GEN,5.0,SUBBIAH.A,Puthiya Tamilagam,PT,-,Gas cylinder
181,THIRUMAYAM,Pudukkottai,GEN,6.0,MUTHUKARUPPAN.CN,Party for the Rights of Other backward Classes,PROBC,-,Laptop
181,THIRUMAYAM,Pudukkottai,GEN,7.0,RAMSINGH.SK,Tamizhaga Vaazhvurimai Katchi,TVaK,-,Camera
181,THIRUMAYAM,Pudukkottai,GEN,8.0,RAJA.K,All India Puratchi Thalaivar Makkal Munnetra Kazhagam,AIPTMK,-,Coconut farm
181,THIRUMAYAM,Pudukkottai,GEN,9.0,ESWAR.S,Independent,IND,Independent,Pen nib with seven rays
181,THIRUMAYAM,Pudukkottai,GEN,10.0,SATHISHKUMAR.M,Independent,IND,Independent,Jackfruit
181,THIRUMAYAM,Pudukkottai,GEN,11.0,CHINNATHAMBI.P,Independent,IND,Independent,Mike
181,THIRUMAYAM,Pudukkottai,GEN,12.0,SUBRAMANIAN.P,Independent,IND,Independent,Ring
181,THIRUMAYAM,Pudukkottai,GEN,13.0,DURAIRAJAN.M,Independent,IND,Independent,Bat
181,THIRUMAYAM,Pudukkottai,GEN,14.0,RAMNATH.T,Independent,IND,Independent,Trumpet
182,ALANGUDI,Pudukkottai,GEN,1.0,SIVA.V.MEYYANATHAN,Dravida Munnetra Kazhagam,DMK,INDIA/SPA,Rising sun
182,ALANGUDI,Pudukkottai,GEN,2.0,R.RAJARAM,Naam Tamilar Katchi,NTK,Solo,Farmer Carrying Plough
182,ALANGUDI,Pudukkottai,GEN,3.0,DHANA VIMAL,All India Anna Dravida Munnetra Kazhagam,AIADMK,NDA,Two leaves
182,ALANGUDI,Pudukkottai,GEN,4.0,KANDASAMY,Tamilaga Vettri Kazhagam,TVK,Solo,Whistle
182,ALANGUDI,Pudukkottai,GEN,5.0,R.SURESH,Party for the Rights of Other backward Classes,PROBC,-,Laptop
182,ALANGUDI,Pudukkottai,GEN,6.0,D.PUSHPARAJ,All India Puratchi Thalaivar Makkal Munnetra Kazhagam,AIPTMK,-,Coconut farm
182,ALANGUDI,Pudukkottai,GEN,7.0,S MALAIYANDI,Akila Inthiya Makkal Marumalarchi Kazhakam,AIMMK,-,Balloon
182,ALANGUDI,Pudukkottai,GEN,8.0,V.KANNADASSAN,Independent,IND,Independent,Gas Stove
182,ALANGUDI,Pudukkottai,GEN,9.0,SASIKUMAR.P,Independent,IND,Independent,Ring
182,ALANGUDI,Pudukkottai,GEN,10.0,B.SELVAM,Independent,IND,Independent,Batsman
182,ALANGUDI,Pudukkottai,GEN,11.0,T.THIRUMARAN,Independent,IND,Independent,Box
182,ALANGUDI,Pudukkottai,GEN,12.0,M.NAGARAJAN,Independent,IND,Independent,Pen stand
182,ALANGUDI,Pudukkottai,GEN,13.0,K.MURUGESAN,Independent,IND,Independent,Bangles
182,ALANGUDI,Pudukkottai,GEN,14.0,S.VANMEGANADHAN,Independent,IND,Independent,Electric pole
183,ARANTHANGI,Pudukkottai,GEN,1.0,KAVITHA SRIKANTH,Bharatiya Janata Party,BJP,NDA,Lotus
183,ARANTHANGI,Pudukkottai,GEN,2.0,MUTHULAKSHMI. S,Naam Tamilar Katchi,NTK,Solo,Farmer Carrying Plough
183,ARANTHANGI,Pudukkottai,GEN,3.0,RAMACHANDRAN . T,Indian National Congress,INC,INDIA/SPA,Hand
183,ARANTHANGI,Pudukkottai,GEN,4.0,NAZIM KHAN. M,Tamizhaga Vaazhvurimai Katchi,TVaK,-,Camera
183,ARANTHANGI,Pudukkottai,GEN,5.0,MOHAMED FARVAS. J,Tamilaga Vettri Kazhagam,TVK,Solo,Whistle
183,ARANTHANGI,Pudukkottai,GEN,6.0,ABDUL JAFFAR. S,Independent,IND,Independent,Ring
183,ARANTHANGI,Pudukkottai,GEN,7.0,AIYAPPAN,Independent,IND,Independent,Bat
183,ARANTHANGI,Pudukkottai,GEN,8.0,ARUNAGIRI . M,Independent,IND,Independent,Battery Torch
183,ARANTHANGI,Pudukkottai,GEN,9.0,UDAIYAPPAN. M,Independent,IND,Independent,Mike
183,ARANTHANGI,Pudukkottai,GEN,10.0,KARTHIKEYAN. N,Independent,IND,Independent,Coconut farm
183,ARANTHANGI,Pudukkottai,GEN,11.0,KALIMUTHU. P,Independent,IND,Independent,Jackfruit
183,ARANTHANGI,Pudukkottai,GEN,12.0,SHAHUL HAMEED . N,Independent,IND,Independent,CCTV Camera
183,ARANTHANGI,Pudukkottai,GEN,13.0,SUNDAR . A,Independent,IND,Independent,Water melon
183,ARANTHANGI,Pudukkottai,GEN,14.0,DHETCHNAMOORTHY. DOCTOR. S,Independent,IND,Independent,Bucket
183,ARANTHANGI,Pudukkottai,GEN,15.0,MURUGARETHINAM. T,Independent,IND,Independent,Matchbox
184,KARAIKUDI,Sivaganga,GEN,1.0,RANJITHKUMAR BALUSAMY,Bahujan Samaj Party,BSP,Solo,Elephant
184,KARAIKUDI,Sivaganga,GEN,2.0,SEEMAN,Naam Tamilar Katchi,NTK,Solo,Farmer Carrying Plough
184,KARAIKUDI,Sivaganga,GEN,3.0,MANGUDI. S,Indian National Congress,INC,INDIA/SPA,Hand
184,KARAIKUDI,Sivaganga,GEN,4.0,AZIZ ABDUL RAHMAN. J,Samaniya Makkal Nala Katchi,SMNK,-,Walking stick
184,KARAIKUDI,Sivaganga,GEN,5.0,KARUPPIAH. K,Republican Party of India (Athawale),RPI(A),-,Ganna kisan
184,KARAIKUDI,Sivaganga,GEN,6.0,KALIMUTHU. A,All India Puratchi Thalaivar Makkal Munnetra Kazhagam,AIPTMK,-,Coconut farm
184,KARAIKUDI,Sivaganga,GEN,7.0,DHERPOKI V.PANDI,Amma Makkal Munnetra Kazagam,AMMK,NDA,Pressure cooker
184,KARAIKUDI,Sivaganga,GEN,8.0,NEWTON BABU. C,Puthiya Tamilagam,PT,-,Gas cylinder
184,KARAIKUDI,Sivaganga,GEN,9.0,DR.PRABHU. TK,Tamilaga Vettri Kazhagam,TVK,Solo,Whistle
184,KARAIKUDI,Sivaganga,GEN,10.0,RAMU. M,Independent,IND,Independent,Bucket
184,KARAIKUDI,Sivaganga,GEN,11.0,UDHUMAN ALI. M.S,Independent,IND,Independent,Tooth brush
184,KARAIKUDI,Sivaganga,GEN,12.0,KALIDASS. R,Independent,IND,Independent,Tea filter
184,KARAIKUDI,Sivaganga,GEN,13.0,SHANTHI. B,Independent,IND,Independent,Binoculars
184,KARAIKUDI,Sivaganga,GEN,14.0,SURESH. V,Independent,IND,Independent,Frying pan
184,KARAIKUDI,Sivaganga,GEN,15.0,SELVI. K,Independent,IND,Independent,Box
184,KARAIKUDI,Sivaganga,GEN,16.0,DINESH. K,Independent,IND,Independent,Batsman
184,KARAIKUDI,Sivaganga,GEN,17.0,PANDI. S,Independent,IND,Independent,Bread toaster
184,KARAIKUDI,Sivaganga,GEN,18.0,PRABU. G,Independent,IND,Independent,Mike
184,KARAIKUDI,Sivaganga,GEN,19.0,MANIMARAN. R,Independent,IND,Independent,Matchbox
184,KARAIKUDI,Sivaganga,GEN,20.0,MUTHUKUMAR. K,Independent,IND,Independent,Bat
184,KARAIKUDI,Sivaganga,GEN,21.0,RAMANATHAN. S.V,Independent,IND,Independent,Ship
184,KARAIKUDI,Sivaganga,GEN,22.0,LAKSHMANAN. R,Independent,IND,Independent,Battery Torch
184,KARAIKUDI,Sivaganga,GEN,23.0,VEERAMANIKANDAN. V,Independent,IND,Independent,Ring
184,KARAIKUDI,Sivaganga,GEN,24.0,VELU. K,Independent,IND,Independent,Kettle
184,KARAIKUDI,Sivaganga,GEN,25.0,JEEVITHA. A,Independent,IND,Independent,Balloon
185,TIRUPPATTUR,Sivaganga,GEN,1.0,THIRUMARAN. K.C,Bharatiya Janata Party,BJP,NDA,Lotus
185,TIRUPPATTUR,Sivaganga,GEN,2.0,PERIAKARUPPAN. KR,Dravida Munnetra Kazhagam,DMK,INDIA/SPA,Rising sun
185,TIRUPPATTUR,Sivaganga,GEN,3.0,RAMYA MOHAN,Naam Tamilar Katchi,NTK,Solo,Farmer Carrying Plough
185,TIRUPPATTUR,Sivaganga,GEN,4.0,UMADEVI. S,All India Puratchi Thalaivar Makkal Munnetra Kazhagam,AIPTMK,-,Coconut farm
185,TIRUPPATTUR,Sivaganga,GEN,5.0,SEENIVASA SETHUPATHY. R,Tamilaga Vettri Kazhagam,TVK,Solo,Whistle
185,TIRUPPATTUR,Sivaganga,GEN,6.0,SHANMUGAM. M,Independent,IND,Independent,Baby walker
185,TIRUPPATTUR,Sivaganga,GEN,7.0,SETHU. P,Independent,IND,Independent,Electric pole
185,TIRUPPATTUR,Sivaganga,GEN,8.0,PANCHAVARNAM. M,Independent,IND,Independent,Balloon
185,TIRUPPATTUR,Sivaganga,GEN,9.0,BAKIYALAKSHMI. M,Independent,IND,Independent,Computer
185,TIRUPPATTUR,Sivaganga,GEN,10.0,PIRAMAN. P,Independent,IND,Independent,Tiller
185,TIRUPPATTUR,Sivaganga,GEN,11.0,MALLIKA. A,Independent,IND,Independent,Bucket
185,TIRUPPATTUR,Sivaganga,GEN,12.0,MARIMUTHU. S,Independent,IND,Independent,Gift pack
185,TIRUPPATTUR,Sivaganga,GEN,13.0,RAJA. K.P.M,Independent,IND,Independent,Pen nib with seven rays
185,TIRUPPATTUR,Sivaganga,GEN,14.0,DR.VINAYAGA MEYYARASU. T,Independent,IND,Independent,Bat
185,TIRUPPATTUR,Sivaganga,GEN,15.0,VISHWANATHAN. S,Independent,IND,Independent,Ship
186,SIVAGANGA,Sivaganga,GEN,1.0,INDHUJA R,Naam Tamilar Katchi,NTK,Solo,Farmer Carrying Plough
186,SIVAGANGA,Sivaganga,GEN,2.0,KARUNAAS S,Dravida Munnetra Kazhagam,DMK,INDIA/SPA,Rising sun
186,SIVAGANGA,Sivaganga,GEN,3.0,SENTHILNATHAN PR,All India Anna Dravida Munnetra Kazhagam,AIADMK,NDA,Two leaves
186,SIVAGANGA,Sivaganga,GEN,4.0,MARIMUTHU K,Bahujan Samaj Party,BSP,Solo,Elephant
186,SIVAGANGA,Sivaganga,GEN,5.0,RAJAMANICKAM M,Desiya Makkal Sakthi Katchi,DMSK,-,Balloon
186,SIVAGANGA,Sivaganga,GEN,6.0,KULANTHAI RANI A,Tamilaga Vettri Kazhagam,TVK,Solo,Whistle
186,SIVAGANGA,Sivaganga,GEN,7.0,MURUGANANTHAM GURU,All India Puratchi Thalaivar Makkal Munnetra Kazhagam,AIPTMK,-,Coconut farm
186,SIVAGANGA,Sivaganga,GEN,8.0,RAJESH X,Tamizhaga Vaazhvurimai Katchi,TVaK,-,Camera
186,SIVAGANGA,Sivaganga,GEN,9.0,RAJKUMAR C,Party for the Rights of Other backward Classes,PROBC,-,Laptop
186,SIVAGANGA,Sivaganga,GEN,10.0,IRUDAYARAJ V,Independent,IND,Independent,Bead necklace
186,SIVAGANGA,Sivaganga,GEN,11.0,KARTHIK M,Independent,IND,Independent,Pen nib with seven rays
186,SIVAGANGA,Sivaganga,GEN,12.0,KALEESWARAN M,Independent,IND,Independent,Bricks
186,SIVAGANGA,Sivaganga,GEN,13.0,SANTHANAM,Independent,IND,Independent,Gas cylinder
186,SIVAGANGA,Sivaganga,GEN,14.0,NAGAPRABU,Independent,IND,Independent,Box
186,SIVAGANGA,Sivaganga,GEN,15.0,PAULSAMY,Independent,IND,Independent,Bat
186,SIVAGANGA,Sivaganga,GEN,16.0,PRABAKARAN S.T,Independent,IND,Independent,Matchbox
186,SIVAGANGA,Sivaganga,GEN,17.0,RAMESH K,Independent,IND,Independent,Bucket
187,MANAMADURAI,Sivaganga,SC,1.0,SHANMUGAPRIYA.M,Naam Tamilar Katchi,NTK,Solo,Farmer Carrying Plough
187,MANAMADURAI,Sivaganga,SC,2.0,TAMILARASI.A,Dravida Munnetra Kazhagam,DMK,INDIA/SPA,Rising sun
187,MANAMADURAI,Sivaganga,SC,3.0,BALAGANAPATHY.V,Bharatiya Janata Party,BJP,NDA,Lotus
187,MANAMADURAI,Sivaganga,SC,4.0,ARUNPANDIAN.A,Tamizhaga Vaazhvurimai Katchi,TVaK,-,Camera
187,MANAMADURAI,Sivaganga,SC,5.0,ARUMUGAM.V,Republican Party of India,RPI,-,Ganna kisan
187,MANAMADURAI,Sivaganga,SC,6.0,ELANGOVAN.D,Tamilaga Vettri Kazhagam,TVK,Solo,Whistle
187,MANAMADURAI,Sivaganga,SC,7.0,THILAGARAJ.K,All India Puratchi Thalaivar Makkal Munnetra Kazhagam,AIPTMK,-,Coconut farm
187,MANAMADURAI,Sivaganga,SC,8.0,RAJAMANIKKAM.A,Puthiya Tamilagam,PT,-,Gas cylinder
187,MANAMADURAI,Sivaganga,SC,9.0,KARUPPUSAMI.V,Independent,IND,Independent,Television
187,MANAMADURAI,Sivaganga,SC,10.0,SHANKARGANESAN.S,Independent,IND,Independent,Ship
187,MANAMADURAI,Sivaganga,SC,11.0,SATHISH.T,Independent,IND,Independent,Telephone
187,MANAMADURAI,Sivaganga,SC,12.0,BHARATHIDASAN.S,Independent,IND,Independent,Peas
187,MANAMADURAI,Sivaganga,SC,13.0,RAJU.J.M,Independent,IND,Independent,Calculator
187,MANAMADURAI,Sivaganga,SC,14.0,VEERAPANDI.V,Independent,IND,Independent,Flute
188,MELUR,Madurai,GEN,1.0,KOTTAIKUMAR,Naam Tamilar Katchi,NTK,Solo,Farmer Carrying Plough
188,MELUR,Madurai,GEN,2.0,P.PERIYAPULLAN (A) SELVAM,All India Anna Dravida Munnetra Kazhagam,AIADMK,NDA,Two leaves
188,MELUR,Madurai,GEN,3.0,P.VISWANATHAN,Indian National Congress,INC,INDIA/SPA,Hand
188,MELUR,Madurai,GEN,4.0,SONIAGANDHI,All India Puratchi Thalaivar Makkal Munnetra Kazhagam,AIPTMK,-,Coconut farm
188,MELUR,Madurai,GEN,5.0,M.PANNEERSELVAM,Puthiya Tamilagam,PT,-,Gas cylinder
188,MELUR,Madurai,GEN,6.0,A.MADURAIVEERAN,Tamilaga Vettri Kazhagam,TVK,Solo,Whistle
188,MELUR,Madurai,GEN,7.0,K.MEYYAR,Communist Party of India (Marxist-Leninist) (Liberation),CPI(ML)L,-,Flag with three stars
188,MELUR,Madurai,GEN,8.0,K.SETHURAMAN,Independent,IND,Independent,Water tank
188,MELUR,Madurai,GEN,9.0,S.BOOPATHI,Independent,IND,Independent,Well
188,MELUR,Madurai,GEN,10.0,K.MANIKANDAPRABU,Independent,IND,Independent,Truck
188,MELUR,Madurai,GEN,11.0,M.MURUGAN,Independent,IND,Independent,Computer
188,MELUR,Madurai,GEN,12.0,C.MOHANRAM,Independent,IND,Independent,Carrom board
188,MELUR,Madurai,GEN,13.0,C.RAMESH,Independent,IND,Independent,CCTV Camera
189,MADURAI EAST,Madurai,GEN,1.0,SELVAM K,Naam Tamilar Katchi,NTK,Solo,Farmer Carrying Plough
189,MADURAI EAST,Madurai,GEN,2.0,MAHENDRAN K,All India Anna Dravida Munnetra Kazhagam,AIADMK,NDA,Two leaves
189,MADURAI EAST,Madurai,GEN,3.0,MOORTHY P,Dravida Munnetra Kazhagam,DMK,INDIA/SPA,Rising sun
189,MADURAI EAST,Madurai,GEN,4.0,KARTHIKEYAN S,Tamilaga Vettri Kazhagam,TVK,Solo,Whistle
189,MADURAI EAST,Madurai,GEN,5.0,BHARATHIRAJA A,Puthiya Tamilagam,PT,-,Gas cylinder
189,MADURAI EAST,Madurai,GEN,6.0,PRINCE S,Republican Party of India (Athawale),RPI(A),-,Ganna kisan
189,MADURAI EAST,Madurai,GEN,7.0,BOOMIRAJAN K,Tamizhaga Vaazhvurimai Katchi,TVaK,-,Camera
189,MADURAI EAST,Madurai,GEN,8.0,ARASU S,Independent,IND,Independent,CCTV Camera
189,MADURAI EAST,Madurai,GEN,9.0,ARUN PANDIAN A J,Independent,IND,Independent,Television
189,MADURAI EAST,Madurai,GEN,10.0,AJAY KANNAN A,Independent,IND,Independent,Frying pan
189,MADURAI EAST,Madurai,GEN,11.0,KARTHIKEYAN G,Independent,IND,Independent,Tea filter
189,MADURAI EAST,Madurai,GEN,12.0,CHANDRA MOULISWARAN A,Independent,IND,Independent,Dumbbells
189,MADURAI EAST,Madurai,GEN,13.0,PITCHAI V,Independent,IND,Independent,Electric pole
189,MADURAI EAST,Madurai,GEN,14.0,MUGESHKUMAR M,Independent,IND,Independent,Diamond
189,MADURAI EAST,Madurai,GEN,15.0,VELLADURAI A,Independent,IND,Independent,Jackfruit
190,SHOLAVANDAN,Madurai,SC,1.0,NAGALAKSHMI THIRUMARAN.T,Naam Tamilar Katchi,NTK,Solo,Farmer Carrying Plough
190,SHOLAVANDAN,Madurai,SC,2.0,MANICKAM.K,All India Anna Dravida Munnetra Kazhagam,AIADMK,NDA,Two leaves
190,SHOLAVANDAN,Madurai,SC,3.0,VENKATESAN.A,Dravida Munnetra Kazhagam,DMK,INDIA/SPA,Rising sun
190,SHOLAVANDAN,Madurai,SC,4.0,KARUPPAIAH.M.V,Tamilaga Vettri Kazhagam,TVK,Solo,Whistle
190,SHOLAVANDAN,Madurai,SC,5.0,THANGAPANDI.P,Tamizhaga Vaazhvurimai Katchi,TVaK,-,Camera
190,SHOLAVANDAN,Madurai,SC,6.0,BALAMURUGAN.K,All India Puratchi Thalaivar Makkal Munnetra Kazhagam,AIPTMK,-,Coconut farm
190,SHOLAVANDAN,Madurai,SC,7.0,RAGHU.K,Puthiya Tamilagam,PT,-,Gas cylinder
190,SHOLAVANDAN,Madurai,SC,8.0,RAMADOSS.C,Indhu Dravida Makkal Katchi,IDMK,-,Well
190,SHOLAVANDAN,Madurai,SC,9.0,AJAY SUBASH.B,Independent,IND,Independent,Air conditioner
190,SHOLAVANDAN,Madurai,SC,10.0,KRISHNASAMY.P,Independent,IND,Independent,Almirah
190,SHOLAVANDAN,Madurai,SC,11.0,GUNASEKARAN.P,Independent,IND,Independent,Bat
190,SHOLAVANDAN,Madurai,SC,12.0,BALAMURUGAN.C,Independent,IND,Independent,Baby walker
190,SHOLAVANDAN,Madurai,SC,13.0,BALAMURUGAN.R,Independent,IND,Independent,Balloon
190,SHOLAVANDAN,Madurai,SC,14.0,RANJITH KUMAR.S,Independent,IND,Independent,Television
191,MADURAI NORTH,Madurai,GEN,1.0,P.SARAVANAN,All India Anna Dravida Munnetra Kazhagam,AIADMK,NDA,Two leaves
191,MADURAI NORTH,Madurai,GEN,2.0,G.THALAPATHI,Dravida Munnetra Kazhagam,DMK,INDIA/SPA,Rising sun
191,MADURAI NORTH,Madurai,GEN,3.0,V THIRUNAVUKKARASU,Naam Tamilar Katchi,NTK,Solo,Farmer Carrying Plough
191,MADURAI NORTH,Madurai,GEN,4.0,A.KALLANAI,Tamilaga Vettri Kazhagam,TVK,Solo,Whistle
191,MADURAI NORTH,Madurai,GEN,5.0,R RAJKUMAR,Naam Indiar Party,NIP,-,Spanner
191,MADURAI NORTH,Madurai,GEN,6.0,M J VOLTAIRE,Socialist Unity Centre Of India (COMMUNIST),SUCI(C),-,Gas cylinder
191,MADURAI NORTH,Madurai,GEN,7.0,N.KUPPUSAMY,Independent,IND,Independent,Electric pole
191,MADURAI NORTH,Madurai,GEN,8.0,J.KESAVARAJAH,Independent,IND,Independent,Tooth brush
191,MADURAI NORTH,Madurai,GEN,9.0,M.P.SANKARAPANDI,Independent,IND,Independent,Matchbox
191,MADURAI NORTH,Madurai,GEN,10.0,C.SATHISHKUMAR,Independent,IND,Independent,Stethoscope
191,MADURAI NORTH,Madurai,GEN,11.0,D.MOHAMED ISMAIL,Independent,IND,Independent,Pen drive
191,MADURAI NORTH,Madurai,GEN,12.0,P MUTHUSAMY,Independent,IND,Independent,Mike
191,MADURAI NORTH,Madurai,GEN,13.0,A.RAJANGAM,Independent,IND,Independent,Baby walker
192,MADURAI SOUTH,Madurai,GEN,1.0,RAAMA SREENIVASAN,Bharatiya Janata Party,BJP,NDA,Lotus
192,MADURAI SOUTH,Madurai,GEN,2.0,B.M.SUMATHY,Naam Tamilar Katchi,NTK,Solo,Farmer Carrying Plough
192,MADURAI SOUTH,Madurai,GEN,3.0,M.BOOMINATHAN,Dravida Munnetra Kazhagam,DMK,INDIA/SPA,Rising sun
192,MADURAI SOUTH,Madurai,GEN,4.0,S.IRUTHYARAJ,Tamizhaga Vaazhvurimai Katchi,TVaK,-,Camera
192,MADURAI SOUTH,Madurai,GEN,5.0,M.M.GOPISON,Tamilaga Vettri Kazhagam,TVK,Solo,Whistle
192,MADURAI SOUTH,Madurai,GEN,6.0,K.JEYA,Independent,IND,Independent,Electric pole
193,MADURAI CENTRAL,Madurai,GEN,1.0,ABDUL HAKEEM K,Naam Tamilar Katchi,NTK,Solo,Farmer Carrying Plough
193,MADURAI CENTRAL,Madurai,GEN,2.0,SUNDAR C,All India Anna Dravida Munnetra Kazhagam,AIADMK,NDA,Two leaves
193,MADURAI CENTRAL,Madurai,GEN,3.0,PALANIVEL THIAGA RAJAN,Dravida Munnetra Kazhagam,DMK,INDIA/SPA,Rising sun
193,MADURAI CENTRAL,Madurai,GEN,4.0,RAMAR PANDI T,Bahujan Samaj Party,BSP,Solo,Elephant
193,MADURAI CENTRAL,Madurai,GEN,5.0,SAKKARAVARTHY P,All India Puratchi Thalaivar Makkal Munnetra Kazhagam,AIPTMK,-,Coconut farm
193,MADURAI CENTRAL,Madurai,GEN,6.0,MADHAR BADHURUDEEN,Tamilaga Vettri Kazhagam,TVK,Solo,Whistle
193,MADURAI CENTRAL,Madurai,GEN,7.0,AVADAINATHAN V,Independent,IND,Independent,Balloon
193,MADURAI CENTRAL,Madurai,GEN,8.0,GURU KARTHICK T,Independent,IND,Independent,Flute
193,MADURAI CENTRAL,Madurai,GEN,9.0,SALEEM,Independent,IND,Independent,Ring
193,MADURAI CENTRAL,Madurai,GEN,10.0,SIVAPERUMAL V,Independent,IND,Independent,Mike
193,MADURAI CENTRAL,Madurai,GEN,11.0,MANIVANNAN,Independent,IND,Independent,Gas cylinder
193,MADURAI CENTRAL,Madurai,GEN,12.0,RAJENDRAN R,Independent,IND,Independent,Battery Torch
194,MADURAI WEST,Madurai,GEN,1.0,SELLUR K RAJU,All India Anna Dravida Munnetra Kazhagam,AIADMK,NDA,Two leaves
194,MADURAI WEST,Madurai,GEN,2.0,BALAJI R,Dravida Munnetra Kazhagam,DMK,INDIA/SPA,Rising sun
194,MADURAI WEST,Madurai,GEN,3.0,VIGNESHKUMAR S,Naam Tamilar Katchi,NTK,Solo,Farmer Carrying Plough
194,MADURAI WEST,Madurai,GEN,4.0,THANGAPANDI SR,Tamilaga Vettri Kazhagam,TVK,Solo,Whistle
194,MADURAI WEST,Madurai,GEN,5.0,MADURAI VEERAN S,Tamizhaga Vaazhvurimai Katchi,TVaK,-,Camera
194,MADURAI WEST,Madurai,GEN,6.0,MUTHUPANDI R,Vishwa Tamil Kazhagam,VTK,-,Ring
194,MADURAI WEST,Madurai,GEN,7.0,ANANDH K,Independent,IND,Independent,Flute
194,MADURAI WEST,Madurai,GEN,8.0,THARMA PRABU V S,Independent,IND,Independent,Diamond
194,MADURAI WEST,Madurai,GEN,9.0,MANOJ KUMAR R,Independent,IND,Independent,Diesel pump
194,MADURAI WEST,Madurai,GEN,10.0,MUTHUKUMAR S,Independent,IND,Independent,Binoculars
194,MADURAI WEST,Madurai,GEN,11.0,MUTHUKUMAR D,Independent,IND,Independent,Clip
194,MADURAI WEST,Madurai,GEN,12.0,RAHAMADULLAH S,Independent,IND,Independent,Green chilli
194,MADURAI WEST,Madurai,GEN,13.0,RAJKUMAR S,Independent,IND,Independent,Coconut farm
194,MADURAI WEST,Madurai,GEN,14.0,VENKATESAN M,Independent,IND,Independent,Balloon
195,THIRUPARANKUNDRAM,Madurai,GEN,1.0,KIRUTHIGA THANGAPANDI,Dravida Munnetra Kazhagam,DMK,INDIA/SPA,Rising sun
195,THIRUPARANKUNDRAM,Madurai,GEN,2.0,SATHYADEVI. T.,Naam Tamilar Katchi,NTK,Solo,Farmer Carrying Plough
195,THIRUPARANKUNDRAM,Madurai,GEN,3.0,RAJANCHELLAPPA. V.V.,All India Anna Dravida Munnetra Kazhagam,AIADMK,NDA,Two leaves
195,THIRUPARANKUNDRAM,Madurai,GEN,4.0,CHELLADURAI. R,Naam Indiar Party,NIP,-,Spanner
195,THIRUPARANKUNDRAM,Madurai,GEN,5.0,SETHURAMAN. A.,Puthiya Tamilagam,PT,-,Gas cylinder
195,THIRUPARANKUNDRAM,Madurai,GEN,6.0,SYED IBRAHIM. M.,Tamizhaga Vaazhvurimai Katchi,TVaK,-,Camera
195,THIRUPARANKUNDRAM,Madurai,GEN,7.0,THANAPANDIAN. T.,All India Puratchi Thalaivar Makkal Munnetra Kazhagam,AIPTMK,-,Coconut farm
195,THIRUPARANKUNDRAM,Madurai,GEN,8.0,NIRMALKUMAR. R.,Tamilaga Vettri Kazhagam,TVK,Solo,Whistle
195,THIRUPARANKUNDRAM,Madurai,GEN,9.0,MOOKKAYEE. C.,Ezhuchi Tamilargal Munnetra Kazhagam,ETMK,-,Jackfruit
195,THIRUPARANKUNDRAM,Madurai,GEN,10.0,RENGANATHAN DORAISAMY,Rashtriya Samaj Dal (R),RSD(R),-,Ring
195,THIRUPARANKUNDRAM,Madurai,GEN,11.0,ARUMUGAM. G.,Independent,IND,Independent,Bat
195,THIRUPARANKUNDRAM,Madurai,GEN,12.0,UKKRA PANDIAN. S.,Independent,IND,Independent,Matchbox
195,THIRUPARANKUNDRAM,Madurai,GEN,13.0,POUNRAJ. N.,Independent,IND,Independent,Calculator
195,THIRUPARANKUNDRAM,Madurai,GEN,14.0,RAJ. P.,Independent,IND,Independent,Tooth brush
195,THIRUPARANKUNDRAM,Madurai,GEN,15.0,VALLARASAN. K.,Independent,IND,Independent,Air conditioner
196,THIRUMANGALAM,Madurai,GEN,1.0,UDHAYAKUMAR.R.B,All India Anna Dravida Munnetra Kazhagam,AIADMK,NDA,Two leaves
196,THIRUMANGALAM,Madurai,GEN,2.0,MANIMARAN.M,Dravida Munnetra Kazhagam,DMK,INDIA/SPA,Rising sun
196,THIRUMANGALAM,Madurai,GEN,3.0,MUNISH.N,Naam Tamilar Katchi,NTK,Solo,Farmer Carrying Plough
196,THIRUMANGALAM,Madurai,GEN,4.0,ALAGAR.A,Ezhuchi Tamilargal Munnetra Kazhagam,ETMK,-,Jackfruit
196,THIRUMANGALAM,Madurai,GEN,5.0,KALAISELVI.R,Ahila India Dhayaga Makkal Munnetra Katchi,,,Ring
196,THIRUMANGALAM,Madurai,GEN,6.0,SATHISHKUMAR.N,Tamilaga Vettri Kazhagam,TVK,Solo,Whistle
196,THIRUMANGALAM,Madurai,GEN,7.0,JEEVITHA NACHIYAR.B,All India Puratchi Thalaivar Makkal Munnetra Kazhagam,AIPTMK,-,Coconut farm
196,THIRUMANGALAM,Madurai,GEN,8.0,AYYANAN.P,Independent,IND,Independent,Matchbox
196,THIRUMANGALAM,Madurai,GEN,9.0,GIRISHKUMAR.A,Independent,IND,Independent,Almirah
196,THIRUMANGALAM,Madurai,GEN,10.0,SAKKARAVARTHY.P,Independent,IND,Independent,Water melon
196,THIRUMANGALAM,Madurai,GEN,11.0,NAGOOR.M,Independent,IND,Independent,Pencil box
196,THIRUMANGALAM,Madurai,GEN,12.0,BHARATH.M,Independent,IND,Independent,Mike
196,THIRUMANGALAM,Madurai,GEN,13.0,MUTHURAJA.M,Independent,IND,Independent,Calculator
196,THIRUMANGALAM,Madurai,GEN,14.0,MURUGAN.S,Independent,IND,Independent,Gas cylinder
196,THIRUMANGALAM,Madurai,GEN,15.0,VENGATESWARAN.B,Independent,IND,Independent,Cot
197,USILAMPATTI,Madurai,GEN,1.0,ABIRAMI. D,Naam Tamilar Katchi,NTK,Solo,Farmer Carrying Plough
197,USILAMPATTI,Madurai,GEN,2.0,SARAVANAKUMAR. T,Indian National Congress,INC,INDIA/SPA,Hand
197,USILAMPATTI,Madurai,GEN,3.0,MAHENDRAN. I,All India Anna Dravida Munnetra Kazhagam,AIADMK,NDA,Two leaves
197,USILAMPATTI,Madurai,GEN,4.0,VELLAIPANDI. V,Bahujan Samaj Party,BSP,Solo,Elephant
197,USILAMPATTI,Madurai,GEN,5.0,AYYAPPAN. P,All India Puratchi Thalaivar Makkal Munnetra Kazhagam,AIPTMK,-,Coconut farm
197,USILAMPATTI,Madurai,GEN,6.0,VIJAY. M,Tamilaga Vettri Kazhagam,TVK,Solo,Whistle
197,USILAMPATTI,Madurai,GEN,7.0,KIRANYA. S,Independent,IND,Independent,Ship
197,USILAMPATTI,Madurai,GEN,8.0,DHANASEKARAN. T,Independent,IND,Independent,Throwing a javelin
197,USILAMPATTI,Madurai,GEN,9.0,THIAGARAJAN. O. V,Independent,IND,Independent,Mike
197,USILAMPATTI,Madurai,GEN,10.0,THIRUMOORTHY. A,Independent,IND,Independent,Lady finger
197,USILAMPATTI,Madurai,GEN,11.0,PRAVEENA. S,Independent,IND,Independent,Diamond
197,USILAMPATTI,Madurai,GEN,12.0,MUTHU. N,Independent,IND,Independent,Water melon
198,ANDIPATTI,Theni,GEN,1.0,ESAKKIAMMAL.M,Bahujan Samaj Party,BSP,Solo,Elephant
198,ANDIPATTI,Theni,GEN,2.0,GOMATHI .M,Naam Tamilar Katchi,NTK,Solo,Farmer Carrying Plough
198,ANDIPATTI,Theni,GEN,3.0,MAHARAJAN.A,Dravida Munnetra Kazhagam,DMK,INDIA/SPA,Rising sun
198,ANDIPATTI,Theni,GEN,4.0,LOGIRAJAN.A,All India Anna Dravida Munnetra Kazhagam,AIADMK,NDA,Two leaves
198,ANDIPATTI,Theni,GEN,5.0,IRUMBORAI.G,Communist Party of India (Marxist-Leninist) Red Star,CPI(ML) Red Star,-,Truck
198,ANDIPATTI,Theni,GEN,6.0,ELAYARAJA.M,Puthiya Tamilagam,PT,-,Gas cylinder
198,ANDIPATTI,Theni,GEN,7.0,CHELLAPANDIYAN.S,All India Puratchi Thalaivar Makkal Munnetra Kazhagam,AIPTMK,-,Coconut farm
198,ANDIPATTI,Theni,GEN,8.0,PANDI.V,Tamilaga Vettri Kazhagam,TVK,Solo,Whistle
198,ANDIPATTI,Theni,GEN,9.0,MOHAMMED RUKMAN.M,Tamizhaga Vaazhvurimai Katchi,TVaK,-,Camera
198,ANDIPATTI,Theni,GEN,10.0,JEYAMURUGAN.M.P,Veerath Thiyagi Viswanathadoss Thozhilalarkal Katchi,VTVTK,-,Pestle and mortar
198,ANDIPATTI,Theni,GEN,11.0,KARUPPAIYA,Independent,IND,Independent,Dumbbells
198,ANDIPATTI,Theni,GEN,12.0,GOPAL.S,Independent,IND,Independent,Diamond
198,ANDIPATTI,Theni,GEN,13.0,GOPINATH.P,Independent,IND,Independent,Baby walker
198,ANDIPATTI,Theni,GEN,14.0,NEELAKANNAN.T,Independent,IND,Independent,Ship
198,ANDIPATTI,Theni,GEN,15.0,PACKIARAJ.S,Independent,IND,Independent,Matchbox
198,ANDIPATTI,Theni,GEN,16.0,PANDIDURAI.P,Independent,IND,Independent,Cauliflower
198,ANDIPATTI,Theni,GEN,17.0,VIJAYARAJ.R,Independent,IND,Independent,Brief case
198,ANDIPATTI,Theni,GEN,18.0,JAGADEESAN.P,Independent,IND,Independent,Binoculars
199,PERIYAKULAM,Theni,SC,1.0,SAKTHIVEL P.,Viduthalai Chiruthaigal Katchi,VCK,INDIA/SPA,Pot
199,PERIYAKULAM,Theni,SC,2.0,VIMALA R.,Naam Tamilar Katchi,NTK,Solo,Farmer Carrying Plough
199,PERIYAKULAM,Theni,SC,3.0,DR KATHIRKAMU K.,Amma Makkal Munnetra Kazagam,AMMK,NDA,Pressure cooker
199,PERIYAKULAM,Theni,SC,4.0,SABARI IYNGARAN G.,Tamilaga Vettri Kazhagam,TVK,Solo,Whistle
199,PERIYAKULAM,Theni,SC,5.0,MARISAMY V.,Puthiya Tamilagam,PT,-,Gas cylinder
199,PERIYAKULAM,Theni,SC,6.0,RANJEETH KUMAR J.,Socialist Unity Centre Of India (COMMUNIST),SUCI(C),-,Scissors
199,PERIYAKULAM,Theni,SC,7.0,ABITHA M.,Independent,IND,Independent,Kettle
199,PERIYAKULAM,Theni,SC,8.0,KUMAR S.,Independent,IND,Independent,Frying pan
199,PERIYAKULAM,Theni,SC,9.0,SANMUGAVEL K.,Independent,IND,Independent,Pan
199,PERIYAKULAM,Theni,SC,10.0,SELVARAJ R.,Independent,IND,Independent,Funnel
199,PERIYAKULAM,Theni,SC,11.0,PALANICHAMY T.,Independent,IND,Independent,Tea filter
199,PERIYAKULAM,Theni,SC,12.0,DR. MOHANRAJ A.C. (P.T),Independent,IND,Independent,Batsman
199,PERIYAKULAM,Theni,SC,13.0,VAIRAMUTHU D.,Independent,IND,Independent,Mixee
200,BODINAYAKANUR,Theni,GEN,1.0,KALAIARASU.S,Naam Tamilar Katchi,NTK,Solo,Farmer Carrying Plough
200,BODINAYAKANUR,Theni,GEN,2.0,NARAYANASAMY V.T.,All India Anna Dravida Munnetra Kazhagam,AIADMK,NDA,Two leaves
200,BODINAYAKANUR,Theni,GEN,3.0,PANNEERSELVAM.O,Dravida Munnetra Kazhagam,DMK,INDIA/SPA,Rising sun
200,BODINAYAKANUR,Theni,GEN,4.0,PADMANABHAN.N,All India Puratchi Thalaivar Makkal Munnetra Kazhagam,AIPTMK,-,Coconut farm
200,BODINAYAKANUR,Theni,GEN,5.0,DR.PANDIKUMAR.S,Communist Party of India (Marxist-Leninist) (Liberation),CPI(ML)L,-,Flag with three stars
200,BODINAYAKANUR,Theni,GEN,6.0,PRAKASH.S,Tamilaga Vettri Kazhagam,TVK,Solo,Whistle
200,BODINAYAKANUR,Theni,GEN,7.0,RAJA.M,Vishwa Tamil Kazhagam,VTK,-,Ring
200,BODINAYAKANUR,Theni,GEN,8.0,KARUPPAIAH.G,Independent,IND,Independent,Gas cylinder
200,BODINAYAKANUR,Theni,GEN,9.0,GOWTHAM.R,Independent,IND,Independent,Jackfruit
200,BODINAYAKANUR,Theni,GEN,10.0,CHANDRASEKARAN.S,Independent,IND,Independent,Ship
200,BODINAYAKANUR,Theni,GEN,11.0,SARAVANAKUMAR.V,Independent,IND,Independent,Mike
200,BODINAYAKANUR,Theni,GEN,12.0,SELVAMURUGAN.P,Independent,IND,Independent,Tea filter
200,BODINAYAKANUR,Theni,GEN,13.0,NAGANANTHINI.V,Independent,IND,Independent,Diamond
200,BODINAYAKANUR,Theni,GEN,14.0,BALASUBRAMANI.R,Independent,IND,Independent,Bat
200,BODINAYAKANUR,Theni,GEN,15.0,VELRAJ.K,Independent,IND,Independent,Nail cutter
201,CUMBUM,Theni,GEN,1.0,ANBUSELVI A,Naam Tamilar Katchi,NTK,Solo,Farmer Carrying Plough
201,CUMBUM,Theni,GEN,2.0,ERAMAKRISHNAN N,Dravida Munnetra Kazhagam,DMK,INDIA/SPA,Rising sun
201,CUMBUM,Theni,GEN,3.0,JAKKAIYAN S.T.K.,All India Anna Dravida Munnetra Kazhagam,AIADMK,NDA,Two leaves
201,CUMBUM,Theni,GEN,4.0,KATHIRAVAN S,New Generation People's Party,NGPP,-,Gas cylinder
201,CUMBUM,Theni,GEN,5.0,MUTHU BAGAVATHI M.,Tamizhaga Vaazhvurimai Katchi,TVaK,-,Camera
201,CUMBUM,Theni,GEN,6.0,JEGANATHMISHRA P L A,Tamilaga Vettri Kazhagam,TVK,Solo,Whistle
201,CUMBUM,Theni,GEN,7.0,ASHOK KUMAR A,Independent,IND,Independent,Bucket
201,CUMBUM,Theni,GEN,8.0,ARUNKUMAR A,Independent,IND,Independent,Clip
201,CUMBUM,Theni,GEN,9.0,SARAVANAN S.R.,Independent,IND,Independent,Lady finger
201,CUMBUM,Theni,GEN,10.0,SUBRAMANIYAM L R,Independent,IND,Independent,Electric pole
201,CUMBUM,Theni,GEN,11.0,THASTHAKEER I,Independent,IND,Independent,Coconut farm
201,CUMBUM,Theni,GEN,12.0,NANTHAKUMAR A.,Independent,IND,Independent,Football player
201,CUMBUM,Theni,GEN,13.0,BALAN R,Independent,IND,Independent,Ship
201,CUMBUM,Theni,GEN,14.0,PRAKASH P.,Independent,IND,Independent,Diamond
201,CUMBUM,Theni,GEN,15.0,PRAKASH P.,Independent,IND,Independent,Bat
201,CUMBUM,Theni,GEN,16.0,MUTHUSELVAM G.,Independent,IND,Independent,Frying pan
201,CUMBUM,Theni,GEN,17.0,RAJADURAI S,Independent,IND,Independent,Box
201,CUMBUM,Theni,GEN,18.0,RAJAMOHAMMED T,Independent,IND,Independent,Hand cart
201,CUMBUM,Theni,GEN,19.0,VINOTH KUMAR R,Independent,IND,Independent,Almirah
202,RAJAPALAYAM,Virudhunagar,GEN,1.0,DR. KARTHIKEYAN. T.E.,Naam Tamilar Katchi,NTK,Solo,Farmer Carrying Plough
202,RAJAPALAYAM,Virudhunagar,GEN,2.0,THANGAPANDIAN. S,Dravida Munnetra Kazhagam,DMK,INDIA/SPA,Rising sun
202,RAJAPALAYAM,Virudhunagar,GEN,3.0,PRISCILLA PANDIAN. J,Bharatiya Janata Party,BJP,NDA,Lotus
202,RAJAPALAYAM,Virudhunagar,GEN,4.0,NASRIN BANU. T,Republican Party of India (Athawale),RPI(A),-,Ganna kisan
202,RAJAPALAYAM,Virudhunagar,GEN,5.0,RAMADEVI. T,Puthiya Tamilagam,PT,-,Gas cylinder
202,RAJAPALAYAM,Virudhunagar,GEN,6.0,JEGADESHWARI. K,Tamilaga Vettri Kazhagam,TVK,Solo,Whistle
202,RAJAPALAYAM,Virudhunagar,GEN,7.0,HARISH. A,All India Puratchi Thalaivar Makkal Munnetra Kazhagam,AIPTMK,-,Coconut farm
202,RAJAPALAYAM,Virudhunagar,GEN,8.0,ALAGUPANDIAN. A,Independent,IND,Independent,Bricks
202,RAJAPALAYAM,Virudhunagar,GEN,9.0,ALAGUMURUGAN. S,Independent,IND,Independent,Diamond
202,RAJAPALAYAM,Virudhunagar,GEN,10.0,GANESAN. K,Independent,IND,Independent,Electric pole
202,RAJAPALAYAM,Virudhunagar,GEN,11.0,SHANMUGACHANDRA VELAVAN. C.C,Independent,IND,Independent,Razor
202,RAJAPALAYAM,Virudhunagar,GEN,12.0,SARAVANAN. G,Independent,IND,Independent,Tiller
202,RAJAPALAYAM,Virudhunagar,GEN,13.0,SAMUEL RAJ,Independent,IND,Independent,Television
202,RAJAPALAYAM,Virudhunagar,GEN,14.0,SELVAKUMAR. A,Independent,IND,Independent,Jackfruit
202,RAJAPALAYAM,Virudhunagar,GEN,15.0,SELVI. K,Independent,IND,Independent,Matchbox
202,RAJAPALAYAM,Virudhunagar,GEN,16.0,THANGAPANDI. B,Independent,IND,Independent,Helmet
202,RAJAPALAYAM,Virudhunagar,GEN,17.0,BALAMURUGAN. V,Independent,IND,Independent,Balloon
202,RAJAPALAYAM,Virudhunagar,GEN,18.0,MANMATHAN. M,Independent,IND,Independent,Batsman
202,RAJAPALAYAM,Virudhunagar,GEN,19.0,MUTHULAKSHMI. R,Independent,IND,Independent,Tube light
202,RAJAPALAYAM,Virudhunagar,GEN,20.0,MURUGAN. D,Independent,IND,Independent,Lunch box
202,RAJAPALAYAM,Virudhunagar,GEN,21.0,VIJENDRAN. G,Independent,IND,Independent,Ring
202,RAJAPALAYAM,Virudhunagar,GEN,22.0,JEGATHISHWARI. N,Independent,IND,Independent,Pressure cooker
203,SRIVILLIPUTHUR,Virudhunagar,SC,1.0,KARIKALAPANDIYAN.A,Naam Tamilar Katchi,NTK,Solo,Farmer Carrying Plough
203,SRIVILLIPUTHUR,Virudhunagar,SC,2.0,CHANDRAPRABHA.M,All India Anna Dravida Munnetra Kazhagam,AIADMK,NDA,Two leaves
203,SRIVILLIPUTHUR,Virudhunagar,SC,3.0,MAHALINGAM.P,Communist Party of India,CPI,INDIA/SPA,Ears of corn and sickle
203,SRIVILLIPUTHUR,Virudhunagar,SC,4.0,KARTHIK.A,Tamilaga Vettri Kazhagam,TVK,Solo,Whistle
203,SRIVILLIPUTHUR,Virudhunagar,SC,5.0,CHANDRA.M,All India Puratchi Thalaivar Makkal Munnetra Kazhagam,AIPTMK,-,Coconut farm
203,SRIVILLIPUTHUR,Virudhunagar,SC,6.0,VARATHARAJAN.A,Naam Indiar Party,NIP,-,Spanner
203,SRIVILLIPUTHUR,Virudhunagar,SC,7.0,DR. SHYAM KRISHNASAMY,Puthiya Tamilagam,PT,-,Gas cylinder
203,SRIVILLIPUTHUR,Virudhunagar,SC,8.0,ALAGURAJA T,Independent,IND,Independent,Boat with man and sail
203,SRIVILLIPUTHUR,Virudhunagar,SC,9.0,SUDANDIRADOSS.M,Independent,IND,Independent,Air conditioner
203,SRIVILLIPUTHUR,Virudhunagar,SC,10.0,SURYAPRAKASH.R,Independent,IND,Independent,Television
203,SRIVILLIPUTHUR,Virudhunagar,SC,11.0,DEVIALAKSHMI SARANYA.K,Independent,IND,Independent,Peas
203,SRIVILLIPUTHUR,Virudhunagar,SC,12.0,PANDIYAMMAL.M,Independent,IND,Independent,Ring
203,SRIVILLIPUTHUR,Virudhunagar,SC,13.0,MUTHURAJ.U,Independent,IND,Independent,Stethoscope
203,SRIVILLIPUTHUR,Virudhunagar,SC,14.0,MURUGESAN.S,Independent,IND,Independent,Mike
204,SATTUR,Virudhunagar,GEN,1.0,ANANDHARAJA. D.,Naam Tamilar Katchi,NTK,Solo,Farmer Carrying Plough
204,SATTUR,Virudhunagar,GEN,2.0,KADARKARAIRAJ. A,Dravida Munnetra Kazhagam,DMK,INDIA/SPA,Rising sun
204,SATTUR,Virudhunagar,GEN,3.0,KAMALA VEL SELVAN. P,Bahujan Samaj Party,BSP,Solo,Elephant
204,SATTUR,Virudhunagar,GEN,4.0,NAINAR NAGENTHRAN,Bharatiya Janata Party,BJP,NDA,Lotus
204,SATTUR,Virudhunagar,GEN,5.0,AJITH. M,Tamilaga Vettri Kazhagam,TVK,Solo,Whistle
204,SATTUR,Virudhunagar,GEN,6.0,ESAKKIRAJA. K,All India Puratchi Thalaivar Makkal Munnetra Kazhagam,AIPTMK,-,Coconut farm
204,SATTUR,Virudhunagar,GEN,7.0,THANGA DURAI. P,Puthiya Makkal Tamil Desam Katchi,PMTDK,-,Baby walker
204,SATTUR,Virudhunagar,GEN,8.0,MUTHUKANNU. C,Tamilaga Makkal Nala Katchi,,,Electric pole
204,SATTUR,Virudhunagar,GEN,9.0,VELMURUGAN. S,Puthiya Tamilagam,PT,-,Gas cylinder
204,SATTUR,Virudhunagar,GEN,10.0,AJITHKUMAR. S,Independent,IND,Independent,Ring
204,SATTUR,Virudhunagar,GEN,11.0,KALIRAJ. M,Independent,IND,Independent,Bat
204,SATTUR,Virudhunagar,GEN,12.0,SARAVANAN. P,Independent,IND,Independent,Ship
204,SATTUR,Virudhunagar,GEN,13.0,THANGA MARIAPPAN. J,Independent,IND,Independent,Mike
204,SATTUR,Virudhunagar,GEN,14.0,NARMADA NANDHAKUMAR,Independent,IND,Independent,Belt
204,SATTUR,Virudhunagar,GEN,15.0,MAHENDRAN. M,Independent,IND,Independent,Spanner
204,SATTUR,Virudhunagar,GEN,16.0,MAHESHKUMAR. M,Independent,IND,Independent,Matchbox
204,SATTUR,Virudhunagar,GEN,17.0,MANIVASAGAM.S,Independent,IND,Independent,Diamond
204,SATTUR,Virudhunagar,GEN,18.0,MAYAKKANNAN. V,Independent,IND,Independent,Gas Stove
204,SATTUR,Virudhunagar,GEN,19.0,MUTHARASAN. M,Independent,IND,Independent,Battery Torch
204,SATTUR,Virudhunagar,GEN,20.0,RAMESH KUMAR. B,Independent,IND,Independent,Jackfruit
204,SATTUR,Virudhunagar,GEN,21.0,VIJENDRAN. G,Independent,IND,Independent,Sewing machine
204,SATTUR,Virudhunagar,GEN,22.0,VENKATESAN. M,Independent,IND,Independent,Telephone
205,SIVAKASI,Virudhunagar,GEN,1.0,ASHOKAN G,Indian National Congress,INC,INDIA/SPA,Hand
205,SIVAKASI,Virudhunagar,GEN,2.0,ESTHER MARY DIANA A,Naam Tamilar Katchi,NTK,Solo,Farmer Carrying Plough
205,SIVAKASI,Virudhunagar,GEN,3.0,SURESH K,Bahujan Samaj Party,BSP,Solo,Elephant
205,SIVAKASI,Virudhunagar,GEN,4.0,RAJENTHRABHALAJI K T,All India Anna Dravida Munnetra Kazhagam,AIADMK,NDA,Two leaves
205,SIVAKASI,Virudhunagar,GEN,5.0,GANESAN M,All India Puratchi Thalaivar Makkal Munnetra Kazhagam,AIPTMK,-,Coconut farm
205,SIVAKASI,Virudhunagar,GEN,6.0,KANIPANDI M,Puthiya Tamilagam,PT,-,Gas cylinder
205,SIVAKASI,Virudhunagar,GEN,7.0,KEERTHANA S,Tamilaga Vettri Kazhagam,TVK,Solo,Whistle
205,SIVAKASI,Virudhunagar,GEN,8.0,CHINNADURAI ALIAS DIMITRO S,Communist Party of India (Marxist-Leninist) (Liberation),CPI(ML)L,-,Flag with three stars
205,SIVAKASI,Virudhunagar,GEN,9.0,GANESAN S,Independent,IND,Independent,Matchbox
205,SIVAKASI,Virudhunagar,GEN,10.0,GANESAN V,Independent,IND,Independent,Gift pack
205,SIVAKASI,Virudhunagar,GEN,11.0,NAGALAKSHMI V,Independent,IND,Independent,Pen drive
205,SIVAKASI,Virudhunagar,GEN,12.0,MURUGAN M,Independent,IND,Independent,Bucket
205,SIVAKASI,Virudhunagar,GEN,13.0,RAMESH P,Independent,IND,Independent,Pressure cooker
205,SIVAKASI,Virudhunagar,GEN,14.0,VENKATESH V,Independent,IND,Independent,Camera
206,VIRUDHUNAGAR,Virudhunagar,GEN,1.0,GANESAN V.G.,All India Anna Dravida Munnetra Kazhagam,AIADMK,NDA,Two leaves
206,VIRUDHUNAGAR,Virudhunagar,GEN,2.0,LAKSHMANAN,Naam Tamilar Katchi,NTK,Solo,Farmer Carrying Plough
206,VIRUDHUNAGAR,Virudhunagar,GEN,3.0,VIJAYAPRABHAKAR,Desiya Murpokku Dravida Kazhagam,DMDK,INDIA/SPA,Nagara
206,VIRUDHUNAGAR,Virudhunagar,GEN,4.0,SELVAM P,Tamilaga Vettri Kazhagam,TVK,Solo,Whistle
206,VIRUDHUNAGAR,Virudhunagar,GEN,5.0,BALASUBRAMANIAM M,Puthiya Tamilagam,PT,-,Gas cylinder
206,VIRUDHUNAGAR,Virudhunagar,GEN,6.0,RATHINARAJA S,Nam Naadu Nam Makkal Nam Ethirkaalam Katchi,,,Battery Torch
206,VIRUDHUNAGAR,Virudhunagar,GEN,7.0,VIKRAMAN N,Desa Makkal Munnetrak Kazhagam,,,Mike
206,VIRUDHUNAGAR,Virudhunagar,GEN,8.0,AMIRTHA PANDI M.V,Independent,IND,Independent,Throwing a javelin
206,VIRUDHUNAGAR,Virudhunagar,GEN,9.0,AJAY I,Independent,IND,Independent,Noodles bowl
206,VIRUDHUNAGAR,Virudhunagar,GEN,10.0,GUNASUNDARAM R,Independent,IND,Independent,Ring
206,VIRUDHUNAGAR,Virudhunagar,GEN,11.0,GURUSAMY S,Independent,IND,Independent,Diamond
206,VIRUDHUNAGAR,Virudhunagar,GEN,12.0,SANTHOSH KUMAR R,Independent,IND,Independent,Ship
206,VIRUDHUNAGAR,Virudhunagar,GEN,13.0,SUBBURAJ K,Independent,IND,Independent,Bat
206,VIRUDHUNAGAR,Virudhunagar,GEN,14.0,MUTHUVEL S,Independent,IND,Independent,Pressure cooker
206,VIRUDHUNAGAR,Virudhunagar,GEN,15.0,RANJITH S,Independent,IND,Independent,Electric pole
207,ARUPPUKKOTTAI,Virudhunagar,GEN,1.0,RAMACHANDRAN. K.K.S.S.R,Dravida Munnetra Kazhagam,DMK,INDIA/SPA,Rising sun
207,ARUPPUKKOTTAI,Virudhunagar,GEN,2.0,SETHUPATHY. S,All India Anna Dravida Munnetra Kazhagam,AIADMK,NDA,Two leaves
207,ARUPPUKKOTTAI,Virudhunagar,GEN,3.0,MANIMARAN. G,Naam Tamilar Katchi,NTK,Solo,Farmer Carrying Plough
207,ARUPPUKKOTTAI,Virudhunagar,GEN,4.0,ELANGO. G,Ezhuchi Tamilargal Munnetra Kazhagam,ETMK,-,Jackfruit
207,ARUPPUKKOTTAI,Virudhunagar,GEN,5.0,GANESAN. V,Puthiya Makkal Tamil Desam Katchi,PMTDK,-,Baby walker
207,ARUPPUKKOTTAI,Virudhunagar,GEN,6.0,KARTHIK KUMAR. K,Tamilaga Vettri Kazhagam,TVK,Solo,Whistle
207,ARUPPUKKOTTAI,Virudhunagar,GEN,7.0,SANJAY GANDHI. V,Desa Makkal Munnetrak Kazhagam,,,Mike
207,ARUPPUKKOTTAI,Virudhunagar,GEN,8.0,DHARMARAJ. P,All India Puratchi Thalaivar Makkal Munnetra Kazhagam,AIPTMK,-,Coconut farm
207,ARUPPUKKOTTAI,Virudhunagar,GEN,9.0,RAGUPATHI. K,Puthiya Tamilagam,PT,-,Gas cylinder
207,ARUPPUKKOTTAI,Virudhunagar,GEN,10.0,ARUMUGAM. V,Independent,IND,Independent,Gift pack
207,ARUPPUKKOTTAI,Virudhunagar,GEN,11.0,ANANDHAN. A,Independent,IND,Independent,Pressure cooker
207,ARUPPUKKOTTAI,Virudhunagar,GEN,12.0,KARTHIK. M,Independent,IND,Independent,Well
207,ARUPPUKKOTTAI,Virudhunagar,GEN,13.0,ADVOCATE SADHURAGIRI. M,Independent,IND,Independent,Helmet
207,ARUPPUKKOTTAI,Virudhunagar,GEN,14.0,CHINNASAMY. G,Independent,IND,Independent,Batsman
207,ARUPPUKKOTTAI,Virudhunagar,GEN,15.0,SUNDARAMAHALINGAM. A,Independent,IND,Independent,Bucket
207,ARUPPUKKOTTAI,Virudhunagar,GEN,16.0,SUNDARAMOORTHI. S,Independent,IND,Independent,Balloon
207,ARUPPUKKOTTAI,Virudhunagar,GEN,17.0,SURESHKUMAR. K,Independent,IND,Independent,Electric pole
207,ARUPPUKKOTTAI,Virudhunagar,GEN,18.0,SENTHILKUMAR. S,Independent,IND,Independent,Computer
207,ARUPPUKKOTTAI,Virudhunagar,GEN,19.0,PALANIKUMAR. M,Independent,IND,Independent,Biscuit
207,ARUPPUKKOTTAI,Virudhunagar,GEN,20.0,MARIVEL. K,Independent,IND,Independent,Bat
207,ARUPPUKKOTTAI,Virudhunagar,GEN,21.0,MUNIYANDI. M,Independent,IND,Independent,Iron
207,ARUPPUKKOTTAI,Virudhunagar,GEN,22.0,RAMAKRISHNAN. S,Independent,IND,Independent,Laptop
207,ARUPPUKKOTTAI,Virudhunagar,GEN,23.0,RAMAMOORTHY. G,Independent,IND,Independent,Matchbox
207,ARUPPUKKOTTAI,Virudhunagar,GEN,24.0,VEERARAJ. R,Independent,IND,Independent,Ring
207,ARUPPUKKOTTAI,Virudhunagar,GEN,25.0,VENKATESAN. P.S,Independent,IND,Independent,Calculator
208,TIRUCHULI,Virudhunagar,GEN,1.0,AVARANGADU KARTHIK RAJA,Naam Tamilar Katchi,NTK,Solo,Farmer Carrying Plough
208,TIRUCHULI,Virudhunagar,GEN,2.0,THANGAM THENARASU,Dravida Munnetra Kazhagam,DMK,INDIA/SPA,Rising sun
208,TIRUCHULI,Virudhunagar,GEN,3.0,RAJAVARMAN.M.S.R,All India Anna Dravida Munnetra Kazhagam,AIADMK,NDA,Two leaves
208,TIRUCHULI,Virudhunagar,GEN,4.0,KANNAN.G,Ezhuchi Tamilargal Munnetra Kazhagam,ETMK,-,Jackfruit
208,TIRUCHULI,Virudhunagar,GEN,5.0,GUNASEKARAN.G,Puthiya Tamilagam,PT,-,Gas cylinder
208,TIRUCHULI,Virudhunagar,GEN,6.0,SAMAYAN.S,Tamilaga Vettri Kazhagam,TVK,Solo,Whistle
208,TIRUCHULI,Virudhunagar,GEN,7.0,MURUGESAPANDIAN.T,All India Puratchi Thalaivar Makkal Munnetra Kazhagam,AIPTMK,-,Coconut farm
208,TIRUCHULI,Virudhunagar,GEN,8.0,RAJKUMAR.D,Tamizhaga Vaazhvurimai Katchi,TVaK,-,Camera
208,TIRUCHULI,Virudhunagar,GEN,9.0,VELLAISAMY.P,Ahimsa Socialist Party,ASP,-,Bricks
208,TIRUCHULI,Virudhunagar,GEN,10.0,ARAVINTHASAMY.J,Independent,IND,Independent,Electric pole
208,TIRUCHULI,Virudhunagar,GEN,11.0,KALIMUTHU.S,Independent,IND,Independent,Swing
208,TIRUCHULI,Virudhunagar,GEN,12.0,GURUSAMY.T,Independent,IND,Independent,Tennis racket & ball
208,TIRUCHULI,Virudhunagar,GEN,13.0,CHENNA KESAVAN.P,Independent,IND,Independent,Refrigerator
208,TIRUCHULI,Virudhunagar,GEN,14.0,SETHURAMALINGAM.S,Independent,IND,Independent,CCTV Camera
208,TIRUCHULI,Virudhunagar,GEN,15.0,ADVOCATE THANGAPANDIAN,Independent,IND,Independent,Helmet
208,TIRUCHULI,Virudhunagar,GEN,16.0,NALLAMARUTHU.K,Independent,IND,Independent,Balloon
208,TIRUCHULI,Virudhunagar,GEN,17.0,PALANIYANDI.M,Independent,IND,Independent,Door bell
208,TIRUCHULI,Virudhunagar,GEN,18.0,MALAI ALAGU.M,Independent,IND,Independent,Telephone
208,TIRUCHULI,Virudhunagar,GEN,19.0,MARIMUTHU.M,Independent,IND,Independent,Capsicum
208,TIRUCHULI,Virudhunagar,GEN,20.0,MARNADU.M,Independent,IND,Independent,Flute
208,TIRUCHULI,Virudhunagar,GEN,21.0,MUNIYASAMY.R,Independent,IND,Independent,Coat
208,TIRUCHULI,Virudhunagar,GEN,22.0,RAJANGAM.C,Independent,IND,Independent,Chain
208,TIRUCHULI,Virudhunagar,GEN,23.0,JEYACHITRA,Independent,IND,Independent,Lighter
209,PARAMAKUDI,Ramanathapuram,SC,1.0,EZHIL ELAVARASI. R,Naam Tamilar Katchi,NTK,Solo,Farmer Carrying Plough
209,PARAMAKUDI,Ramanathapuram,SC,2.0,ADVOCATE. KATHIRAVAN. K.K,Dravida Munnetra Kazhagam,DMK,INDIA/SPA,Rising sun
209,PARAMAKUDI,Ramanathapuram,SC,3.0,DR. MUTHIAH. S,All India Anna Dravida Munnetra Kazhagam,AIADMK,NDA,Two leaves
209,PARAMAKUDI,Ramanathapuram,SC,4.0,AMIRTHA. M,All India Puratchi Thalaivar Makkal Munnetra Kazhagam,AIPTMK,-,Coconut farm
209,PARAMAKUDI,Ramanathapuram,SC,5.0,RATHINA PRAKASH. K,Puthiya Tamilagam,PT,-,Gas cylinder
209,PARAMAKUDI,Ramanathapuram,SC,6.0,GOPIRAJAN. G,Tamilaga Vettri Kazhagam,TVK,Solo,Whistle
209,PARAMAKUDI,Ramanathapuram,SC,7.0,KATHIRAVAN. R,Independent,IND,Independent,Diamond
209,PARAMAKUDI,Ramanathapuram,SC,8.0,KARTHIK VANI. B,Independent,IND,Independent,Gramophone
209,PARAMAKUDI,Ramanathapuram,SC,9.0,MUTHTHIAH. M,Independent,IND,Independent,Pen drive
209,PARAMAKUDI,Ramanathapuram,SC,10.0,RADHA KRISHNAN. G,Independent,IND,Independent,Dish antenna
209,PARAMAKUDI,Ramanathapuram,SC,11.0,RAJA. M,Independent,IND,Independent,Kettle
209,PARAMAKUDI,Ramanathapuram,SC,12.0,RAJU. A,Independent,IND,Independent,Ship
210,TIRUVADANAI,Ramanathapuram,GEN,1.0,RM. KARUMANICKAM,Indian National Congress,INC,INDIA/SPA,Hand
210,TIRUVADANAI,Ramanathapuram,GEN,2.0,M.KEERTHIKA,All India Anna Dravida Munnetra Kazhagam,AIADMK,NDA,Two leaves
210,TIRUVADANAI,Ramanathapuram,GEN,3.0,N PREMNATH,Naam Tamilar Katchi,NTK,Solo,Farmer Carrying Plough
210,TIRUVADANAI,Ramanathapuram,GEN,4.0,A MUTHUSAMY,Bahujan Samaj Party,BSP,Solo,Elephant
210,TIRUVADANAI,Ramanathapuram,GEN,5.0,R ILAIYARAJA,Indhu Dravida Makkal Katchi,IDMK,-,Television
210,TIRUVADANAI,Ramanathapuram,GEN,6.0,K KALEESWARAN,Tamizhaga Vaazhvurimai Katchi,TVaK,-,Camera
210,TIRUVADANAI,Ramanathapuram,GEN,7.0,S SURESH KASINI VENTHAN,All India Forward Bloc,AIFB,-,Lion
210,TIRUVADANAI,Ramanathapuram,GEN,8.0,S.BALUSAMY,Puthiya Tamilagam,PT,-,Gas cylinder
210,TIRUVADANAI,Ramanathapuram,GEN,9.0,RAJEEV,Tamilaga Vettri Kazhagam,TVK,Solo,Whistle
210,TIRUVADANAI,Ramanathapuram,GEN,10.0,MS ABDUL BAKKI,Independent,IND,Independent,Matchbox
210,TIRUVADANAI,Ramanathapuram,GEN,11.0,ALLA PICHAI,Independent,IND,Independent,Almirah
210,TIRUVADANAI,Ramanathapuram,GEN,12.0,ALAGARSAMY PANDIAN,Independent,IND,Independent,Ship
210,TIRUVADANAI,Ramanathapuram,GEN,13.0,NANBU BAGURUDEEN,Independent,IND,Independent,Balloon
210,TIRUVADANAI,Ramanathapuram,GEN,14.0,SAKTHIKUMAR,Independent,IND,Independent,Black board
210,TIRUVADANAI,Ramanathapuram,GEN,15.0,B SIKKANDAR,Independent,IND,Independent,Bucket
210,TIRUVADANAI,Ramanathapuram,GEN,16.0,A SEGU ALI UDUMAN,Independent,IND,Independent,Refrigerator
210,TIRUVADANAI,Ramanathapuram,GEN,17.0,R THILAGESWARAN,Independent,IND,Independent,Flute
210,TIRUVADANAI,Ramanathapuram,GEN,18.0,A DINESH KUMAR,Independent,IND,Independent,Mike
210,TIRUVADANAI,Ramanathapuram,GEN,19.0,DEVASITHAM,Independent,IND,Independent,Bat
210,TIRUVADANAI,Ramanathapuram,GEN,20.0,A MANI,Independent,IND,Independent,Ring
210,TIRUVADANAI,Ramanathapuram,GEN,21.0,M.VIJAY,Independent,IND,Independent,Coconut farm
211,Ramanathapuram,Ramanathapuram,GEN,1.0,KATHARBATCHA MUTHURAMALINGAM,Dravida Munnetra Kazhagam,DMK,INDIA/SPA,Rising sun
211,Ramanathapuram,Ramanathapuram,GEN,2.0,GBS K.NAGENDRAN,Bharatiya Janata Party,BJP,NDA,Lotus
211,Ramanathapuram,Ramanathapuram,GEN,3.0,S.M. MUTHU KESAVAN,Naam Tamilar Katchi,NTK,Solo,Farmer Carrying Plough
211,Ramanathapuram,Ramanathapuram,GEN,4.0,DR.J. ABUBAKKAR SITHICK,Anna Puratchi Thalaivar Amma Dravida Munnetra Kazhagam,APTADMK,-,Jackfruit
211,Ramanathapuram,Ramanathapuram,GEN,5.0,SHAHUL HAMEED,Tamilaga Vettri Kazhagam,TVK,Solo,Whistle
211,Ramanathapuram,Ramanathapuram,GEN,6.0,C. PARIRAJAN,Veerath Thiyagi Viswanathadoss Thozhilalarkal Katchi,VTVTK,-,Pestle and mortar
211,Ramanathapuram,Ramanathapuram,GEN,7.0,S. MURUGABOOPATHY,Communist Party of India (Marxist-Leninist) (Liberation),CPI(ML)L,-,Flag with three stars
211,Ramanathapuram,Ramanathapuram,GEN,8.0,KAN ILANGO,Independent,IND,Independent,Ship
211,Ramanathapuram,Ramanathapuram,GEN,9.0,KARTHIGAI PANDI,Independent,IND,Independent,Cauliflower
211,Ramanathapuram,Ramanathapuram,GEN,10.0,A. CHINNA RAJA,Independent,IND,Independent,Gas cylinder
211,Ramanathapuram,Ramanathapuram,GEN,11.0,BALAKRISHNAN,Independent,IND,Independent,Water melon
211,Ramanathapuram,Ramanathapuram,GEN,12.0,PULLANI,Independent,IND,Independent,Balloon
211,Ramanathapuram,Ramanathapuram,GEN,13.0,K. MALESWARAN,Independent,IND,Independent,Flute
212,Mudhukulathur,Ramanathapuram,GEN,1.0,CHANDRA PRABHA JEYAPAL,Naam Tamilar Katchi,NTK,Solo,Farmer Carrying Plough
212,Mudhukulathur,Ramanathapuram,GEN,2.0,S.PANDI,All India Anna Dravida Munnetra Kazhagam,AIADMK,NDA,Two leaves
212,Mudhukulathur,Ramanathapuram,GEN,3.0,R.S.RAJAKANNAPPAN,Dravida Munnetra Kazhagam,DMK,INDIA/SPA,Rising sun
212,Mudhukulathur,Ramanathapuram,GEN,4.0,M. IRULANDI,Namadhu Makkal Katchi,NMK,-,Pen nib with seven rays
212,Mudhukulathur,Ramanathapuram,GEN,5.0,A. SARAVANAKUMAR,Naam Indiar Party,NIP,-,Spanner
212,Mudhukulathur,Ramanathapuram,GEN,6.0,K.SENTHIL MALLAR,Tamizhaga Vaazhvurimai Katchi,TVaK,-,Camera
212,Mudhukulathur,Ramanathapuram,GEN,7.0,G. SELVARAJ,Puthiya Makkal Tamil Desam Katchi,PMTDK,-,Baby walker
212,Mudhukulathur,Ramanathapuram,GEN,8.0,MALARVIZHI. B,Tamilaga Vettri Kazhagam,TVK,Solo,Whistle
212,Mudhukulathur,Ramanathapuram,GEN,9.0,C.MALAISELVAM,Puthiya Tamilagam,PT,-,Gas cylinder
212,Mudhukulathur,Ramanathapuram,GEN,10.0,DR.R.RAMKUMAR,All India Puratchi Thalaivar Makkal Munnetra Kazhagam,AIPTMK,-,Coconut farm
212,Mudhukulathur,Ramanathapuram,GEN,11.0,K.GANGAI AMARAN,Independent,IND,Independent,Football player
212,Mudhukulathur,Ramanathapuram,GEN,12.0,M.KARUPPA SAMY,Independent,IND,Independent,Boat with man and sail
212,Mudhukulathur,Ramanathapuram,GEN,13.0,C.KENGUSAMY,Independent,IND,Independent,Bricks
212,Mudhukulathur,Ramanathapuram,GEN,14.0,SATHIYAM C.SARAVANAN,Independent,IND,Independent,Jackfruit
212,Mudhukulathur,Ramanathapuram,GEN,15.0,V.PANDI,Independent,IND,Independent,Electric pole
212,Mudhukulathur,Ramanathapuram,GEN,16.0,M.BOOMINATHAN (A) M.K.VAIYAVAN,Independent,IND,Independent,Matchbox
212,Mudhukulathur,Ramanathapuram,GEN,17.0,K.MURUGAN,Independent,IND,Independent,Road roller
212,Mudhukulathur,Ramanathapuram,GEN,18.0,R.MOOVENDRAN,Independent,IND,Independent,Battery Torch
212,Mudhukulathur,Ramanathapuram,GEN,19.0,RAVI GOVINTHAN,Independent,IND,Independent,Cauliflower
212,Mudhukulathur,Ramanathapuram,GEN,20.0,K.RAJAKUMAR,Independent,IND,Independent,Ship
213,Vilathikulam,Thoothukkudi,GEN,1.0,R. SATHYA,All India Anna Dravida Munnetra Kazhagam,AIADMK,NDA,Two leaves
213,Vilathikulam,Thoothukkudi,GEN,2.0,BALAJI RAMACHANDRAN,Naam Tamilar Katchi,NTK,Solo,Farmer Carrying Plough
213,Vilathikulam,Thoothukkudi,GEN,3.0,MARKANDAYAN G V,Dravida Munnetra Kazhagam,DMK,INDIA/SPA,Rising sun
213,Vilathikulam,Thoothukkudi,GEN,4.0,P. KASIRAM,Tamilaga Vettri Kazhagam,TVK,Solo,Whistle
213,Vilathikulam,Thoothukkudi,GEN,5.0,R. PERUMAL,Naam Indiar Party,NIP,-,Spanner
213,Vilathikulam,Thoothukkudi,GEN,6.0,C. PONPANDI,All India Puratchi Thalaivar Makkal Munnetra Kazhagam,AIPTMK,-,Coconut farm
213,Vilathikulam,Thoothukkudi,GEN,7.0,P.MADASAMY,Puthiya Tamilagam,PT,-,Gas cylinder
213,Vilathikulam,Thoothukkudi,GEN,8.0,K. AJAY KUMAR,Independent,IND,Independent,Diamond
213,Vilathikulam,Thoothukkudi,GEN,9.0,V. GANESAN,Independent,IND,Independent,Bat
213,Vilathikulam,Thoothukkudi,GEN,10.0,A. PATTURAJ,Independent,IND,Independent,T.V. Remote
213,Vilathikulam,Thoothukkudi,GEN,11.0,A. PRABAHAR,Independent,IND,Independent,Air conditioner
213,Vilathikulam,Thoothukkudi,GEN,12.0,M. PONNUSAMY,Independent,IND,Independent,Television
213,Vilathikulam,Thoothukkudi,GEN,13.0,G. MUNIYASAMY,Independent,IND,Independent,Calculator
213,Vilathikulam,Thoothukkudi,GEN,14.0,P. RAJASEKARAN,Independent,IND,Independent,Matchbox
213,Vilathikulam,Thoothukkudi,GEN,15.0,P. JEYAKUMAR,Independent,IND,Independent,Balloon
214,Thoothukkudi,Thoothukkudi,GEN,1.0,P. GEETHA JEEVAN,Dravida Munnetra Kazhagam,DMK,INDIA/SPA,Rising sun
214,Thoothukkudi,Thoothukkudi,GEN,2.0,CHELLAPANDIAN S.T.,All India Anna Dravida Munnetra Kazhagam,AIADMK,NDA,Two leaves
214,Thoothukkudi,Thoothukkudi,GEN,3.0,JACOB DEVADOSS ABISHEAK R.,Naam Tamilar Katchi,NTK,Solo,Farmer Carrying Plough
214,Thoothukkudi,Thoothukkudi,GEN,4.0,YESADURAI S.,All India Puratchi Thalaivar Makkal Munnetra Kazhagam,AIPTMK,-,Coconut farm
214,Thoothukkudi,Thoothukkudi,GEN,5.0,KIDAR SAMSDEEN N.A.,Tamizhaga Vaazhvurimai Katchi,TVaK,-,Camera
214,Thoothukkudi,Thoothukkudi,GEN,6.0,SAHAYAM T.,Communist Party of India (Marxist-Leninist) (Liberation),CPI(ML)L,-,Flag with three stars
214,Thoothukkudi,Thoothukkudi,GEN,7.0,PRASANNA KUMAR M.,Makkal Nalvaazhvuk Katchi,MNK,-,Ship
214,Thoothukkudi,Thoothukkudi,GEN,8.0,PONKUMARAN P.P.M.T,Nam Naadu Nam Makkal Nam Ethirkaalam Katchi,NNMNK,-,Mike
214,Thoothukkudi,Thoothukkudi,GEN,9.0,SRIKANTH M.V.,Naam Indiar Party,NIP,-,Spanner
214,Thoothukkudi,Thoothukkudi,GEN,10.0,SRINATH,Tamilaga Vettri Kazhagam,TVK,Solo,Whistle
214,Thoothukkudi,Thoothukkudi,GEN,11.0,SAMUEL J.,Independent,IND,Independent,Tea filter
214,Thoothukkudi,Thoothukkudi,GEN,12.0,DHINAKARAN S.T.R.M.,Independent,IND,Independent,Pressure cooker
214,Thoothukkudi,Thoothukkudi,GEN,13.0,BABU P.,Independent,IND,Independent,Pen nib with seven rays
214,Thoothukkudi,Thoothukkudi,GEN,14.0,MARUTHU PANDIAN P.,Independent,IND,Independent,Jackfruit
214,Thoothukkudi,Thoothukkudi,GEN,15.0,MUNEESWARA MOORTHY S.,Independent,IND,Independent,Diamond
215,Tiruchendur,Thoothukkudi,GEN,1.0,ANITHA R. RADHAKRISHNAN,Dravida Munnetra Kazhagam,DMK,INDIA/SPA,Rising sun
215,Tiruchendur,Thoothukkudi,GEN,2.0,OPHILIYA,Naam Tamilar Katchi,NTK,Solo,Farmer Carrying Plough
215,Tiruchendur,Thoothukkudi,GEN,3.0,K R M RADHAKRISHNAN,Bharatiya Janata Party,BJP,NDA,Lotus
215,Tiruchendur,Thoothukkudi,GEN,4.0,GOPALAKRISHNAN,All India Puratchi Thalaivar Makkal Munnetra Kazhagam,AIPTMK,-,Coconut farm
215,Tiruchendur,Thoothukkudi,GEN,5.0,PACKIA SAM. T,Naam Indiar Party,NIP,-,Spanner
215,Tiruchendur,Thoothukkudi,GEN,6.0,MAHARAJAN. M,Puthiya Makkal Tamil Desam Katchi,PMTDK,-,Baby walker
215,Tiruchendur,Thoothukkudi,GEN,7.0,J. MURUGAN,Tamilaga Vettri Kazhagam,TVK,Solo,Whistle
215,Tiruchendur,Thoothukkudi,GEN,8.0,RASIK MUSSAMMIL. K,Tamizhaga Vaazhvurimai Katchi,TVaK,-,Camera
215,Tiruchendur,Thoothukkudi,GEN,9.0,SHAIK ABDUL KADER. P.S.J,Independent,IND,Independent,Diamond
215,Tiruchendur,Thoothukkudi,GEN,10.0,MEERA SAHIB,Independent,IND,Independent,Black board
215,Tiruchendur,Thoothukkudi,GEN,11.0,RAJALINGAM. M,Independent,IND,Independent,Belt
215,Tiruchendur,Thoothukkudi,GEN,12.0,VEERAPPA. T,Independent,IND,Independent,Bench
215,Tiruchendur,Thoothukkudi,GEN,13.0,VENKATESH PERUMAL. S,Independent,IND,Independent,Ship
216,Srivaikuntam,Thoothukkudi,GEN,1.0,OORVASI AMIRTHARAJ. S,Indian National Congress,INC,INDIA/SPA,Hand
216,Srivaikuntam,Thoothukkudi,GEN,2.0,SHUNMUGASUNDARAM. S,Naam Tamilar Katchi,NTK,Solo,Farmer Carrying Plough
216,Srivaikuntam,Thoothukkudi,GEN,3.0,SHANMUGANATHAN. S. P,All India Anna Dravida Munnetra Kazhagam,AIADMK,NDA,Two leaves
216,Srivaikuntam,Thoothukkudi,GEN,4.0,SARAVANAN. G,Tamilaga Vettri Kazhagam,TVK,Solo,Whistle
216,Srivaikuntam,Thoothukkudi,GEN,5.0,SUDALAIMANI. A,Nam Naadu Nam Makkal Nam Ethirkaalam Katchi,NNMNK,-,Balloon
216,Srivaikuntam,Thoothukkudi,GEN,6.0,SUBRAMANIAN. M,Puthiya Makkal Tamil Desam Katchi,PMTDK,-,Baby walker
216,Srivaikuntam,Thoothukkudi,GEN,7.0,BHARATH. M,Naam Indiar Party,NIP,-,Spanner
216,Srivaikuntam,Thoothukkudi,GEN,8.0,MUNDASAMY. K,Vishwa Tamil Kazhagam,VTK,-,Ring
216,Srivaikuntam,Thoothukkudi,GEN,9.0,MUTHURAMALINGAM. S,All India Forward Bloc,AIFB,-,Lion
216,Srivaikuntam,Thoothukkudi,GEN,10.0,RAJASUTHAN. N,Puthiya Tamilagam,PT,-,Gas cylinder
216,Srivaikuntam,Thoothukkudi,GEN,11.0,VIYANARASU. A,Tamizhaga Vaazhvurimai Katchi,TVaK,-,Camera
216,Srivaikuntam,Thoothukkudi,GEN,12.0,ARUNACHALAM. C,Independent,IND,Independent,Ship
216,Srivaikuntam,Thoothukkudi,GEN,13.0,BISHOP DR GODFREY NOBLE,Independent,IND,Independent,Tube light
216,Srivaikuntam,Thoothukkudi,GEN,14.0,MURUGAN. S,Independent,IND,Independent,Bangles
216,Srivaikuntam,Thoothukkudi,GEN,15.0,VASANTH FERNANDO. T,Independent,IND,Independent,Road roller
217,Ottapidaram,Thoothukkudi,SC,1.0,M. ANUSIYA,Naam Tamilar Katchi,NTK,Solo,Farmer Carrying Plough
217,Ottapidaram,Thoothukkudi,SC,2.0,P.M.RAMAJEYAM,Dravida Munnetra Kazhagam,DMK,INDIA/SPA,Rising sun
217,Ottapidaram,Thoothukkudi,SC,3.0,C. ARUNA DEVI,Nam Naadu Nam Makkal Nam Ethirkaalam Katchi,NNMNK,-,Mike
217,Ottapidaram,Thoothukkudi,SC,4.0,DR.K. KRISHNASAMY,Puthiya Tamilagam,PT,-,Gas cylinder
217,Ottapidaram,Thoothukkudi,SC,5.0,R SUNDARARAJ,Amma Makkal Munnetra Kazagam,AMMK,NDA,Pressure cooker
217,Ottapidaram,Thoothukkudi,SC,6.0,SUBBULAKSHMI. S,Naam Indiar Party,NIP,-,Spanner
217,Ottapidaram,Thoothukkudi,SC,7.0,C .SELVAKUMAR,Tamizhaga Vaazhvurimai Katchi,TVaK,-,Camera
217,Ottapidaram,Thoothukkudi,SC,8.0,P .MATHANRAJA,Tamilaga Vettri Kazhagam,TVK,Solo,Whistle
217,Ottapidaram,Thoothukkudi,SC,9.0,M. ANANTH,Independent,IND,Independent,Balloon
217,Ottapidaram,Thoothukkudi,SC,10.0,S .MUTHUSELVAM,Independent,IND,Independent,Black board
217,Ottapidaram,Thoothukkudi,SC,11.0,G .MURUGAN,Independent,IND,Independent,Bangles
217,Ottapidaram,Thoothukkudi,SC,12.0,M .LAKSHMANAN,Independent,IND,Independent,Bat
217,Ottapidaram,Thoothukkudi,SC,13.0,VEDAPRAKASH. A,Independent,IND,Independent,Diamond
218,Kovilpatti,Thoothukkudi,GEN,1.0,KADAMBUR RAJU.C,All India Anna Dravida Munnetra Kazhagam,AIADMK,NDA,Two leaves
218,Kovilpatti,Thoothukkudi,GEN,2.0,KARUNANITHI.K,Dravida Munnetra Kazhagam,DMK,INDIA/SPA,Rising sun
218,Kovilpatti,Thoothukkudi,GEN,3.0,PANDI.P,Naam Tamilar Katchi,NTK,Solo,Farmer Carrying Plough
218,Kovilpatti,Thoothukkudi,GEN,4.0,RAMACHANDRAN.R,Bahujan Samaj Party,BSP,Solo,Elephant
218,Kovilpatti,Thoothukkudi,GEN,5.0,ARUMUGAVEL.T,Naam Indiar Party,NIP,-,Spanner
218,Kovilpatti,Thoothukkudi,GEN,6.0,KANNAN.S,All India Puratchi Thalaivar Makkal Munnetra Kazhagam,AIPTMK,-,Coconut farm
218,Kovilpatti,Thoothukkudi,GEN,7.0,SARAVANAN.S,Thamizh Perarasu Katchi,TPMK,-,Matchbox
218,Kovilpatti,Thoothukkudi,GEN,8.0,BALASUBRAMANIAN.S,Tamilaga Vettri Kazhagam,TVK,Solo,Whistle
218,Kovilpatti,Thoothukkudi,GEN,9.0,HARI BALAKRISHNAN.G,Puthiya Makkal Tamil Desam Katchi,PMTDK,-,Baby walker
218,Kovilpatti,Thoothukkudi,GEN,10.0,ATHIKUMAR KUDUMBAR.B,Independent,IND,Independent,Gas cylinder
218,Kovilpatti,Thoothukkudi,GEN,11.0,GUNASEKARAN.P,Independent,IND,Independent,Flute
218,Kovilpatti,Thoothukkudi,GEN,12.0,GURUSAMY.K,Independent,IND,Independent,Road roller
218,Kovilpatti,Thoothukkudi,GEN,13.0,CHINNA MAHARAJA.K,Independent,IND,Independent,Chappals
218,Kovilpatti,Thoothukkudi,GEN,14.0,SEKAR.C,Independent,IND,Independent,Television
218,Kovilpatti,Thoothukkudi,GEN,15.0,PARAMASIVAN.S,Independent,IND,Independent,Scissors
218,Kovilpatti,Thoothukkudi,GEN,16.0,POUNDURAI.K,Independent,IND,Independent,Bat
218,Kovilpatti,Thoothukkudi,GEN,17.0,PANDIMUNEESWARI.K,Independent,IND,Independent,Diamond
218,Kovilpatti,Thoothukkudi,GEN,18.0,PREMKUMAR.K,Independent,IND,Independent,Green chilli
218,Kovilpatti,Thoothukkudi,GEN,19.0,PONNUSAMY.M,Independent,IND,Independent,Bucket
218,Kovilpatti,Thoothukkudi,GEN,20.0,MUNEESWARAN.R,Independent,IND,Independent,Electric pole
218,Kovilpatti,Thoothukkudi,GEN,21.0,RENGANAYAGALU.S,Independent,IND,Independent,Tiller
219,Sankarankovil,Tenkasi,SC,1.0,SANGAI. GANESAN,Indian National Congress,INC,INDIA/SPA,Hand
219,Sankarankovil,Tenkasi,SC,2.0,M. KAVITHA,Naam Tamilar Katchi,NTK,Solo,Farmer Carrying Plough
219,Sankarankovil,Tenkasi,SC,3.0,DR. DHILIPAN JAISHANKAR,All India Anna Dravida Munnetra Kazhagam,AIADMK,NDA,Two leaves
219,Sankarankovil,Tenkasi,SC,4.0,S. MARIAPPAN,Bahujan Samaj Party,BSP,Solo,Elephant
219,Sankarankovil,Tenkasi,SC,5.0,N.SELVAM,Naam Indiar Party,NIP,-,Spanner
219,Sankarankovil,Tenkasi,SC,6.0,K. THANGAVEL,Puthiya Makkal Tamil Desam Katchi,PMTDK,-,Baby walker
219,Sankarankovil,Tenkasi,SC,7.0,J. PANDI,Bharatha Makkal Katchi,BMK,-,Balloon
219,Sankarankovil,Tenkasi,SC,8.0,PRABAKARAN,Puthiya Tamilagam,PT,-,Gas cylinder
219,Sankarankovil,Tenkasi,SC,9.0,C. RAVI,Tamilaga Makkal Nala Katchi,TMNK,-,Electric pole
219,Sankarankovil,Tenkasi,SC,10.0,C. RAMARAJAN,Tamilaga Vettri Kazhagam,TVK,Solo,Whistle
219,Sankarankovil,Tenkasi,SC,11.0,VASANTHI MURUGESAN,All India Puratchi Thalaivar Makkal Munnetra Kazhagam,AIPTMK,-,Coconut farm
219,Sankarankovil,Tenkasi,SC,12.0,VELRAJ .S,Tamizhaga Vaazhvurimai Katchi,TVaK,-,Camera
219,Sankarankovil,Tenkasi,SC,13.0,S.ARULRAJ,Independent,IND,Independent,Binoculars
219,Sankarankovil,Tenkasi,SC,14.0,ANAND,Independent,IND,Independent,Peas
219,Sankarankovil,Tenkasi,SC,15.0,K. SUBBURAJ,Independent,IND,Independent,Nail cutter
219,Sankarankovil,Tenkasi,SC,16.0,K.SURESH,Independent,IND,Independent,Diamond
219,Sankarankovil,Tenkasi,SC,17.0,V. PAULPANDIAN,Independent,IND,Independent,Refrigerator
219,Sankarankovil,Tenkasi,SC,18.0,S. MUTHUSELVAN,Independent,IND,Independent,Lady finger
219,Sankarankovil,Tenkasi,SC,19.0,K. RAVIKUMAR,Independent,IND,Independent,Tooth brush
219,Sankarankovil,Tenkasi,SC,20.0,M. RAJ,Independent,IND,Independent,Bat
220,Vasudevanallur,Tenkasi,SC,1.0,ANANTHAN AYYASAMY,Bharatiya Janata Party,BJP,NDA,Lotus
220,Vasudevanallur,Tenkasi,SC,2.0,ESAI MATHIVANAN,Naam Tamilar Katchi,NTK,Solo,Farmer Carrying Plough
220,Vasudevanallur,Tenkasi,SC,3.0,R. RAMESHKUMAR,Bahujan Samaj Party,BSP,Solo,Elephant
220,Vasudevanallur,Tenkasi,SC,4.0,E. RAJA,Dravida Munnetra Kazhagam,DMK,INDIA/SPA,Rising sun
220,Vasudevanallur,Tenkasi,SC,5.0,R. AMUTHARANI,Tamilaga Vettri Kazhagam,TVK,Solo,Whistle
220,Vasudevanallur,Tenkasi,SC,6.0,K. PAULRAJ,Puthiya Tamilagam,PT,-,Gas cylinder
220,Vasudevanallur,Tenkasi,SC,7.0,A. PONNUTHAI,All India Puratchi Thalaivar Makkal Munnetra Kazhagam,AIPTMK,-,Coconut farm
220,Vasudevanallur,Tenkasi,SC,8.0,K. RAJENDRAN,Puthiya Makkal Tamil Desam Katchi,PMTDK,-,Baby walker
220,Vasudevanallur,Tenkasi,SC,9.0,B. VEERALAKSHMI,Tamilaga Makkal Nala Katchi,TMNK,-,Electric pole
220,Vasudevanallur,Tenkasi,SC,10.0,M. ARUMUGASAMY,Independent,IND,Independent,Matchbox
220,Vasudevanallur,Tenkasi,SC,11.0,P. KARPAGAVALLI,Independent,IND,Independent,Diamond
220,Vasudevanallur,Tenkasi,SC,12.0,I. SARAVANAN,Independent,IND,Independent,Bat
220,Vasudevanallur,Tenkasi,SC,13.0,SENTHILKUMAR,Independent,IND,Independent,Laptop
220,Vasudevanallur,Tenkasi,SC,14.0,SELVARAJ .C,Independent,IND,Independent,Air conditioner
220,Vasudevanallur,Tenkasi,SC,15.0,K. NAGARAJAN,Independent,IND,Independent,Battery Torch
220,Vasudevanallur,Tenkasi,SC,16.0,A. PALANIKUMAR,Independent,IND,Independent,Camera
220,Vasudevanallur,Tenkasi,SC,17.0,PRABAKARAN .R,Independent,IND,Independent,Pressure cooker
220,Vasudevanallur,Tenkasi,SC,18.0,K. RAMACHANDRAN,Independent,IND,Independent,Lady finger
221,KADAYANALLUR,Tenkasi,GEN,1.0,ABUBACKER SIDDHEEQ,Naam Tamilar Katchi,NTK,Solo,Farmer Carrying Plough
221,KADAYANALLUR,Tenkasi,GEN,2.0,RAJENDRAN. T. M,Dravida Munnetra Kazhagam,DMK,INDIA/SPA,Rising sun
221,KADAYANALLUR,Tenkasi,GEN,3.0,C. KRISHNAMURALI,All India Anna Dravida Munnetra Kazhagam,AIADMK,NDA,Two leaves
221,KADAYANALLUR,Tenkasi,GEN,4.0,T. MAHESHKUMAR,Bahujan Samaj Party,BSP,Solo,Elephant
221,KADAYANALLUR,Tenkasi,GEN,5.0,ABDUL JALEEL. R. K,Tamilaga Vettri Kazhagam,TVK,Solo,Whistle
221,KADAYANALLUR,Tenkasi,GEN,6.0,KAVITHA. R,Puthiya Tamilagam,PT,-,Bucket
221,KADAYANALLUR,Tenkasi,GEN,7.0,SHAHIN FATHIMA. A,Tamizhaga Vaazhvurimai Katchi,TVaK,-,Camera
221,KADAYANALLUR,Tenkasi,GEN,8.0,SURESHKUMAR. S,Naam Indiar Party,NIP,-,Spanner
221,KADAYANALLUR,Tenkasi,GEN,9.0,RAJAN. B. S,Aanaithinthiya Jananayaka Pathukappu Kazhagam,AJPK,-,Gas cylinder
221,KADAYANALLUR,Tenkasi,GEN,10.0,LAKSHMI. A,Samata Party,SP,-,Diamond
221,KADAYANALLUR,Tenkasi,GEN,11.0,M. ARUMUGASAMY,Independent,IND,Independent,Matchbox
221,KADAYANALLUR,Tenkasi,GEN,12.0,ESAKKI. K,Independent,IND,Independent,Ship
221,KADAYANALLUR,Tenkasi,GEN,13.0,ESAKKI PANDI. K,Independent,IND,Independent,Peas
221,KADAYANALLUR,Tenkasi,GEN,14.0,GANESAN. M,Independent,IND,Independent,Electric pole
221,KADAYANALLUR,Tenkasi,GEN,15.0,SEENIVASAN. S,Independent,IND,Independent,Television
221,KADAYANALLUR,Tenkasi,GEN,16.0,NAGARAJAN. L,Independent,IND,Independent,Well
221,KADAYANALLUR,Tenkasi,GEN,17.0,PARTHIPAN. V,Independent,IND,Independent,Telephone
221,KADAYANALLUR,Tenkasi,GEN,18.0,BARISHA BANU. M,Independent,IND,Independent,Coat
221,KADAYANALLUR,Tenkasi,GEN,19.0,MURUGAN. P,Independent,IND,Independent,CCTV Camera
221,KADAYANALLUR,Tenkasi,GEN,20.0,S. MURUGANANTHAM,Independent,IND,Independent,Truck
221,KADAYANALLUR,Tenkasi,GEN,21.0,RAJAMARAVAN. S,Independent,IND,Independent,Gas Stove
221,KADAYANALLUR,Tenkasi,GEN,22.0,VENKATESH. P,Independent,IND,Independent,Binoculars
222,TENKASI,Tenkasi,GEN,1.0,ISAKI PANDIAN,Bahujan Samaj Party,BSP,Solo,Elephant
222,TENKASI,Tenkasi,GEN,2.0,DR.KALAI KATHIRAVAN,Dravida Munnetra Kazhagam,DMK,INDIA/SPA,Rising sun
222,TENKASI,Tenkasi,GEN,3.0,S.SELVA MOHANDAS PANDIAN,All India Anna Dravida Munnetra Kazhagam,AIADMK,NDA,Two leaves
222,TENKASI,Tenkasi,GEN,4.0,P. PUSHPALATHA,Naam Tamilar Katchi,NTK,Solo,Farmer Carrying Plough
222,TENKASI,Tenkasi,GEN,5.0,GOMATHI SANKAR,Tamizhaga Vaazhvurimai Katchi,TVaK,-,Camera
222,TENKASI,Tenkasi,GEN,6.0,R. SELVAKUMAR,Naam Indiar Party,NIP,-,Spanner
222,TENKASI,Tenkasi,GEN,7.0,S.THIRUMALAI KUMAR,Puthiya Tamilagam,PT,-,Gas cylinder
222,TENKASI,Tenkasi,GEN,8.0,M.POOSA DURAI,All India Puratchi Thalaivar Makkal Munnetra Kazhagam,AIPTMK,-,Coconut farm
222,TENKASI,Tenkasi,GEN,9.0,S.MANOGARAN,Kamarajar Deseeya Congress,KDC,-,Matchbox
222,TENKASI,Tenkasi,GEN,10.0,A. RAJAPRAKASH,Tamilaga Vettri Kazhagam,TVK,Solo,Whistle
222,TENKASI,Tenkasi,GEN,11.0,GANESHAN. S,Independent,IND,Independent,Bicycle pump
222,TENKASI,Tenkasi,GEN,12.0,K.M.KALIAPPAN,Independent,IND,Independent,Battery Torch
222,TENKASI,Tenkasi,GEN,13.0,R.KRISHNAN,Independent,IND,Independent,Bricks
222,TENKASI,Tenkasi,GEN,14.0,SHAHUL HAMEED,Independent,IND,Independent,Truck
222,TENKASI,Tenkasi,GEN,15.0,S. THANGAPALAM,Independent,IND,Independent,Pressure cooker
222,TENKASI,Tenkasi,GEN,16.0,DURAIRAJ,Independent,IND,Independent,Lady finger
222,TENKASI,Tenkasi,GEN,17.0,P.NOBLE KRISHNA,Independent,IND,Independent,Electric pole
222,TENKASI,Tenkasi,GEN,18.0,G. POORANA SELVAN,Independent,IND,Independent,Helmet
222,TENKASI,Tenkasi,GEN,19.0,M. PONNUDURAI,Independent,IND,Independent,Scissors
222,TENKASI,Tenkasi,GEN,20.0,A.MARIAPPAN,Independent,IND,Independent,Brush
222,TENKASI,Tenkasi,GEN,21.0,K.MUTHU,Independent,IND,Independent,Road roller
222,TENKASI,Tenkasi,GEN,22.0,R. RAMKUMAR,Independent,IND,Independent,Water melon
223,ALANGULAM,Tenkasi,GEN,1.0,PAUL MANOJ PANDIAN,Dravida Munnetra Kazhagam,DMK,INDIA/SPA,Rising sun
223,ALANGULAM,Tenkasi,GEN,2.0,R PAULRAJ,Naam Tamilar Katchi,NTK,Solo,Farmer Carrying Plough
223,ALANGULAM,Tenkasi,GEN,3.0,K R P PRABAKARAN,All India Anna Dravida Munnetra Kazhagam,AIADMK,NDA,Two leaves
223,ALANGULAM,Tenkasi,GEN,4.0,A UDHAYAKUMAR,Puthiya Tamilagam,PT,-,Gas cylinder
223,ALANGULAM,Tenkasi,GEN,5.0,A SUBASH CHANDRA BOSE,Thakkam Katchi,TK,-,Matchbox
223,ALANGULAM,Tenkasi,GEN,6.0,MADASAMY,All India Puratchi Thalaivar Makkal Munnetra Kazhagam,AIPTMK,-,Coconut farm
223,ALANGULAM,Tenkasi,GEN,7.0,VIBIN CHAKKARAVARTHY,Tamilaga Vettri Kazhagam,TVK,Solo,Whistle
223,ALANGULAM,Tenkasi,GEN,8.0,U ARAVIND,Independent,IND,Independent,Electric pole
223,ALANGULAM,Tenkasi,GEN,9.0,K ARUNKUMAR,Independent,IND,Independent,Robot
223,ALANGULAM,Tenkasi,GEN,10.0,R KOTHERIMOHIDEEN,Independent,IND,Independent,Ship
223,ALANGULAM,Tenkasi,GEN,11.0,T MARIKUMAR,Independent,IND,Independent,Bench
223,ALANGULAM,Tenkasi,GEN,12.0,JEYANTHI,Independent,IND,Independent,Diamond
223,ALANGULAM,Tenkasi,GEN,13.0,W JAYSON,Independent,IND,Independent,Laptop
224,TIRUNELVELI,Tirunelveli,GEN,1.0,THACHAI GANESARAJA,All India Anna Dravida Munnetra Kazhagam,AIADMK,NDA,Two leaves
224,TIRUNELVELI,Tirunelveli,GEN,2.0,SATHYA. B.,Naam Tamilar Katchi,NTK,Solo,Farmer Carrying Plough
224,TIRUNELVELI,Tirunelveli,GEN,3.0,SUBRAMANIAN.S,Dravida Munnetra Kazhagam,DMK,INDIA/SPA,Rising sun
224,TIRUNELVELI,Tirunelveli,GEN,4.0,ARUMUGARAJ. S.,Tamizhaga Vaazhvurimai Katchi,TVaK,-,Camera
224,TIRUNELVELI,Tirunelveli,GEN,5.0,ESWARA VADIVU. S.,Naam Indiar Party,NIP,-,Spanner
224,TIRUNELVELI,Tirunelveli,GEN,6.0,KANNAN. G.,Aanaithinthiya Jananayaka Pathukappu Kazhagam,AJPK,-,Bat
224,TIRUNELVELI,Tirunelveli,GEN,7.0,SELVAKUMAR SINGH,Bahujan Dravida Party,BDP,-,Black board
224,TIRUNELVELI,Tirunelveli,GEN,8.0,CHENDUR MAHARAJAN,Puthiya Makkal Tamil Desam Katchi,PMTDK,-,Baby walker
224,TIRUNELVELI,Tirunelveli,GEN,9.0,MURUGHAN.R.S.,Tamilaga Vettri Kazhagam,TVK,Solo,Whistle
224,TIRUNELVELI,Tirunelveli,GEN,10.0,MURUGAN. P.,Thamizhaka Padaippalar Makkal Katchi,TPMK,-,Drill machine
224,TIRUNELVELI,Tirunelveli,GEN,11.0,DR.SHYAM KRISHNASAMY,Puthiya Tamilagam,PT,-,Gas cylinder
224,TIRUNELVELI,Tirunelveli,GEN,12.0,ATHISAYA PANDIYAN. V.,Independent,IND,Independent,Television
224,TIRUNELVELI,Tirunelveli,GEN,13.0,ESAKKIRAJA. V.,Independent,IND,Independent,Door bell
224,TIRUNELVELI,Tirunelveli,GEN,14.0,SUBRAMANIAN. E.,Independent,IND,Independent,Bread
224,TIRUNELVELI,Tirunelveli,GEN,15.0,THALABATHI MURUGAN. M.,Independent,IND,Independent,Pressure cooker
224,TIRUNELVELI,Tirunelveli,GEN,16.0,MUGESH SUBRAMANIAN,Independent,IND,Independent,Flute
224,TIRUNELVELI,Tirunelveli,GEN,17.0,MURUGAN.S.,Independent,IND,Independent,Coconut farm
224,TIRUNELVELI,Tirunelveli,GEN,18.0,MURUGALAKSHMANAN,Independent,IND,Independent,Cube
224,TIRUNELVELI,Tirunelveli,GEN,19.0,VEERABAGHU. M.,Independent,IND,Independent,Road roller
224,TIRUNELVELI,Tirunelveli,GEN,20.0,VELAYUTHAM. P.,Independent,IND,Independent,Sitar
225,AMBASAMUDRAM,Tirunelveli,GEN,1.0,DR.ESAKKI SUBAYA,All India Anna Dravida Munnetra Kazhagam,AIADMK,NDA,Two leaves
225,AMBASAMUDRAM,Tirunelveli,GEN,2.0,R.ESAIKANNAN,Bahujan Samaj Party,BSP,Solo,Elephant
225,AMBASAMUDRAM,Tirunelveli,GEN,3.0,DR.V.SIVASANKARAN,Naam Tamilar Katchi,NTK,Solo,Farmer Carrying Plough
225,AMBASAMUDRAM,Tirunelveli,GEN,4.0,V.P.DURAI,Indian National Congress,INC,INDIA/SPA,Hand
225,AMBASAMUDRAM,Tirunelveli,GEN,5.0,S.RAJAGOPAL,Tamilaga Vettri Kazhagam,TVK,Solo,Whistle
226,PALAYAMKOTTAI,Tirunelveli,GEN,1.0,M.ABDUL WAHAB,Dravida Munnetra Kazhagam,DMK,INDIA/SPA,Rising sun
226,PALAYAMKOTTAI,Tirunelveli,GEN,2.0,SANKARA NARAYANAN ALIAS SARAN,Naam Tamilar Katchi,NTK,Solo,Farmer Carrying Plough
226,PALAYAMKOTTAI,Tirunelveli,GEN,3.0,SYED SULTHAN SAMSUDEEN,All India Anna Dravida Munnetra Kazhagam,AIADMK,NDA,Two leaves
226,PALAYAMKOTTAI,Tirunelveli,GEN,4.0,ESAKKIMUTHU,Puthiya Makkal Tamil Desam Katchi,PMTDK,-,Baby walker
226,PALAYAMKOTTAI,Tirunelveli,GEN,5.0,T.A.UMAR,Tamizhaga Vaazhvurimai Katchi,TVaK,-,Camera
226,PALAYAMKOTTAI,Tirunelveli,GEN,6.0,S.THANGADURAI,Naam Indiar Party,NIP,-,Spanner
226,PALAYAMKOTTAI,Tirunelveli,GEN,7.0,MARIA JOHN,Tamilaga Vettri Kazhagam,TVK,Solo,Whistle
226,PALAYAMKOTTAI,Tirunelveli,GEN,8.0,ABDUL KOYA,Independent,IND,Independent,Gas cylinder
226,PALAYAMKOTTAI,Tirunelveli,GEN,9.0,KARTHICK NARAYANAN S.,Independent,IND,Independent,Hand cart
226,PALAYAMKOTTAI,Tirunelveli,GEN,10.0,D.SANTHIYAGAPPAR ANTONY,Independent,IND,Independent,Football player
226,PALAYAMKOTTAI,Tirunelveli,GEN,11.0,A. SUDHAHAR,Independent,IND,Independent,Pen drive
226,PALAYAMKOTTAI,Tirunelveli,GEN,12.0,R.SESU,Independent,IND,Independent,Bricks
226,PALAYAMKOTTAI,Tirunelveli,GEN,13.0,NALLAKANNU ALIAS KARTHIC.K,Independent,IND,Independent,Diamond
226,PALAYAMKOTTAI,Tirunelveli,GEN,14.0,PAULRAJ.V,Independent,IND,Independent,Matchbox
226,PALAYAMKOTTAI,Tirunelveli,GEN,15.0,M.MANIKANDAN,Independent,IND,Independent,Television
226,PALAYAMKOTTAI,Tirunelveli,GEN,16.0,V.GEORGE,Independent,IND,Independent,Electric pole
226,PALAYAMKOTTAI,Tirunelveli,GEN,17.0,SRINIVASH,Independent,IND,Independent,Slate
227,NANGUNERI,Tirunelveli,GEN,1.0,S. SELVAM,Naam Tamilar Katchi,NTK,Solo,Farmer Carrying Plough
227,NANGUNERI,Tirunelveli,GEN,2.0,RUBY.R.MANOHARAN,Indian National Congress,INC,INDIA/SPA,Hand
227,NANGUNERI,Tirunelveli,GEN,3.0,R. JANARTHANAN,Bahujan Samaj Party,BSP,Solo,Elephant
227,NANGUNERI,Tirunelveli,GEN,4.0,R. ESAKKIMUTHU,Amma Makkal Munnetra Kazagam,AMMK,NDA,Pressure cooker
227,NANGUNERI,Tirunelveli,GEN,5.0,S. SHUNMUGA SUNDARAM,Naam Indiar Party,NIP,-,Spanner
227,NANGUNERI,Tirunelveli,GEN,6.0,CHITHIRAI SELVAN,Tamizhaga Vaazhvurimai Katchi,TVaK,-,Camera
227,NANGUNERI,Tirunelveli,GEN,7.0,TAMILSELVI,Puthiya Tamilagam,PT,-,Gas cylinder
227,NANGUNERI,Tirunelveli,GEN,8.0,THULASI SUDALAI,Puthiya Makkal Tamil Desam Katchi,PMTDK,-,Baby walker
227,NANGUNERI,Tirunelveli,GEN,9.0,REDDIARPATTI V. NARAYANAN,Tamilaga Vettri Kazhagam,TVK,Solo,Whistle
227,NANGUNERI,Tirunelveli,GEN,10.0,KRISH.MARIAPPAN,Thamizhaka Padaippalar Makkal Katchi,TPMK,-,Drill machine
227,NANGUNERI,Tirunelveli,GEN,11.0,DR.S.VELLAI DURAI,All India Puratchi Thalaivar Makkal Munnetra Kazhagam,AIPTMK,-,Coconut farm
227,NANGUNERI,Tirunelveli,GEN,12.0,M. ARUNA,Independent,IND,Independent,Pen drive
227,NANGUNERI,Tirunelveli,GEN,13.0,R.ANANTHI,Independent,IND,Independent,Flute
227,NANGUNERI,Tirunelveli,GEN,14.0,N.KALABERUMAL,Independent,IND,Independent,Diamond
227,NANGUNERI,Tirunelveli,GEN,15.0,M. KUMAR,Independent,IND,Independent,Mixee
227,NANGUNERI,Tirunelveli,GEN,16.0,T. SANKAR,Independent,IND,Independent,Gas Stove
227,NANGUNERI,Tirunelveli,GEN,17.0,SHANMUGAM,Independent,IND,Independent,Bench
227,NANGUNERI,Tirunelveli,GEN,18.0,THANITHANGAM,Independent,IND,Independent,Matchbox
227,NANGUNERI,Tirunelveli,GEN,19.0,NALLAKANNU ALIAS KARTHIC.K,Independent,IND,Independent,Bucket
227,NANGUNERI,Tirunelveli,GEN,20.0,A.RANI NADAR ALIAS PUSHPARANI,Independent,IND,Independent,Helmet
227,NANGUNERI,Tirunelveli,GEN,21.0,S.MARIAPPAN,Independent,IND,Independent,Telephone
227,NANGUNERI,Tirunelveli,GEN,22.0,SUDAROLI S.MURUGAN YADHAV B.COM,Independent,IND,Independent,Ring
227,NANGUNERI,Tirunelveli,GEN,23.0,T. RAJKUMAR,Independent,IND,Independent,Biscuit
227,NANGUNERI,Tirunelveli,GEN,24.0,T. LINGADURAI,Independent,IND,Independent,Chappals
227,NANGUNERI,Tirunelveli,GEN,25.0,DEV.P.JEGADEESAN,Independent,IND,Independent,Lady finger
228,RADHAPURAM,Tirunelveli,GEN,1.0,APPAVU.M,Dravida Munnetra Kazhagam,DMK,INDIA/SPA,Rising sun
228,RADHAPURAM,Tirunelveli,GEN,2.0,ESSAKKIAMMAL.E,Bahujan Samaj Party,BSP,Solo,Elephant
228,RADHAPURAM,Tirunelveli,GEN,3.0,GIRIJA THAMARAIPANDIAN.D,Naam Tamilar Katchi,NTK,Solo,Farmer Carrying Plough
228,RADHAPURAM,Tirunelveli,GEN,4.0,BALAKRISHNAN.S.P,Bharatiya Janata Party,BJP,NDA,Lotus
228,RADHAPURAM,Tirunelveli,GEN,5.0,DR.SATHISH CHRISTOPHER,Tamilaga Vettri Kazhagam,TVK,Solo,Whistle
228,RADHAPURAM,Tirunelveli,GEN,6.0,JESURAJENDRAN.J,Naam Indiar Party,NIP,-,Spanner
228,RADHAPURAM,Tirunelveli,GEN,7.0,MAHALAKSHMI,Puthiya Makkal Tamil Desam Katchi,PMTDK,-,Baby walker
228,RADHAPURAM,Tirunelveli,GEN,8.0,MURUGAN.P,Thamizhaka Padaippalar Makkal Katchi,TPMK,-,Drill machine
228,RADHAPURAM,Tirunelveli,GEN,9.0,ARUNRAJ,Independent,IND,Independent,Black board
228,RADHAPURAM,Tirunelveli,GEN,10.0,OLIVER ANTON NAVAMONI. S,Independent,IND,Independent,Laptop
228,RADHAPURAM,Tirunelveli,GEN,11.0,ANANTHI.R,Independent,IND,Independent,Flute
228,RADHAPURAM,Tirunelveli,GEN,12.0,ANAND PRASAD,Independent,IND,Independent,Bricks
228,RADHAPURAM,Tirunelveli,GEN,13.0,KARTHICK.V,Independent,IND,Independent,Clip
228,RADHAPURAM,Tirunelveli,GEN,14.0,KINGSLY ISACC JEBARAJ.S,Independent,IND,Independent,Ring
228,RADHAPURAM,Tirunelveli,GEN,15.0,SUNDARAJAN.S,Independent,IND,Independent,Tennis racket & ball
228,RADHAPURAM,Tirunelveli,GEN,16.0,SELVAN.T,Independent,IND,Independent,Bat
228,RADHAPURAM,Tirunelveli,GEN,17.0,DANIEL.A,Independent,IND,Independent,Bicycle pump
228,RADHAPURAM,Tirunelveli,GEN,18.0,PON SANTHANA KUMARAN.R,Independent,IND,Independent,Pen nib with seven rays
228,RADHAPURAM,Tirunelveli,GEN,19.0,MANIKANDAN.A.I,Independent,IND,Independent,Batsman
228,RADHAPURAM,Tirunelveli,GEN,20.0,MANIKANDAN.S,Independent,IND,Independent,Brief case
228,RADHAPURAM,Tirunelveli,GEN,21.0,MANIKANDAN.L,Independent,IND,Independent,Cutting pliers
228,RADHAPURAM,Tirunelveli,GEN,22.0,RAJAN.P,Independent,IND,Independent,T.V. Remote
228,RADHAPURAM,Tirunelveli,GEN,23.0,JEYARAJ.P V S,Independent,IND,Independent,Coconut farm
229,KANNIYAKUMARI,Kanniyakumari,GEN,1.0,THALAVAI SUNDARAM. N,All India Anna Dravida Munnetra Kazhagam,AIADMK,NDA,Two leaves
229,KANNIYAKUMARI,Kanniyakumari,GEN,2.0,MAHESH.R,Dravida Munnetra Kazhagam,DMK,INDIA/SPA,Rising sun
229,KANNIYAKUMARI,Kanniyakumari,GEN,3.0,MARIA JENNIFER,Naam Tamilar Katchi,NTK,Solo,Farmer Carrying Plough
229,KANNIYAKUMARI,Kanniyakumari,GEN,4.0,MANAVAI KANNAN. M,Communist Party of India (Marxist-Leninist) Red Star,CPI(ML) Red Star,-,Gas cylinder
229,KANNIYAKUMARI,Kanniyakumari,GEN,5.0,SIVALINGAM.C,Naam Indiar Party,NIP,-,Spanner
229,KANNIYAKUMARI,Kanniyakumari,GEN,6.0,MADHAVAN.S.R,Tamilaga Vettri Kazhagam,TVK,Solo,Whistle
229,KANNIYAKUMARI,Kanniyakumari,GEN,7.0,REAGON ANTO.J,Tamizhaga Vaazhvurimai Katchi,TVaK,-,Camera
229,KANNIYAKUMARI,Kanniyakumari,GEN,8.0,SRIKRISHNAKUMAR.K,Thamizhaka Padaippalar Makkal Katchi,TPMK,-,Drill machine
229,KANNIYAKUMARI,Kanniyakumari,GEN,9.0,KANAGARAJ.T,Independent,IND,Independent,Air conditioner
229,KANNIYAKUMARI,Kanniyakumari,GEN,10.0,SUDHAGAR.R,Independent,IND,Independent,Almirah
229,KANNIYAKUMARI,Kanniyakumari,GEN,11.0,DAVID SAHAYA BASCAR,Independent,IND,Independent,Grapes
229,KANNIYAKUMARI,Kanniyakumari,GEN,12.0,THANUNEELAN. S,Independent,IND,Independent,Bat
229,KANNIYAKUMARI,Kanniyakumari,GEN,13.0,RAMAKRISHNAN.C,Independent,IND,Independent,Balloon
229,KANNIYAKUMARI,Kanniyakumari,GEN,14.0,RAJAN. S,Independent,IND,Independent,Baby walker
230,NAGERCOIL,Kanniyakumari,GEN,1.0,AUSTIN,Dravida Munnetra Kazhagam,DMK,INDIA/SPA,Rising sun
230,NAGERCOIL,Kanniyakumari,GEN,2.0,GANDHI M R,Bharatiya Janata Party,BJP,NDA,Lotus
230,NAGERCOIL,Kanniyakumari,GEN,3.0,MUTHUKUMAR M,Naam Tamilar Katchi,NTK,Solo,Farmer Carrying Plough
230,NAGERCOIL,Kanniyakumari,GEN,4.0,ANTONY MICHAEL J,Viro Ke Vir Indian Party,VKVIP,-,Cake
230,NAGERCOIL,Kanniyakumari,GEN,5.0,SALATE KANAGARAJ A,Naam Indiar Party,NIP,-,Spanner
230,NAGERCOIL,Kanniyakumari,GEN,6.0,DINO T,Naadaalum Makkal Katchi,NMK,-,Pen nib with seven rays
230,NAGERCOIL,Kanniyakumari,GEN,7.0,NAGARAJAN L,Thamizhaka Padaippalar Makkal Katchi,TPMK,-,Drill machine
230,NAGERCOIL,Kanniyakumari,GEN,8.0,BERVIN KINGS G,Tamilaga Vettri Kazhagam,TVK,Solo,Whistle
230,NAGERCOIL,Kanniyakumari,GEN,9.0,VALLIMAYIL P,Communist Party of India (Marxist-Leninist) Red Star,CPI(ML) Red Star,-,Gas cylinder
230,NAGERCOIL,Kanniyakumari,GEN,10.0,AJITH KUMAR A,Independent,IND,Independent,Ship
230,NAGERCOIL,Kanniyakumari,GEN,11.0,GUNASEKARAN S,Independent,IND,Independent,Television
230,NAGERCOIL,Kanniyakumari,GEN,12.0,SIVAKUMAR A,Independent,IND,Independent,Ring
230,NAGERCOIL,Kanniyakumari,GEN,13.0,SUYAMBULINGAM A,Independent,IND,Independent,CCTV Camera
230,NAGERCOIL,Kanniyakumari,GEN,14.0,SUYAMBULINGAM P,Independent,IND,Independent,Cot
230,NAGERCOIL,Kanniyakumari,GEN,15.0,DINESH,Independent,IND,Independent,Computer
230,NAGERCOIL,Kanniyakumari,GEN,16.0,NAGOOR MEERAN PEER MOHAMED U,Independent,IND,Independent,Camera
230,NAGERCOIL,Kanniyakumari,GEN,17.0,MOHIDEEN FAIGEE ALIAS SOORANKUDY FAIGEE,Independent,IND,Independent,Diamond
230,NAGERCOIL,Kanniyakumari,GEN,18.0,RETNA MONY S,Independent,IND,Independent,Scissors
230,NAGERCOIL,Kanniyakumari,GEN,19.0,VAIRAM PILLAI S,Independent,IND,Independent,Bat
230,NAGERCOIL,Kanniyakumari,GEN,20.0,JEBARSON S,Tamizhaga Vaazhvurimai Katchi,TVaK,-,Helmet
231,COLACHAL,Kanniyakumari,GEN,1.0,ANCY SHOBA RANI. L,Naam Tamilar Katchi,NTK,Solo,Farmer Carrying Plough
231,COLACHAL,Kanniyakumari,GEN,2.0,SIVAKUMAR. T,Bharatiya Janata Party,BJP,NDA,Lotus
231,COLACHAL,Kanniyakumari,GEN,3.0,THARAHAI CUTHBERT,Indian National Congress,INC,INDIA/SPA,Hand
231,COLACHAL,Kanniyakumari,GEN,4.0,RAJASINGH. C,Bahujan Samaj Party,BSP,Solo,Elephant
231,COLACHAL,Kanniyakumari,GEN,5.0,ANTHONY MUTHU. S.M,Communist Party of India (Marxist-Leninist) (Liberation),CPI(ML)L,-,Flag with three stars
231,COLACHAL,Kanniyakumari,GEN,6.0,GANESH. N,Thamizhaka Padaippalar Makkal Katchi,TPMK,-,Drill machine
231,COLACHAL,Kanniyakumari,GEN,7.0,CHRIST MILLER. S,All India Puratchi Thalaivar Makkal Munnetra Kazhagam,AIPTMK,-,Coconut farm
231,COLACHAL,Kanniyakumari,GEN,8.0,KOIL RAJ. R,Naam Indiar Party,NIP,-,Spanner
231,COLACHAL,Kanniyakumari,GEN,9.0,PREM ALEX LAWRENCE,Tamilaga Vettri Kazhagam,TVK,Solo,Whistle
231,COLACHAL,Kanniyakumari,GEN,10.0,MURALI. M,Tamizhaga Vaazhvurimai Katchi,TVaK,-,Camera
231,COLACHAL,Kanniyakumari,GEN,11.0,ANTONY ALANKARAM. K,Independent,IND,Independent,Boat with man and sail
231,COLACHAL,Kanniyakumari,GEN,12.0,SARAVANAN. M,Independent,IND,Independent,Flute
231,COLACHAL,Kanniyakumari,GEN,13.0,SELVARAJ. M,Independent,IND,Independent,Diamond
232,PADMANABHAPURAM,Kanniyakumari,GEN,1.0,SEELAN,Naam Tamilar Katchi,NTK,Solo,Farmer Carrying Plough
232,PADMANABHAPURAM,Kanniyakumari,GEN,2.0,CHELLASWAMY. R,Communist Party of India (Marxist),CPI(M),INDIA/SPA,Hammer Sickle and Star
232,PADMANABHAPURAM,Kanniyakumari,GEN,3.0,RAMESH. P,Bharatiya Janata Party,BJP,NDA,Lotus
232,PADMANABHAPURAM,Kanniyakumari,GEN,4.0,KRISHNA KUMAR. S,Tamilaga Vettri Kazhagam,TVK,Solo,Whistle
232,PADMANABHAPURAM,Kanniyakumari,GEN,5.0,SYEDALI. A,Our Mahathma National Party,OMNP,-,Gas Stove
232,PADMANABHAPURAM,Kanniyakumari,GEN,6.0,RAKESH KUMAR. M,Thamizhaka Padaippalar Makkal Katchi,TPMK,-,Drill machine
232,PADMANABHAPURAM,Kanniyakumari,GEN,7.0,VAIKUNDAMANI. N,Tamizhaga Vaazhvurimai Katchi,TVaK,-,Camera
232,PADMANABHAPURAM,Kanniyakumari,GEN,8.0,ARUL MANI. H,Independent,IND,Independent,Ship
232,PADMANABHAPURAM,Kanniyakumari,GEN,9.0,DR. KRISHNA PRASAD. B,Independent,IND,Independent,Biscuit
232,PADMANABHAPURAM,Kanniyakumari,GEN,10.0,DURAI RAJ. S,Independent,IND,Independent,Ring
232,PADMANABHAPURAM,Kanniyakumari,GEN,11.0,VASANTHI. R,Independent,IND,Independent,Diamond
233,VILAVANCODE,Kanniyakumari,GEN,1.0,PRAVEEN T.T,Indian National Congress,INC,INDIA/SPA,Hand
233,VILAVANCODE,Kanniyakumari,GEN,2.0,MARIA STELLA,Naam Tamilar Katchi,NTK,Solo,Farmer Carrying Plough
233,VILAVANCODE,Kanniyakumari,GEN,3.0,VIJAYADHARANI S,Bharatiya Janata Party,BJP,NDA,Lotus
233,VILAVANCODE,Kanniyakumari,GEN,4.0,BAIJU T,Viro Ke Vir Indian Party,VKVIP,-,Cake
233,VILAVANCODE,Kanniyakumari,GEN,5.0,MICHAEL KUMAR K,Tamilaga Vettri Kazhagam,TVK,Solo,Whistle
233,VILAVANCODE,Kanniyakumari,GEN,6.0,MOHAN KUMAR M,All India Jananayaka Makkal Kazhagam,AIJMK,-,Mixee
233,VILAVANCODE,Kanniyakumari,GEN,7.0,VENKADEASAN. K,Thamizhaka Padaippalar Makkal Katchi,TPMK,-,Drill machine
233,VILAVANCODE,Kanniyakumari,GEN,8.0,JOHN CHRISTOPHER T,Rashtriya Janata Dal,RJD,-,Hurricane lamp
233,VILAVANCODE,Kanniyakumari,GEN,9.0,KRISHNAN M,Independent,IND,Independent,Bucket
233,VILAVANCODE,Kanniyakumari,GEN,10.0,DAVID T,Independent,IND,Independent,Boat with man and sail
233,VILAVANCODE,Kanniyakumari,GEN,11.0,PRAVEEN KUMAR,Independent,IND,Independent,Cauliflower
233,VILAVANCODE,Kanniyakumari,GEN,12.0,MURUGANANDHA PRASAD T,Independent,IND,Independent,Ring
233,VILAVANCODE,Kanniyakumari,GEN,13.0,JOSELAL L.V,Independent,IND,Independent,Biscuit
233,VILAVANCODE,Kanniyakumari,GEN,14.0,SHIBU AMOSE,Independent,IND,Independent,Flute
234,KILLIYOOR,Kanniyakumari,GEN,1.0,NIVIN SIMON. J,Bharatiya Janata Party,BJP,NDA,Lotus
234,KILLIYOOR,Kanniyakumari,GEN,2.0,RAJESH KUMAR. S,Indian National Congress,INC,INDIA/SPA,Hand
234,KILLIYOOR,Kanniyakumari,GEN,3.0,HIMLAR,Naam Tamilar Katchi,NTK,Solo,Farmer Carrying Plough
234,KILLIYOOR,Kanniyakumari,GEN,4.0,SABIN. S,Tamilaga Vettri Kazhagam,TVK,Solo,Whistle
234,KILLIYOOR,Kanniyakumari,GEN,5.0,PRABHU. S,Thamizhaka Padaippalar Makkal Katchi,TPMK,-,Drill machine
234,KILLIYOOR,Kanniyakumari,GEN,6.0,RUBIN ANTONY,Tamizhaga Vaazhvurimai Katchi,TVaK,-,Camera
234,KILLIYOOR,Kanniyakumari,GEN,7.0,JUSTIN. T,Indian Christian Front,ICF,-,Ship
234,KILLIYOOR,Kanniyakumari,GEN,8.0,DR. RAMACHANDRAN. M,Independent,IND,Independent,Stethoscope
234,KILLIYOOR,Kanniyakumari,GEN,9.0,SATHEESH. S,Independent,IND,Independent,T.V. Remote
234,KILLIYOOR,Kanniyakumari,GEN,10.0,AJAI (ALIAS) NAGARAJAN,Independent,IND,Independent,Diamond
234,KILLIYOOR,Kanniyakumari,GEN,11.0,BERRILA. L,Independent,IND,Independent,Chappals
234,KILLIYOOR,Kanniyakumari,GEN,12.0,BABY RAJ. P,Independent,IND,Independent,Truck
234,KILLIYOOR,Kanniyakumari,GEN,13.0,JUSTIN. M,Independent,IND,Independent,Bench
