Code,Constituency,Candidate,Party,EVM Votes,Postal Votes,Total Votes,% Votes,Round,Last Updated Time,Last Updated Date,AC_No,AC_Name,Alliance,Rank,Seat_Total,Vote_Share_Pct
S221,GUMMIDIPOONDI - 1,S.VIJAYAKUMAR,Tamilaga Vettri Kazhagam,93820,500,94320,40.56,26/26,11:27 PM,04/05/2026,1,GUMMIDIPOONDI,Solo,1,232522,40.563903630624196
S221,GUMMIDIPOONDI - 1,SUDHAKAR.V,All India Anna Dravida Munnetra Kazhagam,65894,481,66375,28.55,26/26,11:27 PM,04/05/2026,1,GUMMIDIPOONDI,NDA,2,232522,28.545685999604338
S221,GUMMIDIPOONDI - 1,T.J.GOVINDARAJAN,Dravida Munnetra Kazhagam,61922,570,62492,26.88,26/26,11:27 PM,04/05/2026,1,GUMMIDIPOONDI,INDIA/SPA,3,232522,26.87573648945046
S221,GUMMIDIPOONDI - 1,"R.SRIDAR. B.L.,",Naam Tamilar Katchi,4707,49,4756,2.05,26/26,11:27 PM,04/05/2026,1,GUMMIDIPOONDI,Solo,4,232522,2.04539785482664
S221,GUMMIDIPOONDI - 1,NOTA,None of the Above,931,6,937,0.4,26/26,11:27 PM,04/05/2026,1,GUMMIDIPOONDI,NOTA/Unaligned,5,232522,0.4029726219454503
S221,GUMMIDIPOONDI - 1,M.JAGADEESAN,Bahujan Samaj Party,695,2,697,0.3,26/26,11:27 PM,04/05/2026,1,GUMMIDIPOONDI,Solo,6,232522,0.29975658217286966
S221,GUMMIDIPOONDI - 1,SDK SANKAR,Aanaithinthiya Jananayaka Pathukappu Kazhagam,593,6,599,0.26,26/26,11:27 PM,04/05/2026,1,GUMMIDIPOONDI,-,7,232522,0.2576100325990659
S221,GUMMIDIPOONDI - 1,G.RANJITH B.SC.L.L.B,Independent,502,1,503,0.22,26/26,11:27 PM,04/05/2026,1,GUMMIDIPOONDI,Independent,8,232522,0.21632361669003364
S221,GUMMIDIPOONDI - 1,K. CHANDRA SEKAR,Veerath Thiyagi Viswanathadoss Thozhilalarkal Katchi,335,1,336,0.14,26/26,11:27 PM,04/05/2026,1,GUMMIDIPOONDI,-,9,232522,0.14450245568161293
S221,GUMMIDIPOONDI - 1,D.SUDHAKAR,Independent,319,2,321,0.14,26/26,11:27 PM,04/05/2026,1,GUMMIDIPOONDI,Independent,10,232522,0.13805145319582662
S221,GUMMIDIPOONDI - 1,M.KUMARAN,Independent,260,0,260,0.11,26/26,11:27 PM,04/05/2026,1,GUMMIDIPOONDI,Independent,11,232522,0.11181737642029571
S221,GUMMIDIPOONDI - 1,D.DINESH,Independent,222,0,222,0.1,26/26,11:27 PM,04/05/2026,1,GUMMIDIPOONDI,Independent,12,232522,0.09547483678963711
S221,GUMMIDIPOONDI - 1,V.SUDHAKAR,Independent,217,0,217,0.09,26/26,11:27 PM,04/05/2026,1,GUMMIDIPOONDI,Independent,13,232522,0.09332450262770835
S221,GUMMIDIPOONDI - 1,T.GOVINDAN,Independent,205,1,206,0.09,26/26,11:27 PM,04/05/2026,1,GUMMIDIPOONDI,Independent,14,232522,0.08859376747146507
S221,GUMMIDIPOONDI - 1,GOPAL.K,Independent,174,3,177,0.08,26/26,11:27 PM,04/05/2026,1,GUMMIDIPOONDI,Independent,15,232522,0.07612182933227823
S221,GUMMIDIPOONDI - 1,A.H. SIVA GANESH,Independent,104,0,104,0.04,26/26,11:27 PM,04/05/2026,1,GUMMIDIPOONDI,Independent,16,232522,0.04472695056811828
S222,PONNERI - 2,DR.RAVI.M.S,Tamilaga Vettri Kazhagam,110051,388,110439,48.69,26/26,11:30 PM,04/05/2026,2,PONNERI,Solo,1,226819,48.690365445575544
S222,PONNERI - 2,DURAI CHANDRASEKAR,Indian National Congress,54301,370,54671,24.1,26/26,11:30 PM,04/05/2026,2,PONNERI,INDIA/SPA,2,226819,24.103359947799788
S222,PONNERI - 2,BALARAMAN.P,All India Anna Dravida Munnetra Kazhagam,51160,308,51468,22.69,26/26,11:30 PM,04/05/2026,2,PONNERI,NDA,3,226819,22.691220753111512
S222,PONNERI - 2,RAJATHI.M,Naam Tamilar Katchi,6633,43,6676,2.94,26/26,11:30 PM,04/05/2026,2,PONNERI,Solo,4,226819,2.943316036134539
S222,PONNERI - 2,NOTA,None of the Above,859,6,865,0.38,26/26,11:30 PM,04/05/2026,2,PONNERI,NOTA/Unaligned,5,226819,0.3813613497987382
S222,PONNERI - 2,SANTHOSHKUMAR.J,Bahujan Samaj Party,611,4,615,0.27,26/26,11:30 PM,04/05/2026,2,PONNERI,Solo,6,226819,0.2711413065043052
S222,PONNERI - 2,MALATHI.S,Tamizhaga Murpokku Makkal Katchi,371,0,371,0.16,26/26,11:30 PM,04/05/2026,2,PONNERI,-,7,226819,0.16356654424893857
S222,PONNERI - 2,ASHOK PRIYADARSHAN,Desiya Makkal Sakthi Katchi,360,6,366,0.16,26/26,11:30 PM,04/05/2026,2,PONNERI,-,8,226819,0.1613621433830499
S222,PONNERI - 2,RAJA.S,Vanchit Bahujan Aaghadi,295,4,299,0.13,26/26,11:30 PM,04/05/2026,2,PONNERI,-,9,226819,0.13182317178014188
S222,PONNERI - 2,RAJASEKAR.J,Independent,288,1,289,0.13,26/26,11:30 PM,04/05/2026,2,PONNERI,Independent,10,226819,0.12741437004836456
S222,PONNERI - 2,NAGAIYAN.G,Independent,227,5,232,0.1,26/26,11:30 PM,04/05/2026,2,PONNERI,Independent,11,226819,0.10228420017723383
S222,PONNERI - 2,VENKATESAN.S,Independent,202,1,203,0.09,26/26,11:30 PM,04/05/2026,2,PONNERI,Independent,12,226819,0.0894986751550796
S222,PONNERI - 2,KOTTEESWARAN. K,Tamizhaga Vaazhvurimai Katchi,163,3,166,0.07,26/26,11:30 PM,04/05/2026,2,PONNERI,-,13,226819,0.07318610874750352
S222,PONNERI - 2,BARATHIRAJA.K,Independent,155,4,159,0.07,26/26,11:30 PM,04/05/2026,2,PONNERI,Independent,14,226819,0.07009994753525939
S223,TIRUTTANI - 3,G.HARI,All India Anna Dravida Munnetra Kazhagam,87893,1276,89169,37.34,27/27,11:30 PM,04/05/2026,3,TIRUTTANI,NDA,1,238798,37.34076499803181
S223,TIRUTTANI - 3,M.SATHYA KUMAR,Tamilaga Vettri Kazhagam,82608,768,83376,34.91,27/27,11:30 PM,04/05/2026,3,TIRUTTANI,Solo,2,238798,34.91486528362884
S223,TIRUTTANI - 3,D.KRISHNAMURTHY,Desiya Murpokku Dravida Kazhagam,53976,887,54863,22.97,27/27,11:30 PM,04/05/2026,3,TIRUTTANI,INDIA/SPA,3,238798,22.974648028877965
S223,TIRUTTANI - 3,CHANDRAN .S.S,Naam Tamilar Katchi,6516,188,6704,2.81,27/27,11:30 PM,04/05/2026,3,TIRUTTANI,Solo,4,238798,2.8073936967646294
S223,TIRUTTANI - 3,NOTA,None of the Above,1180,30,1210,0.51,27/27,11:30 PM,04/05/2026,3,TIRUTTANI,NOTA/Unaligned,5,238798,0.5067044112597258
S223,TIRUTTANI - 3,KRISHNAMOORTHY.M,Independent,943,3,946,0.4,27/27,11:30 PM,04/05/2026,3,TIRUTTANI,Independent,6,238798,0.3961507215303311
S223,TIRUTTANI - 3,JAMBU.B,Independent,623,5,628,0.26,27/27,11:30 PM,04/05/2026,3,TIRUTTANI,Independent,7,238798,0.2629837770835602
S223,TIRUTTANI - 3,MUTHURAJ.G,Bahujan Samaj Party,469,1,470,0.2,27/27,11:30 PM,04/05/2026,3,TIRUTTANI,Solo,8,238798,0.19681906883642242
S223,TIRUTTANI - 3,KRISHNAMOORTHY.D,Independent,460,7,467,0.2,27/27,11:30 PM,04/05/2026,3,TIRUTTANI,Independent,9,238798,0.1955627769076793
S223,TIRUTTANI - 3,BALAJI.A,Thakkam Katchi,272,0,272,0.11,27/27,11:30 PM,04/05/2026,3,TIRUTTANI,-,10,238798,0.11390380153937638
S223,TIRUTTANI - 3,KRISHNAMOORTHY.K,Independent,201,9,210,0.09,27/27,11:30 PM,04/05/2026,3,TIRUTTANI,Independent,11,238798,0.08794043501201852
S223,TIRUTTANI - 3,DR.A.V.NARENDRAN,Independent,197,1,198,0.08,27/27,11:30 PM,04/05/2026,3,TIRUTTANI,Independent,12,238798,0.08291526729704604
S223,TIRUTTANI - 3,SHETTU.S,Independent,152,1,153,0.06,27/27,11:30 PM,04/05/2026,3,TIRUTTANI,Independent,13,238798,0.0640708883658992
S223,TIRUTTANI - 3,PAVENDHAN.Y.R,Tamizhaga Vaazhvurimai Katchi,130,2,132,0.06,27/27,11:30 PM,04/05/2026,3,TIRUTTANI,-,14,238798,0.05527684486469736
S224,THIRUVALLUR - 4,DR. T. ARUNKUMAR,Tamilaga Vettri Kazhagam,91683,507,92190,40.71,24/24,11:30 PM,04/05/2026,4,THIRUVALLUR,Solo,1,226428,40.71492924903281
S224,THIRUVALLUR - 4,V.G. RAAJENDRAN,Dravida Munnetra Kazhagam,66729,701,67430,29.78,24/24,11:30 PM,04/05/2026,4,THIRUVALLUR,INDIA/SPA,2,226428,29.779885879838183
S224,THIRUVALLUR - 4,BE VEE RAMANAH,All India Anna Dravida Munnetra Kazhagam,56086,476,56562,24.98,24/24,11:30 PM,04/05/2026,4,THIRUVALLUR,NDA,3,226428,24.98012613281043
S224,THIRUVALLUR - 4,K. SENTHILKUMAR,Naam Tamilar Katchi,5452,61,5513,2.43,24/24,11:30 PM,04/05/2026,4,THIRUVALLUR,Solo,4,226428,2.4347695514688996
S224,THIRUVALLUR - 4,NOTA,None of the Above,1122,10,1132,0.5,24/24,11:30 PM,04/05/2026,4,THIRUVALLUR,NOTA/Unaligned,5,226428,0.49993817019096576
S224,THIRUVALLUR - 4,S. RAJENDRAN,Independent,867,1,868,0.38,24/24,11:30 PM,04/05/2026,4,THIRUVALLUR,Independent,6,226428,0.383344816012154
S224,THIRUVALLUR - 4,B. RAJESH KUMAR,Bahujan Samaj Party,668,6,674,0.3,24/24,11:30 PM,04/05/2026,4,THIRUVALLUR,Solo,7,226428,0.29766636635045135
S224,THIRUVALLUR - 4,E. MANI,Republican Party of India (Athawale),644,9,653,0.29,24/24,11:30 PM,04/05/2026,4,THIRUVALLUR,-,8,226428,0.2883918949953186
S224,THIRUVALLUR - 4,N. VENKATESAN,Aanaithinthiya Jananayaka Pathukappu Kazhagam,352,2,354,0.16,24/24,11:30 PM,04/05/2026,4,THIRUVALLUR,-,9,226428,0.1563410885579522
S224,THIRUVALLUR - 4,G. RAJENDIRAN,Independent,223,4,227,0.1,24/24,11:30 PM,04/05/2026,4,THIRUVALLUR,Independent,10,226428,0.10025261893405409
S224,THIRUVALLUR - 4,E.KOTHANDAN,Independent,201,2,203,0.09,24/24,11:30 PM,04/05/2026,4,THIRUVALLUR,Independent,11,226428,0.08965322309961665
S224,THIRUVALLUR - 4,N. BALAKRISHNAN,Independent,186,0,186,0.08,24/24,11:30 PM,04/05/2026,4,THIRUVALLUR,Independent,12,226428,0.08214531771689014
S224,THIRUVALLUR - 4,N. NAGENDRABABU,Independent,184,0,184,0.08,24/24,11:30 PM,04/05/2026,4,THIRUVALLUR,Independent,13,226428,0.08126203473068702
S224,THIRUVALLUR - 4,E. RAJARATHINAM,Tamizhaga Vaazhvurimai Katchi,134,0,134,0.06,24/24,11:30 PM,04/05/2026,4,THIRUVALLUR,-,14,226428,0.05917996007560902
S224,THIRUVALLUR - 4,R. RAMANAN,Independent,118,0,118,0.05,24/24,11:30 PM,04/05/2026,4,THIRUVALLUR,Independent,15,226428,0.05211369618598406
S225,POONAMALLEE - 5,PRAKASAM.R,Tamilaga Vettri Kazhagam,160643,666,161309,52.22,25/25,11:30 PM,04/05/2026,5,POONAMALLEE,Solo,1,308894,52.22147403316348
S225,POONAMALLEE - 5,KRISHNASWAMY.A,Dravida Munnetra Kazhagam,87803,766,88569,28.67,25/25,11:30 PM,04/05/2026,5,POONAMALLEE,INDIA/SPA,2,308894,28.672942821809425
S225,POONAMALLEE - 5,ELUMALAI.T.A,Amma Makkal Munnettra Kazagam,43017,263,43280,14.01,25/25,11:30 PM,04/05/2026,5,POONAMALLEE,NDA,3,308894,14.011278950060538
S225,POONAMALLEE - 5,MEKALA.J,Naam Tamilar Katchi,11616,81,11697,3.79,25/25,11:30 PM,04/05/2026,5,POONAMALLEE,Solo,4,308894,3.7867359029311025
S225,POONAMALLEE - 5,NOTA,None of the Above,1551,20,1571,0.51,25/25,11:30 PM,04/05/2026,5,POONAMALLEE,NOTA/Unaligned,5,308894,0.5085887068055709
S225,POONAMALLEE - 5,RAJASEKARAN.K,Bahujan Samaj Party,852,8,860,0.28,25/25,11:30 PM,04/05/2026,5,POONAMALLEE,Solo,6,308894,0.27841265935887394
S225,POONAMALLEE - 5,RAVIKUMAR.M,Independent,352,3,355,0.11,25/25,11:30 PM,04/05/2026,5,POONAMALLEE,Independent,7,308894,0.11492615589813981
S225,POONAMALLEE - 5,DR.JAYANTHI.R,Independent,299,5,304,0.1,25/25,11:30 PM,04/05/2026,5,POONAMALLEE,Independent,8,308894,0.09841563772685775
S225,POONAMALLEE - 5,SIVAKUMAR.S,Independent,297,0,297,0.1,25/25,11:30 PM,04/05/2026,5,POONAMALLEE,Independent,9,308894,0.09614948817393669
S225,POONAMALLEE - 5,VELU.S,Independent,263,1,264,0.09,25/25,11:30 PM,04/05/2026,5,POONAMALLEE,Independent,10,308894,0.08546621171016594
S225,POONAMALLEE - 5,PURUSHOTHAMAN.B,Independent,254,1,255,0.08,25/25,11:30 PM,04/05/2026,5,POONAMALLEE,Independent,11,308894,0.08255259085641029
S225,POONAMALLEE - 5,DHASARATHAN.R,Independent,133,0,133,0.04,25/25,11:30 PM,04/05/2026,5,POONAMALLEE,Independent,12,308894,0.04305684150550027
S226,AVADI - 6,R.RAMESH KUMAR,Tamilaga Vettri Kazhagam,179472,912,180384,52.13,27/27,11:27 PM,04/05/2026,6,AVADI,Solo,1,346005,52.13335067412321
S226,AVADI - 6,S.M.NASAR,Dravida Munnetra Kazhagam,103115,958,104073,30.08,27/27,11:27 PM,04/05/2026,6,AVADI,INDIA/SPA,2,346005,30.07846707417523
S226,AVADI - 6,RAJASIMHA MAHENDRA,Bharatiya Janata Party,39170,435,39605,11.45,27/27,11:27 PM,04/05/2026,6,AVADI,NDA,3,346005,11.4463663819887
S226,AVADI - 6,PUNITHA SHANMUGAM,Naam Tamilar Katchi,16190,145,16335,4.72,27/27,11:27 PM,04/05/2026,6,AVADI,Solo,4,346005,4.721030042918455
S226,AVADI - 6,NOTA,None of the Above,1519,14,1533,0.44,27/27,11:27 PM,04/05/2026,6,AVADI,NOTA/Unaligned,5,346005,0.44305718125460614
S226,AVADI - 6,S. CHARLES,Bahujan Samaj Party,746,15,761,0.22,27/27,11:27 PM,04/05/2026,6,AVADI,Solo,6,346005,0.21993901822228
S226,AVADI - 6,R. BAKTHAVATCHALAM,All India Puratchi Thalaivar Makkal Munnettra Kazhagam,625,2,627,0.18,27/27,11:27 PM,04/05/2026,6,AVADI,-,7,346005,0.18121125417262757
S226,AVADI - 6,R.Edmund Jayendren,Tamizhaga Vaazhvurimai Katchi,471,7,478,0.14,27/27,11:27 PM,04/05/2026,6,AVADI,-,8,346005,0.13814829265473041
S226,AVADI - 6,R. KUMAR,Independent,305,3,308,0.09,27/27,11:27 PM,04/05/2026,6,AVADI,Independent,9,346005,0.08901605468129073
S226,AVADI - 6,P. CHELLAPANDIAN,Independent,254,1,255,0.07,27/27,11:27 PM,04/05/2026,6,AVADI,Independent,10,346005,0.07369835696015954
S226,AVADI - 6,C.S. Karnan,Anti Corruption Dynamic Party,222,2,224,0.06,27/27,11:27 PM,04/05/2026,6,AVADI,-,11,346005,0.06473894885912053
S226,AVADI - 6,G.D. ARUNKUMAR,Independent,205,0,205,0.06,27/27,11:27 PM,04/05/2026,6,AVADI,Independent,12,346005,0.059247698732677274
S226,AVADI - 6,R. MANIKANDAN,Independent,195,0,195,0.06,27/27,11:27 PM,04/05/2026,6,AVADI,Independent,13,346005,0.05635756708718082
S226,AVADI - 6,P.JAYAKUMAR,Samaniya Makkal Nala Katchi,177,0,177,0.05,27/27,11:27 PM,04/05/2026,6,AVADI,-,14,346005,0.05115533012528721
S226,AVADI - 6,S. SENTHILKUMAR,Independent,167,0,167,0.05,27/27,11:27 PM,04/05/2026,6,AVADI,Independent,15,346005,0.04826519847979075
S226,AVADI - 6,SENTHILKUMAR. S,Anna Puratchi Thalaivar Amma Dravida Munnetra Kazhagam,156,0,156,0.05,27/27,11:27 PM,04/05/2026,6,AVADI,NDA,16,346005,0.045086053669744657
S226,AVADI - 6,K. BALAKRISHNAN,Independent,141,0,141,0.04,27/27,11:27 PM,04/05/2026,6,AVADI,Independent,17,346005,0.04075085620149998
S226,AVADI - 6,M. ERAJASIMMAN,Independent,105,0,105,0.03,27/27,11:27 PM,04/05/2026,6,AVADI,Independent,18,346005,0.03034638227771275
S226,AVADI - 6,RAJASEKAR. R,Independent,105,0,105,0.03,27/27,11:27 PM,04/05/2026,6,AVADI,Independent,19,346005,0.03034638227771275
S226,AVADI - 6,UNIESH RAJ. M,Independent,93,1,94,0.03,27/27,11:27 PM,04/05/2026,6,AVADI,Independent,20,346005,0.027167237467666652
S226,AVADI - 6,K. ANNAMALAI,Independent,77,0,77,0.02,27/27,11:27 PM,04/05/2026,6,AVADI,Independent,21,346005,0.022254013670322682
S227,MADURAVOYAL - 7,RHEVANTH CHARAN,Tamilaga Vettri Kazhagam,141423,302,141725,48.26,27/27,11:27 PM,04/05/2026,7,MADURAVOYAL,Solo,1,293692,48.25633657028452
S227,MADURAVOYAL - 7,GANAPATHY. K,Dravida Munnetra Kazhagam,79667,549,80216,27.31,27/27,11:27 PM,04/05/2026,7,MADURAVOYAL,INDIA/SPA,2,293692,27.31296732631464
S227,MADURAVOYAL - 7,P. BENJAMIN,All India Anna Dravida Munnetra Kazhagam,54456,249,54705,18.63,27/27,11:27 PM,04/05/2026,7,MADURAVOYAL,NDA,3,293692,18.626656497282866
S227,MADURAVOYAL - 7,REVATHI L,Naam Tamilar Katchi,12977,47,13024,4.43,27/27,11:27 PM,04/05/2026,7,MADURAVOYAL,Solo,4,293692,4.4345777208776544
S227,MADURAVOYAL - 7,NOTA,None of the Above,1448,14,1462,0.5,27/27,11:27 PM,04/05/2026,7,MADURAVOYAL,NOTA/Unaligned,5,293692,0.49780041676313963
S227,MADURAVOYAL - 7,R. SIVA,Independent,315,7,322,0.11,27/27,11:27 PM,04/05/2026,7,MADURAVOYAL,Independent,6,293692,0.10963866908189532
S227,MADURAVOYAL - 7,MURALI. S,Naam Indiar Party,298,2,300,0.1,27/27,11:27 PM,04/05/2026,7,MADURAVOYAL,-,7,293692,0.10214782833716955
S227,MADURAVOYAL - 7,AGNI SELVARAJU. J,Naadaalum Makkal Katchi,264,2,266,0.09,27/27,11:27 PM,04/05/2026,7,MADURAVOYAL,-,8,293692,0.090571074458957
S227,MADURAVOYAL - 7,J. VENKATESAN,All India Puratchi Thalaivar Makkal Munnettra Kazhagam,232,1,233,0.08,27/27,11:27 PM,04/05/2026,7,MADURAVOYAL,-,9,293692,0.07933481334186836
S227,MADURAVOYAL - 7,S. BENJAMIN MOSES,Independent,206,1,207,0.07,27/27,11:27 PM,04/05/2026,7,MADURAVOYAL,Independent,10,293692,0.07048200155264699
S227,MADURAVOYAL - 7,PONMUTHU RAMESH,Independent,200,2,202,0.07,27/27,11:27 PM,04/05/2026,7,MADURAVOYAL,Independent,11,293692,0.0687795377470275
S227,MADURAVOYAL - 7,K. VENKATESAN,Veerath Thiyagi Viswanathadoss Thozhilalarkal Katchi,171,0,171,0.06,27/27,11:27 PM,04/05/2026,7,MADURAVOYAL,-,12,293692,0.058224262152186644
S227,MADURAVOYAL - 7,N.A. MANI,Independent,157,0,157,0.05,27/27,11:27 PM,04/05/2026,7,MADURAVOYAL,Independent,13,293692,0.05345736349645207
S227,MADURAVOYAL - 7,V. KAMALA KANNAN,Independent,119,0,119,0.04,27/27,11:27 PM,04/05/2026,7,MADURAVOYAL,Independent,14,293692,0.04051863857374392
S227,MADURAVOYAL - 7,K. GANAPATHY,Independent,96,3,99,0.03,27/27,11:27 PM,04/05/2026,7,MADURAVOYAL,Independent,15,293692,0.03370878335126595
S227,MADURAVOYAL - 7,R. YUVARAJ,Independent,82,2,84,0.03,27/27,11:27 PM,04/05/2026,7,MADURAVOYAL,Independent,16,293692,0.028601391934407475
S227,MADURAVOYAL - 7,VIGNESH NANDAGOPAL,Independent,83,0,83,0.03,27/27,11:27 PM,04/05/2026,7,MADURAVOYAL,Independent,17,293692,0.028260899173283578
S227,MADURAVOYAL - 7,SARAVANAN KUMAR,Independent,78,0,78,0.03,27/27,11:27 PM,04/05/2026,7,MADURAVOYAL,Independent,18,293692,0.026558435367664085
S227,MADURAVOYAL - 7,MUTHURAMAN. S,Anna MGR Dravida Makkal Kalgam,70,1,71,0.02,27/27,11:27 PM,04/05/2026,7,MADURAVOYAL,-,19,293692,0.024174986039796793
S227,MADURAVOYAL - 7,D. ANANDAN,Independent,67,0,67,0.02,27/27,11:27 PM,04/05/2026,7,MADURAVOYAL,Independent,20,293692,0.0228130149953012
S227,MADURAVOYAL - 7,M. BALASUBRAMANIAN,Independent,67,0,67,0.02,27/27,11:27 PM,04/05/2026,7,MADURAVOYAL,Independent,21,293692,0.0228130149953012
S227,MADURAVOYAL - 7,M. JAMES,Independent,34,0,34,0.01,27/27,11:27 PM,04/05/2026,7,MADURAVOYAL,Independent,22,293692,0.01157675387821255
S228,AMBATTUR - 8,BALAMURUGAN.G,Tamilaga Vettri Kazhagam,132995,344,133339,51.29,28/28,11:27 PM,04/05/2026,8,AMBATTUR,Solo,1,259986,51.28699237651258
S228,AMBATTUR - 8,DR A.P. POORNIMA,Dravida Munnetra Kazhagam,74156,402,74558,28.68,28/28,11:27 PM,04/05/2026,8,AMBATTUR,INDIA/SPA,2,259986,28.677698029893918
S228,AMBATTUR - 8,K.N. SEKAR,Pattali Makkal Katchi,35826,171,35997,13.85,28/28,11:27 PM,04/05/2026,8,AMBATTUR,NDA,3,259986,13.845745540144469
S228,AMBATTUR - 8,SILAMBARASAN,Naam Tamilar Katchi,11049,39,11088,4.26,28/28,11:27 PM,04/05/2026,8,AMBATTUR,Solo,4,259986,4.264845030117006
S228,AMBATTUR - 8,NOTA,None of the Above,1474,16,1490,0.57,28/28,11:27 PM,04/05/2026,8,AMBATTUR,NOTA/Unaligned,5,259986,0.5731077827267622
S228,AMBATTUR - 8,A.KALYANASUNDARAM,Nationalist Janshakti Party,584,4,588,0.23,28/28,11:27 PM,04/05/2026,8,AMBATTUR,-,6,259986,0.2261660243243867
S228,AMBATTUR - 8,R.BALAMURUGAN,Independent,493,0,493,0.19,28/28,11:27 PM,04/05/2026,8,AMBATTUR,Independent,7,259986,0.18962559522435823
S228,AMBATTUR - 8,DR. J.SAILAS,Bahujan Samaj Party,441,2,443,0.17,28/28,11:27 PM,04/05/2026,8,AMBATTUR,Solo,8,259986,0.17039379043486957
S228,AMBATTUR - 8,DR. S.PRAVEEN,Independent,305,3,308,0.12,28/28,11:27 PM,04/05/2026,8,AMBATTUR,Independent,9,259986,0.11846791750325017
S228,AMBATTUR - 8,V. RAMKUMAR,India Suyarajya Party,224,0,224,0.09,28/28,11:27 PM,04/05/2026,8,AMBATTUR,-,10,259986,0.08615848545690921
S228,AMBATTUR - 8,S. MADHAVAN,Independent,179,0,179,0.07,28/28,11:27 PM,04/05/2026,8,AMBATTUR,Independent,11,259986,0.06884986114636941
S228,AMBATTUR - 8,M.S. ARUMUGAM,Independent,135,0,135,0.05,28/28,11:27 PM,04/05/2026,8,AMBATTUR,Independent,12,259986,0.0519258729316194
S228,AMBATTUR - 8,RAJKUMAR,Tamizhaga Vaazhvurimai Katchi,125,2,127,0.05,28/28,11:27 PM,04/05/2026,8,AMBATTUR,-,13,259986,0.04884878416530121
S228,AMBATTUR - 8,K. SEKAR,Independent,125,2,127,0.05,28/28,11:27 PM,04/05/2026,8,AMBATTUR,Independent,14,259986,0.04884878416530121
S228,AMBATTUR - 8,S. JANARTHANAN,Independent,125,1,126,0.05,28/28,11:27 PM,04/05/2026,8,AMBATTUR,Independent,15,259986,0.04846414806951144
S228,AMBATTUR - 8,G.P. SEKAR,Independent,102,1,103,0.04,28/28,11:27 PM,04/05/2026,8,AMBATTUR,Independent,16,259986,0.03961751786634665
S228,AMBATTUR - 8,PALANI,Independent,99,4,103,0.04,28/28,11:27 PM,04/05/2026,8,AMBATTUR,Independent,17,259986,0.03961751786634665
S228,AMBATTUR - 8,D.K.MESHACK KIRUBAKARAN,Independent,102,0,102,0.04,28/28,11:27 PM,04/05/2026,8,AMBATTUR,Independent,18,259986,0.03923288177055688
S228,AMBATTUR - 8,JOTHI.M,Independent,89,0,89,0.03,28/28,11:27 PM,04/05/2026,8,AMBATTUR,Independent,19,259986,0.03423261252528982
S228,AMBATTUR - 8,VINAYAGAMOORTHY.R,Independent,82,1,83,0.03,28/28,11:27 PM,04/05/2026,8,AMBATTUR,Independent,20,259986,0.031924795950551185
S228,AMBATTUR - 8,P. ARUMUGAM,Independent,77,0,77,0.03,28/28,11:27 PM,04/05/2026,8,AMBATTUR,Independent,21,259986,0.029616979375812542
S228,AMBATTUR - 8,G. SAMPATH,Independent,71,1,72,0.03,28/28,11:27 PM,04/05/2026,8,AMBATTUR,Independent,22,259986,0.027693798896863676
S228,AMBATTUR - 8,D. PUSHPA,Independent,66,2,68,0.03,28/28,11:27 PM,04/05/2026,8,AMBATTUR,Independent,23,259986,0.026155254513704585
S228,AMBATTUR - 8,D. JEYAGANESH,Naam Indiar Party,67,0,67,0.03,28/28,11:27 PM,04/05/2026,8,AMBATTUR,-,24,259986,0.025770618417914812
S229,MADAVARAM - 9,M.L.VIJAYPRABHU,Tamilaga Vettri Kazhagam,189784,678,190462,52.61,19/19,11:27 PM,04/05/2026,9,MADAVARAM,Solo,1,361998,52.614102840347186
S229,MADAVARAM - 9,S.SUDHARSANAM,Dravida Munnetra Kazhagam,94782,695,95477,26.38,19/19,11:27 PM,04/05/2026,9,MADAVARAM,INDIA/SPA,2,361998,26.375007596727055
S229,MADAVARAM - 9,MADHAVARAM V.MOORTHY,All India Anna Dravida Munnetra Kazhagam,58914,376,59290,16.38,19/19,11:27 PM,04/05/2026,9,MADAVARAM,NDA,3,361998,16.378543527864796
S229,MADAVARAM - 9,E.KRITHIKA,Naam Tamilar Katchi,12563,74,12637,3.49,19/19,11:27 PM,04/05/2026,9,MADAVARAM,Solo,4,361998,3.490903264658921
S229,MADAVARAM - 9,NOTA,None of the Above,1383,11,1394,0.39,19/19,11:27 PM,04/05/2026,9,MADAVARAM,NOTA/Unaligned,5,361998,0.38508500046961586
S229,MADAVARAM - 9,I.RAFFIK,Naadaalum Makkal Katchi,675,1,676,0.19,19/19,11:27 PM,04/05/2026,9,MADAVARAM,-,6,361998,0.18674136321195145
S229,MADAVARAM - 9,N.JANAKIRAMAN,Bahujan Samaj Party,530,7,537,0.15,19/19,11:27 PM,04/05/2026,9,MADAVARAM,Solo,7,361998,0.14834336101304427
S229,MADAVARAM - 9,R.KARTHIKEYAN,Tamizhaga Vaazhvurimai Katchi,231,1,232,0.06,19/19,11:27 PM,04/05/2026,9,MADAVARAM,-,8,361998,0.0640887518715573
S229,MADAVARAM - 9,S.SIVAKUMAR,Independent,198,0,198,0.05,19/19,11:27 PM,04/05/2026,9,MADAVARAM,Independent,9,361998,0.05469643478693252
S229,MADAVARAM - 9,G.PRABU,Independent,190,1,191,0.05,19/19,11:27 PM,04/05/2026,9,MADAVARAM,Independent,10,361998,0.05276272244598036
S229,MADAVARAM - 9,V.MURTHY,Independent,188,0,188,0.05,19/19,11:27 PM,04/05/2026,9,MADAVARAM,Independent,11,361998,0.0519339885855723
S229,MADAVARAM - 9,A.NAGARAJAN,Independent,173,4,177,0.05,19/19,11:27 PM,04/05/2026,9,MADAVARAM,Independent,12,361998,0.04889529776407604
S229,MADAVARAM - 9,SUDARSANAM,Independent,155,2,157,0.04,19/19,11:27 PM,04/05/2026,9,MADAVARAM,Independent,13,361998,0.043370405361355585
S229,MADAVARAM - 9,C.MOORTHY,Independent,154,0,154,0.04,19/19,11:27 PM,04/05/2026,9,MADAVARAM,Independent,14,361998,0.042541671500947516
S229,MADAVARAM - 9,A.PONNALAGAN,Independent,128,1,129,0.04,19/19,11:27 PM,04/05/2026,9,MADAVARAM,Independent,15,361998,0.03563555599754695
S229,MADAVARAM - 9,R.S.BALAJI,Independent,98,1,99,0.03,19/19,11:27 PM,04/05/2026,9,MADAVARAM,Independent,16,361998,0.02734821739346626
S2210,THIRUVOTTIYUR - 10,SENTHIL KUMAR. N,Tamilaga Vettri Kazhagam,109788,279,110067,53.15,26/26,11:30 PM,04/05/2026,10,THIRUVOTTIYUR,Solo,1,207088,53.14986865487136
S2210,THIRUVOTTIYUR - 10,SUNDARARAJ. L,Communist Party of India (Marxist),56265,238,56503,27.28,26/26,11:30 PM,04/05/2026,10,THIRUVOTTIYUR,INDIA/SPA,2,207088,27.284536042648536
S2210,THIRUVOTTIYUR - 10,KUPPAN. K,All India Anna Dravida Munnetra Kazhagam,28190,130,28320,13.68,26/26,11:30 PM,04/05/2026,10,THIRUVOTTIYUR,NDA,3,207088,13.675345746735687
S2210,THIRUVOTTIYUR - 10,SATHYA. B,Naam Tamilar Katchi,8380,33,8413,4.06,26/26,11:30 PM,04/05/2026,10,THIRUVOTTIYUR,Solo,4,207088,4.062524144325118
S2210,THIRUVOTTIYUR - 10,MICHAELRAJ. M. A,Independent,832,6,838,0.4,26/26,11:30 PM,04/05/2026,10,THIRUVOTTIYUR,Independent,5,207088,0.4046588889747354
S2210,THIRUVOTTIYUR - 10,NOTA,None of the Above,795,10,805,0.39,26/26,11:30 PM,04/05/2026,10,THIRUVOTTIYUR,NOTA/Unaligned,6,207088,0.38872363439697133
S2210,THIRUVOTTIYUR - 10,MAHENDRA KUMAR. D,Bahujan Samaj Party,455,3,458,0.22,26/26,11:30 PM,04/05/2026,10,THIRUVOTTIYUR,Solo,7,207088,0.22116201807927066
S2210,THIRUVOTTIYUR - 10,VIJAY. A,Independent,310,6,316,0.15,26/26,11:30 PM,04/05/2026,10,THIRUVOTTIYUR,Independent,8,207088,0.1525921347446496
S2210,THIRUVOTTIYUR - 10,BALARUBAN,Independent,307,0,307,0.15,26/26,11:30 PM,04/05/2026,10,THIRUVOTTIYUR,Independent,9,207088,0.14824615622344126
S2210,THIRUVOTTIYUR - 10,SASIREKHA. M,Veerath Thiyagi Viswanathadoss Thozhilalarkal Katchi,271,0,271,0.13,26/26,11:30 PM,04/05/2026,10,THIRUVOTTIYUR,-,10,207088,0.13086224213860775
S2210,THIRUVOTTIYUR - 10,DILLI KUMAR. R,Democratic National Allegiance,198,0,198,0.1,26/26,11:30 PM,04/05/2026,10,THIRUVOTTIYUR,-,11,207088,0.09561152746658426
S2210,THIRUVOTTIYUR - 10,VENKATARAMANAN. J,Tamizhaga Vaazhvurimai Katchi,148,1,149,0.07,26/26,11:30 PM,04/05/2026,10,THIRUVOTTIYUR,-,12,207088,0.07195008885111644
S2210,THIRUVOTTIYUR - 10,THANIKASALAM. B,Independent,138,1,139,0.07,26/26,11:30 PM,04/05/2026,10,THIRUVOTTIYUR,Independent,13,207088,0.06712122382755158
S2210,THIRUVOTTIYUR - 10,GOPI. K,Independent,117,0,117,0.06,26/26,11:30 PM,04/05/2026,10,THIRUVOTTIYUR,Independent,14,207088,0.05649772077570888
S2210,THIRUVOTTIYUR - 10,JANAGARAJ,Independent,109,1,110,0.05,26/26,11:30 PM,04/05/2026,10,THIRUVOTTIYUR,Independent,15,207088,0.053117515259213474
S2210,THIRUVOTTIYUR - 10,ARAVIND. R,Independent,72,5,77,0.04,26/26,11:30 PM,04/05/2026,10,THIRUVOTTIYUR,Independent,16,207088,0.03718226068144943
S2211,DR.RADHAKRISHNAN NAGAR - 11,N. MARIE WILSON,Tamilaga Vettri Kazhagam,97529,271,97800,53.97,18/18,11:27 PM,04/05/2026,11,DR.RADHAKRISHNAN NAGAR,Solo,1,181206,53.97172279063607
S2211,DR.RADHAKRISHNAN NAGAR - 11,J. JOHN EBENEZER,Dravida Munnetra Kazhagam,47907,225,48132,26.56,18/18,11:27 PM,04/05/2026,11,DR.RADHAKRISHNAN NAGAR,INDIA/SPA,2,181206,26.562034369722856
S2211,DR.RADHAKRISHNAN NAGAR - 11,R.S.RAAJESH,All India Anna Dravida Munnetra Kazhagam,26754,138,26892,14.84,18/18,11:27 PM,04/05/2026,11,DR.RADHAKRISHNAN NAGAR,NDA,3,181206,14.840568193106188
S2211,DR.RADHAKRISHNAN NAGAR - 11,VENNILA.T,Naam Tamilar Katchi,5330,34,5364,2.96,18/18,11:27 PM,04/05/2026,11,DR.RADHAKRISHNAN NAGAR,Solo,4,181206,2.960166881891328
S2211,DR.RADHAKRISHNAN NAGAR - 11,NOTA,None of the Above,561,0,561,0.31,18/18,11:27 PM,04/05/2026,11,DR.RADHAKRISHNAN NAGAR,NOTA/Unaligned,5,181206,0.3095923976027284
S2211,DR.RADHAKRISHNAN NAGAR - 11,B.NAVIN,Tamizhaga Vaazhvurimai Katchi,337,1,338,0.19,18/18,11:27 PM,04/05/2026,11,DR.RADHAKRISHNAN NAGAR,-,6,181206,0.18652803991037825
S2211,DR.RADHAKRISHNAN NAGAR - 11,E. RAAMADASAN,Makkal Nalvaazhvuk Katchi,236,0,236,0.13,18/18,11:27 PM,04/05/2026,11,DR.RADHAKRISHNAN NAGAR,-,7,181206,0.13023851307351852
S2211,DR.RADHAKRISHNAN NAGAR - 11,D.PRABHU,Independent,210,1,211,0.12,18/18,11:27 PM,04/05/2026,11,DR.RADHAKRISHNAN NAGAR,Independent,8,181206,0.11644206041742547
S2211,DR.RADHAKRISHNAN NAGAR - 11,A.MOHANRAJ,Socialist Unity Centre Of India (COMMUNIST),178,1,179,0.1,18/18,11:27 PM,04/05/2026,11,DR.RADHAKRISHNAN NAGAR,-,9,181206,0.09878260101762634
S2211,DR.RADHAKRISHNAN NAGAR - 11,J.SARAVANAKUMAR,Independent,149,0,149,0.08,18/18,11:27 PM,04/05/2026,11,DR.RADHAKRISHNAN NAGAR,Independent,10,181206,0.08222685783031466
S2211,DR.RADHAKRISHNAN NAGAR - 11,M. SATHISH,Independent,112,0,112,0.06,18/18,11:27 PM,04/05/2026,11,DR.RADHAKRISHNAN NAGAR,Independent,11,181206,0.06180810789929693
S2211,DR.RADHAKRISHNAN NAGAR - 11,K. MURALI,Independent,91,0,91,0.05,18/18,11:27 PM,04/05/2026,11,DR.RADHAKRISHNAN NAGAR,Independent,12,181206,0.05021908766817876
S2211,DR.RADHAKRISHNAN NAGAR - 11,V.SUDHAKAR,Independent,86,0,86,0.05,18/18,11:27 PM,04/05/2026,11,DR.RADHAKRISHNAN NAGAR,Independent,13,181206,0.04745979713696014
S2211,DR.RADHAKRISHNAN NAGAR - 11,A.VIJAY,Independent,71,0,71,0.04,18/18,11:27 PM,04/05/2026,11,DR.RADHAKRISHNAN NAGAR,Independent,14,181206,0.039181925543304304
S2211,DR.RADHAKRISHNAN NAGAR - 11,C. RAJAMANICKAM,Independent,65,0,65,0.04,18/18,11:27 PM,04/05/2026,11,DR.RADHAKRISHNAN NAGAR,Independent,15,181206,0.03587077690584197
S2211,DR.RADHAKRISHNAN NAGAR - 11,G. VIJAY,Independent,58,0,58,0.03,18/18,11:27 PM,04/05/2026,11,DR.RADHAKRISHNAN NAGAR,Independent,16,181206,0.032007770162135914
S2211,DR.RADHAKRISHNAN NAGAR - 11,L.SARAVANAN,Independent,54,0,54,0.03,18/18,11:27 PM,04/05/2026,11,DR.RADHAKRISHNAN NAGAR,Independent,17,181206,0.029800337737161023
S2211,DR.RADHAKRISHNAN NAGAR - 11,G. BOTHI RAJAN,Independent,53,1,54,0.03,18/18,11:27 PM,04/05/2026,11,DR.RADHAKRISHNAN NAGAR,Independent,18,181206,0.029800337737161023
S2211,DR.RADHAKRISHNAN NAGAR - 11,CHANDRASEKAR,Tamizhaga Murpokku Makkal Katchi,47,0,47,0.03,18/18,11:27 PM,04/05/2026,11,DR.RADHAKRISHNAN NAGAR,-,19,181206,0.025937330993454962
S2211,DR.RADHAKRISHNAN NAGAR - 11,MANIKANDAN.H,Independent,46,1,47,0.03,18/18,11:27 PM,04/05/2026,11,DR.RADHAKRISHNAN NAGAR,Independent,20,181206,0.025937330993454962
S2211,DR.RADHAKRISHNAN NAGAR - 11,J.MURALI KRISHNAN,Independent,47,0,47,0.03,18/18,11:27 PM,04/05/2026,11,DR.RADHAKRISHNAN NAGAR,Independent,21,181206,0.025937330993454962
S2211,DR.RADHAKRISHNAN NAGAR - 11,D.KARTHIKEYAN,Samata Party,44,0,44,0.02,18/18,11:27 PM,04/05/2026,11,DR.RADHAKRISHNAN NAGAR,-,22,181206,0.024281756674723796
S2211,DR.RADHAKRISHNAN NAGAR - 11,R.ETHIRAJ,Independent,44,0,44,0.02,18/18,11:27 PM,04/05/2026,11,DR.RADHAKRISHNAN NAGAR,Independent,23,181206,0.024281756674723796
S2211,DR.RADHAKRISHNAN NAGAR - 11,C.JANARTHANAN,Independent,42,0,42,0.02,18/18,11:27 PM,04/05/2026,11,DR.RADHAKRISHNAN NAGAR,Independent,24,181206,0.02317804046223635
S2211,DR.RADHAKRISHNAN NAGAR - 11,A. USHA,Independent,41,0,41,0.02,18/18,11:27 PM,04/05/2026,11,DR.RADHAKRISHNAN NAGAR,Independent,25,181206,0.022626182355992626
S2211,DR.RADHAKRISHNAN NAGAR - 11,V.SHANKAR,Independent,40,0,40,0.02,18/18,11:27 PM,04/05/2026,11,DR.RADHAKRISHNAN NAGAR,Independent,26,181206,0.022074324249748905
S2211,DR.RADHAKRISHNAN NAGAR - 11,R.DEVAKUMAR,Independent,39,1,40,0.02,18/18,11:27 PM,04/05/2026,11,DR.RADHAKRISHNAN NAGAR,Independent,27,181206,0.022074324249748905
S2211,DR.RADHAKRISHNAN NAGAR - 11,R. MUTHU CHELLA BHARATHI,Independent,39,0,39,0.02,18/18,11:27 PM,04/05/2026,11,DR.RADHAKRISHNAN NAGAR,Independent,28,181206,0.02152246614350518
S2211,DR.RADHAKRISHNAN NAGAR - 11,D. JANARTHANAN,Independent,37,0,37,0.02,18/18,11:27 PM,04/05/2026,11,DR.RADHAKRISHNAN NAGAR,Independent,29,181206,0.020418749931017735
S2211,DR.RADHAKRISHNAN NAGAR - 11,R.TAMILARASAN,Independent,36,0,36,0.02,18/18,11:27 PM,04/05/2026,11,DR.RADHAKRISHNAN NAGAR,Independent,30,181206,0.019866891824774014
S2211,DR.RADHAKRISHNAN NAGAR - 11,V. MADHAN MOHAN,Independent,35,0,35,0.02,18/18,11:27 PM,04/05/2026,11,DR.RADHAKRISHNAN NAGAR,Independent,31,181206,0.019315033718530293
S2211,DR.RADHAKRISHNAN NAGAR - 11,P. MARIMUTHU,Independent,35,0,35,0.02,18/18,11:27 PM,04/05/2026,11,DR.RADHAKRISHNAN NAGAR,Independent,32,181206,0.019315033718530293
S2211,DR.RADHAKRISHNAN NAGAR - 11,D. AJITH KUMAR,Independent,31,1,32,0.02,18/18,11:27 PM,04/05/2026,11,DR.RADHAKRISHNAN NAGAR,Independent,33,181206,0.017659459399799123
S2211,DR.RADHAKRISHNAN NAGAR - 11,AMUDHA.N,Independent,30,0,30,0.02,18/18,11:27 PM,04/05/2026,11,DR.RADHAKRISHNAN NAGAR,Independent,34,181206,0.016555743187311678
S2211,DR.RADHAKRISHNAN NAGAR - 11,J.VIJAYAN,Independent,25,1,26,0.01,18/18,11:27 PM,04/05/2026,11,DR.RADHAKRISHNAN NAGAR,Independent,35,181206,0.014348310762336789
S2211,DR.RADHAKRISHNAN NAGAR - 11,K. SUJITH,Independent,25,0,25,0.01,18/18,11:27 PM,04/05/2026,11,DR.RADHAKRISHNAN NAGAR,Independent,36,181206,0.013796452656093066
S2211,DR.RADHAKRISHNAN NAGAR - 11,TAMILSELVAN,Independent,25,0,25,0.01,18/18,11:27 PM,04/05/2026,11,DR.RADHAKRISHNAN NAGAR,Independent,37,181206,0.013796452656093066
S2211,DR.RADHAKRISHNAN NAGAR - 11,S.EMMANUVEL,Independent,24,0,24,0.01,18/18,11:27 PM,04/05/2026,11,DR.RADHAKRISHNAN NAGAR,Independent,38,181206,0.013244594549849343
S2211,DR.RADHAKRISHNAN NAGAR - 11,G. MADHAN KUMAR,Independent,17,0,17,0.01,18/18,11:27 PM,04/05/2026,11,DR.RADHAKRISHNAN NAGAR,Independent,39,181206,0.009381587806143284
S2212,PERAMBUR - 12,C. JOSEPH VIJAY,Tamilaga Vettri Kazhagam,119785,580,120365,58.89,23/23,11:30 PM,04/05/2026,12,PERAMBUR,Solo,1,204384,58.8915962110537
S2212,PERAMBUR - 12,R.D. SHEKAR,Dravida Munnetra Kazhagam,66080,570,66650,32.61,23/23,11:30 PM,04/05/2026,12,PERAMBUR,INDIA/SPA,2,204384,32.610184750273994
S2212,PERAMBUR - 12,M. THILAGABAMA,Pattali Makkal Katchi,8471,90,8561,4.19,23/23,11:30 PM,04/05/2026,12,PERAMBUR,NDA,3,204384,4.1886840457178645
S2212,PERAMBUR - 12,S. VETRI THAMIZHAN,Naam Tamilar Katchi,5080,34,5114,2.5,23/23,11:30 PM,04/05/2026,12,PERAMBUR,Solo,4,204384,2.502152810396117
S2212,PERAMBUR - 12,NOTA,None of the Above,598,3,601,0.29,23/23,11:30 PM,04/05/2026,12,PERAMBUR,NOTA/Unaligned,5,204384,0.29405432910599655
S2212,PERAMBUR - 12,A. RAJARAM,Republican Party of India (Athawale),255,1,256,0.13,23/23,11:30 PM,04/05/2026,12,PERAMBUR,-,6,204384,0.12525442304681383
S2212,PERAMBUR - 12,G. RUTHRA KUMAR,Independent,235,3,238,0.12,23/23,11:30 PM,04/05/2026,12,PERAMBUR,Independent,7,204384,0.11644747142633474
S2212,PERAMBUR - 12,AGNI AALVAR,Independent,227,3,230,0.11,23/23,11:30 PM,04/05/2026,12,PERAMBUR,Independent,8,204384,0.1125332707061218
S2212,PERAMBUR - 12,VIJAY,All India Jananayaka Makkal Kazhagam,207,9,216,0.11,23/23,11:30 PM,04/05/2026,12,PERAMBUR,-,9,204384,0.10568341944574917
S2212,PERAMBUR - 12,VETRI VEL SELVAM,Bahujan Samaj Party,172,2,174,0.09,23/23,11:30 PM,04/05/2026,12,PERAMBUR,Solo,10,204384,0.08513386566463128
S2212,PERAMBUR - 12,V. RAJI,Independent,141,7,148,0.07,23/23,11:30 PM,04/05/2026,12,PERAMBUR,Independent,11,204384,0.07241271332393925
S2212,PERAMBUR - 12,BOWDHARAJ,Independent,118,0,118,0.06,23/23,11:30 PM,04/05/2026,12,PERAMBUR,Independent,12,204384,0.057734460623140756
S2212,PERAMBUR - 12,J. SEBASTIN,Socialist Unity Centre Of India (COMMUNIST),100,1,101,0.05,23/23,11:30 PM,04/05/2026,12,PERAMBUR,-,13,204384,0.04941678409268827
S2212,PERAMBUR - 12,D.V. VENUGOPAL,Tamizhaga Vaazhvurimai Katchi,97,1,98,0.05,23/23,11:30 PM,04/05/2026,12,PERAMBUR,-,14,204384,0.047948958822608426
S2212,PERAMBUR - 12,DR.D. MADAN,Independent,95,0,95,0.05,23/23,11:30 PM,04/05/2026,12,PERAMBUR,Independent,15,204384,0.04648113355252857
S2212,PERAMBUR - 12,K.M. DEVAN,Makkal Murasu Katchi,94,0,94,0.05,23/23,11:30 PM,04/05/2026,12,PERAMBUR,-,16,204384,0.04599185846250196
S2212,PERAMBUR - 12,B. BALAJI,Independent,93,0,93,0.05,23/23,11:30 PM,04/05/2026,12,PERAMBUR,Independent,17,204384,0.04550258337247534
S2212,PERAMBUR - 12,VIJAY. G,Independent,89,1,90,0.04,23/23,11:30 PM,04/05/2026,12,PERAMBUR,Independent,18,204384,0.04403475810239549
S2212,PERAMBUR - 12,AZARUTHEEN.M,Independent,78,0,78,0.04,23/23,11:30 PM,04/05/2026,12,PERAMBUR,Independent,19,204384,0.03816345702207609
S2212,PERAMBUR - 12,P. THANGAMANI,Independent,78,0,78,0.04,23/23,11:30 PM,04/05/2026,12,PERAMBUR,Independent,20,204384,0.03816345702207609
S2212,PERAMBUR - 12,S. JOSEPH,Independent,77,0,77,0.04,23/23,11:30 PM,04/05/2026,12,PERAMBUR,Independent,21,204384,0.03767418193204947
S2212,PERAMBUR - 12,ASHLIN BELMEN .A.S,Tamilnadu Mahatma Gandhi Makkal Katchi,70,1,71,0.03,23/23,11:30 PM,04/05/2026,12,PERAMBUR,-,22,204384,0.034738531391889774
S2212,PERAMBUR - 12,NIVETHA,Independent,70,0,70,0.03,23/23,11:30 PM,04/05/2026,12,PERAMBUR,Independent,23,204384,0.03424925630186316
S2212,PERAMBUR - 12,P. PONRAJ,Independent,62,1,63,0.03,23/23,11:30 PM,04/05/2026,12,PERAMBUR,Independent,24,204384,0.030824330671676843
S2212,PERAMBUR - 12,DR.G. MOORTHY,Independent,52,1,53,0.03,23/23,11:30 PM,04/05/2026,12,PERAMBUR,Independent,25,204384,0.025931579771410678
S2212,PERAMBUR - 12,R. JAYASEELAN,Independent,51,0,51,0.02,23/23,11:30 PM,04/05/2026,12,PERAMBUR,Independent,26,204384,0.024953029591357444
S2212,PERAMBUR - 12,M. GEETA,Thakkam Katchi,47,0,47,0.02,23/23,11:30 PM,04/05/2026,12,PERAMBUR,-,27,204384,0.02299592923125098
S2212,PERAMBUR - 12,S. SURESHKUMAR,Makkalatchi Katchi,45,1,46,0.02,23/23,11:30 PM,04/05/2026,12,PERAMBUR,-,28,204384,0.022506654141224363
S2212,PERAMBUR - 12,M. JOSEPH,Independent,43,0,43,0.02,23/23,11:30 PM,04/05/2026,12,PERAMBUR,Independent,29,204384,0.021038828871144513
S2212,PERAMBUR - 12,M. KADHIRAVAN,Independent,41,0,41,0.02,23/23,11:30 PM,04/05/2026,12,PERAMBUR,Independent,30,204384,0.02006027869109128
S2212,PERAMBUR - 12,DR.R. SARAVANA PERUMAL,Makkal Nalvaazhvuk Katchi,39,0,39,0.02,23/23,11:30 PM,04/05/2026,12,PERAMBUR,-,31,204384,0.019081728511038044
S2212,PERAMBUR - 12,M.I. THAHIRA BANU,Independent,32,1,33,0.02,23/23,11:30 PM,04/05/2026,12,PERAMBUR,Independent,32,204384,0.016146077970878348
S2212,PERAMBUR - 12,S. MALATHI,Veerath Thiyagi Viswanathadoss Thozhilalarkal Katchi,32,0,32,0.02,23/23,11:30 PM,04/05/2026,12,PERAMBUR,-,33,204384,0.01565680288085173
S2212,PERAMBUR - 12,AMALA.R,Independent,31,1,32,0.02,23/23,11:30 PM,04/05/2026,12,PERAMBUR,Independent,34,204384,0.01565680288085173
S2212,PERAMBUR - 12,REEGAN PRABHU,Independent,31,0,31,0.02,23/23,11:30 PM,04/05/2026,12,PERAMBUR,Independent,35,204384,0.015167527790825114
S2212,PERAMBUR - 12,SIVAKUMAR.V,Tamil Telugu National Party,30,0,30,0.01,23/23,11:30 PM,04/05/2026,12,PERAMBUR,-,36,204384,0.014678252700798497
S2212,PERAMBUR - 12,H. DHANASEKAR,Independent,28,0,28,0.01,23/23,11:30 PM,04/05/2026,12,PERAMBUR,Independent,37,204384,0.013699702520745264
S2212,PERAMBUR - 12,B. VENKATESAN,Independent,26,0,26,0.01,23/23,11:30 PM,04/05/2026,12,PERAMBUR,Independent,38,204384,0.012721152340692031
S2212,PERAMBUR - 12,S. MICHAEL,Independent,24,0,24,0.01,23/23,11:30 PM,04/05/2026,12,PERAMBUR,Independent,39,204384,0.011742602160638797
S2212,PERAMBUR - 12,S. RAJESH KUMAR,Independent,21,0,21,0.01,23/23,11:30 PM,04/05/2026,12,PERAMBUR,Independent,40,204384,0.010274776890558947
S2212,PERAMBUR - 12,B. SATHISH KUMAR,Independent,19,0,19,0.01,23/23,11:30 PM,04/05/2026,12,PERAMBUR,Independent,41,204384,0.009296226710505714
S2212,PERAMBUR - 12,SATHISH.B,Independent,19,0,19,0.01,23/23,11:30 PM,04/05/2026,12,PERAMBUR,Independent,42,204384,0.009296226710505714
S2212,PERAMBUR - 12,P. GUNASEKAR,Independent,18,0,18,0.01,23/23,11:30 PM,04/05/2026,12,PERAMBUR,Independent,43,204384,0.008806951620479099
S2212,PERAMBUR - 12,S. RAMESH,Independent,17,0,17,0.01,23/23,11:30 PM,04/05/2026,12,PERAMBUR,Independent,44,204384,0.008317676530452482
S2212,PERAMBUR - 12,E. UDHAYA KUMAR,Independent,15,1,16,0.01,23/23,11:30 PM,04/05/2026,12,PERAMBUR,Independent,45,204384,0.007828401440425865
S2212,PERAMBUR - 12,P. ESAKKI MUTHU,Independent,14,0,14,0.01,23/23,11:30 PM,04/05/2026,12,PERAMBUR,Independent,46,204384,0.006849851260372632
S2212,PERAMBUR - 12,S. VISHNU VARTHAN,Independent,13,0,13,0.01,23/23,11:30 PM,04/05/2026,12,PERAMBUR,Independent,47,204384,0.006360576170346016
S2212,PERAMBUR - 12,M. TAMILSELVAM,Independent,12,0,12,0.01,23/23,11:30 PM,04/05/2026,12,PERAMBUR,Independent,48,204384,0.0058713010803193985
S2213,KOLATHUR - 13,V. S. BABU,Tamilaga Vettri Kazhagam,82614,383,82997,45.09,22/22,11:27 PM,04/05/2026,13,KOLATHUR,Solo,1,184051,45.09456618002619
S2213,KOLATHUR - 13,M. K. STALIN,Dravida Munnetra Kazhagam,73220,982,74202,40.32,22/22,11:27 PM,04/05/2026,13,KOLATHUR,INDIA/SPA,2,184051,40.315999369739906
S2213,KOLATHUR - 13,P. SANTHANA KRISHNAN,All India Anna Dravida Munnetra Kazhagam,18215,215,18430,10.01,22/22,11:27 PM,04/05/2026,13,KOLATHUR,NDA,3,184051,10.013528858848906
S2213,KOLATHUR - 13,SOUNDARA PANDIAN LUDER SETH,Naam Tamilar Katchi,5012,34,5046,2.74,22/22,11:27 PM,04/05/2026,13,KOLATHUR,Solo,4,184051,2.741631395645772
S2213,KOLATHUR - 13,NOTA,None of the Above,882,10,892,0.48,22/22,11:27 PM,04/05/2026,13,KOLATHUR,NOTA/Unaligned,5,184051,0.4846482768363117
S2213,KOLATHUR - 13,S.Y. SYED YUSUF,Republican Party of India (Athawale),476,8,484,0.26,22/22,11:27 PM,04/05/2026,13,KOLATHUR,-,6,184051,0.2629705896735144
S2213,KOLATHUR - 13,SUBASHINI,Bahujan Samaj Party,226,10,236,0.13,22/22,11:27 PM,04/05/2026,13,KOLATHUR,Solo,7,184051,0.128225328849069
S2213,KOLATHUR - 13,AATHITHYA,Samata Party,180,1,181,0.1,22/22,11:27 PM,04/05/2026,13,KOLATHUR,-,8,184051,0.09834230729526056
S2213,KOLATHUR - 13,R. RAJ GURU,Independent,152,1,153,0.08,22/22,11:27 PM,04/05/2026,13,KOLATHUR,Independent,9,184051,0.08312913268604898
S2213,KOLATHUR - 13,R. SENTHIL KUMAR,Independent,123,2,125,0.07,22/22,11:27 PM,04/05/2026,13,KOLATHUR,Independent,10,184051,0.0679159580768374
S2213,KOLATHUR - 13,SELVI STEFFI. V. M,Independent,120,2,122,0.07,22/22,11:27 PM,04/05/2026,13,KOLATHUR,Independent,11,184051,0.0662859750829933
S2213,KOLATHUR - 13,OORMILA,Tamizhaga Vaazhvurimai Katchi,104,1,105,0.06,22/22,11:27 PM,04/05/2026,13,KOLATHUR,-,12,184051,0.057049404784543414
S2213,KOLATHUR - 13,J. SURIYA MUTHU,Independent,83,1,84,0.05,22/22,11:27 PM,04/05/2026,13,KOLATHUR,Independent,13,184051,0.04563952382763473
S2213,KOLATHUR - 13,NANDA KUMAR,Independent,79,0,79,0.04,22/22,11:27 PM,04/05/2026,13,KOLATHUR,Independent,14,184051,0.042922885504561234
S2213,KOLATHUR - 13,A. L. NARESH KUMAR,Independent,74,0,74,0.04,22/22,11:27 PM,04/05/2026,13,KOLATHUR,Independent,15,184051,0.04020624718148774
S2213,KOLATHUR - 13,M. RAJESHKUMAR,Independent,72,1,73,0.04,22/22,11:27 PM,04/05/2026,13,KOLATHUR,Independent,16,184051,0.03966291951687304
S2213,KOLATHUR - 13,R. MAHESH,Independent,64,0,64,0.03,22/22,11:27 PM,04/05/2026,13,KOLATHUR,Independent,17,184051,0.03477297053534075
S2213,KOLATHUR - 13,M. POORNIMA,Independent,55,1,56,0.03,22/22,11:27 PM,04/05/2026,13,KOLATHUR,Independent,18,184051,0.030426349218423153
S2213,KOLATHUR - 13,P. MILANY,Independent,56,0,56,0.03,22/22,11:27 PM,04/05/2026,13,KOLATHUR,Independent,19,184051,0.030426349218423153
S2213,KOLATHUR - 13,ARUL DOSS. A.,Independent,53,2,55,0.03,22/22,11:27 PM,04/05/2026,13,KOLATHUR,Independent,20,184051,0.029883021553808457
S2213,KOLATHUR - 13,VIGIRDHAN,Independent,53,0,53,0.03,22/22,11:27 PM,04/05/2026,13,KOLATHUR,Independent,21,184051,0.028796366224579057
S2213,KOLATHUR - 13,V. NARESH BABU,Independent,52,0,52,0.03,22/22,11:27 PM,04/05/2026,13,KOLATHUR,Independent,22,184051,0.028253038559964357
S2213,KOLATHUR - 13,K. PANNEER SELVAM,Independent,50,0,50,0.03,22/22,11:27 PM,04/05/2026,13,KOLATHUR,Independent,23,184051,0.027166383230734958
S2213,KOLATHUR - 13,E. RAAMADASAN,Makkal Nalvaazhvuk Katchi,49,0,49,0.03,22/22,11:27 PM,04/05/2026,13,KOLATHUR,-,24,184051,0.02662305556612026
S2213,KOLATHUR - 13,KAJA MAIDEEN,Independent,43,0,43,0.02,22/22,11:27 PM,04/05/2026,13,KOLATHUR,Independent,25,184051,0.023363089578432066
S2213,KOLATHUR - 13,S. SHARAN,Independent,34,1,35,0.02,22/22,11:27 PM,04/05/2026,13,KOLATHUR,Independent,26,184051,0.01901646826151447
S2213,KOLATHUR - 13,R. RAVIKUMAR,Independent,33,1,34,0.02,22/22,11:27 PM,04/05/2026,13,KOLATHUR,Independent,27,184051,0.01847314059689977
S2213,KOLATHUR - 13,M. SURESH,Independent,33,0,33,0.02,22/22,11:27 PM,04/05/2026,13,KOLATHUR,Independent,28,184051,0.017929812932285072
S2213,KOLATHUR - 13,V. A. SUDHAKAR,Independent,31,0,31,0.02,22/22,11:27 PM,04/05/2026,13,KOLATHUR,Independent,29,184051,0.016843157603055676
S2213,KOLATHUR - 13,RAJA. G.,Independent,28,0,28,0.02,22/22,11:27 PM,04/05/2026,13,KOLATHUR,Independent,30,184051,0.015213174609211576
S2213,KOLATHUR - 13,SIVAGNANASAM,Desiya Makkal Sakthi Katchi,25,1,26,0.01,22/22,11:27 PM,04/05/2026,13,KOLATHUR,-,31,184051,0.014126519279982179
S2213,KOLATHUR - 13,K. ELUMALAI,Veerath Thiyagi Viswanathadoss Thozhilalarkal Katchi,24,0,24,0.01,22/22,11:27 PM,04/05/2026,13,KOLATHUR,-,32,184051,0.01303986395075278
S2213,KOLATHUR - 13,A. RAJI,Independent,22,1,23,0.01,22/22,11:27 PM,04/05/2026,13,KOLATHUR,Independent,33,184051,0.012496536286138081
S2213,KOLATHUR - 13,FARMER JAYARAMAN. S K J.,Independent,22,0,22,0.01,22/22,11:27 PM,04/05/2026,13,KOLATHUR,Independent,34,184051,0.011953208621523381
S2213,KOLATHUR - 13,R. BALAJI,Independent,21,0,21,0.01,22/22,11:27 PM,04/05/2026,13,KOLATHUR,Independent,35,184051,0.011409880956908683
S2213,KOLATHUR - 13,S. BALACHANDAR,Independent,13,0,13,0.01,22/22,11:27 PM,04/05/2026,13,KOLATHUR,Independent,36,184051,0.007063259639991089
S2214,VILLIVAKKAM - 14,AADHAV ARJUNA,Tamilaga Vettri Kazhagam,66149,296,66445,46.97,19/19,11:30 PM,04/05/2026,14,VILLIVAKKAM,Solo,1,141452,46.97353165738201
S2214,VILLIVAKKAM - 14,KARTHIK MOHAN,Dravida Munnetra Kazhagam,48730,413,49143,34.74,19/19,11:30 PM,04/05/2026,14,VILLIVAKKAM,INDIA/SPA,2,141452,34.7418205468993
S2214,VILLIVAKKAM - 14,VIJAYAKUMAR S.R,All India Anna Dravida Munnetra Kazhagam,19163,175,19338,13.67,19/19,11:30 PM,04/05/2026,14,VILLIVAKKAM,NDA,3,141452,13.671068631055057
S2214,VILLIVAKKAM - 14,ROSHINI S,Naam Tamilar Katchi,4287,23,4310,3.05,19/19,11:30 PM,04/05/2026,14,VILLIVAKKAM,Solo,4,141452,3.046969996889404
S2214,VILLIVAKKAM - 14,NOTA,None of the Above,691,4,695,0.49,19/19,11:30 PM,04/05/2026,14,VILLIVAKKAM,NOTA/Unaligned,5,141452,0.491332748918361
S2214,VILLIVAKKAM - 14,DHAYANIDHI D,Independent,184,0,184,0.13,19/19,11:30 PM,04/05/2026,14,VILLIVAKKAM,Independent,6,141452,0.1300794615841416
S2214,VILLIVAKKAM - 14,ABDUL SHABEEK A,Tamizhaga Vaazhvurimai Katchi,147,0,147,0.1,19/19,11:30 PM,04/05/2026,14,VILLIVAKKAM,-,7,141452,0.1039221785482001
S2214,VILLIVAKKAM - 14,AJITHKUMAR A,Thakkam Katchi,146,1,147,0.1,19/19,11:30 PM,04/05/2026,14,VILLIVAKKAM,-,8,141452,0.1039221785482001
S2214,VILLIVAKKAM - 14,SHANMUGA D,Independent,103,4,107,0.08,19/19,11:30 PM,04/05/2026,14,VILLIVAKKAM,Independent,9,141452,0.07564403472556061
S2214,VILLIVAKKAM - 14,ASHOK KUMAR C.A,Independent,99,0,99,0.07,19/19,11:30 PM,04/05/2026,14,VILLIVAKKAM,Independent,10,141452,0.06998840596103272
S2214,VILLIVAKKAM - 14,MURALI R,Independent,88,0,88,0.06,19/19,11:30 PM,04/05/2026,14,VILLIVAKKAM,Independent,11,141452,0.06221191640980686
S2214,VILLIVAKKAM - 14,SUBRAMANI K,Independent,77,0,77,0.05,19/19,11:30 PM,04/05/2026,14,VILLIVAKKAM,Independent,12,141452,0.054435426858581
S2214,VILLIVAKKAM - 14,KARTHICK P,Independent,69,2,71,0.05,19/19,11:30 PM,04/05/2026,14,VILLIVAKKAM,Independent,13,141452,0.05019370528518508
S2214,VILLIVAKKAM - 14,DEVARAJAN G,Independent,62,0,62,0.04,19/19,11:30 PM,04/05/2026,14,VILLIVAKKAM,Independent,14,141452,0.0438311229250912
S2214,VILLIVAKKAM - 14,KANNAN M,Independent,55,3,58,0.04,19/19,11:30 PM,04/05/2026,14,VILLIVAKKAM,Independent,15,141452,0.04100330854282725
S2214,VILLIVAKKAM - 14,SOLOMON J.R,Independent,50,1,51,0.04,19/19,11:30 PM,04/05/2026,14,VILLIVAKKAM,Independent,16,141452,0.03605463337386534
S2214,VILLIVAKKAM - 14,BALAMURALI G,Independent,50,0,50,0.04,19/19,11:30 PM,04/05/2026,14,VILLIVAKKAM,Independent,17,141452,0.035347679778299355
S2214,VILLIVAKKAM - 14,KARTHICK S,Independent,42,6,48,0.03,19/19,11:30 PM,04/05/2026,14,VILLIVAKKAM,Independent,18,141452,0.03393377258716738
S2214,VILLIVAKKAM - 14,JAYA ZEBA C,Independent,48,0,48,0.03,19/19,11:30 PM,04/05/2026,14,VILLIVAKKAM,Independent,19,141452,0.03393377258716738
S2214,VILLIVAKKAM - 14,VIJAYAKUMAR G,Independent,45,1,46,0.03,19/19,11:30 PM,04/05/2026,14,VILLIVAKKAM,Independent,20,141452,0.0325198653960354
S2214,VILLIVAKKAM - 14,KANDASAMY S,Independent,41,1,42,0.03,19/19,11:30 PM,04/05/2026,14,VILLIVAKKAM,Independent,21,141452,0.029692051013771457
S2214,VILLIVAKKAM - 14,ANBAZHAGAN G,Independent,33,0,33,0.02,19/19,11:30 PM,04/05/2026,14,VILLIVAKKAM,Independent,22,141452,0.023329468653677573
S2214,VILLIVAKKAM - 14,YUVARAJ S,Independent,32,0,32,0.02,19/19,11:30 PM,04/05/2026,14,VILLIVAKKAM,Independent,23,141452,0.022622515058111584
S2214,VILLIVAKKAM - 14,VIJAYAKUMAR D,Independent,30,0,30,0.02,19/19,11:30 PM,04/05/2026,14,VILLIVAKKAM,Independent,24,141452,0.02120860786697961
S2214,VILLIVAKKAM - 14,CHARAVANAN M.P,Independent,27,2,29,0.02,19/19,11:30 PM,04/05/2026,14,VILLIVAKKAM,Independent,25,141452,0.020501654271413625
S2214,VILLIVAKKAM - 14,MURALI VINODH M,Independent,27,1,28,0.02,19/19,11:30 PM,04/05/2026,14,VILLIVAKKAM,Independent,26,141452,0.019794700675847637
S2214,VILLIVAKKAM - 14,MANIMARAN P,Independent,25,0,25,0.02,19/19,11:30 PM,04/05/2026,14,VILLIVAKKAM,Independent,27,141452,0.017673839889149678
S2214,VILLIVAKKAM - 14,PURUSHOTHAMAN P,Independent,10,0,10,0.01,19/19,11:30 PM,04/05/2026,14,VILLIVAKKAM,Independent,28,141452,0.007069535955659871
S2214,VILLIVAKKAM - 14,RAJI M,Independent,9,0,9,0.01,19/19,11:30 PM,04/05/2026,14,VILLIVAKKAM,Independent,29,141452,0.006362582360093884
S2215,THIRU-VI-KA-NAGAR - 15,M. R. PALLAVI,Tamilaga Vettri Kazhagam,68768,357,69125,48.04,17/17,11:30 PM,04/05/2026,15,THIRU-VI-KA-NAGAR,Solo,1,143903,48.03582969083341
S2215,THIRU-VI-KA-NAGAR - 15,K. S. RAVICHANDRAN,Dravida Munnetra Kazhagam,46380,412,46792,32.52,17/17,11:30 PM,04/05/2026,15,THIRU-VI-KA-NAGAR,INDIA/SPA,2,143903,32.51634781762715
S2215,THIRU-VI-KA-NAGAR - 15,PORKODI ARMSTRONG,All India Anna Dravida Munnetra Kazhagam,23080,224,23304,16.19,17/17,11:30 PM,04/05/2026,15,THIRU-VI-KA-NAGAR,NDA,3,143903,16.194241954650007
S2215,THIRU-VI-KA-NAGAR - 15,JAGADESH CHANDER .M,Naam Tamilar Katchi,2637,21,2658,1.85,17/17,11:30 PM,04/05/2026,15,THIRU-VI-KA-NAGAR,Solo,4,143903,1.8470775452909252
S2215,THIRU-VI-KA-NAGAR - 15,NOTA,None of the Above,523,4,527,0.37,17/17,11:30 PM,04/05/2026,15,THIRU-VI-KA-NAGAR,NOTA/Unaligned,5,143903,0.3662189113500066
S2215,THIRU-VI-KA-NAGAR - 15,S JAYAKALPANA,Republican Party of India (Athawale),342,8,350,0.24,17/17,11:30 PM,04/05/2026,15,THIRU-VI-KA-NAGAR,-,6,143903,0.24321939083966282
S2215,THIRU-VI-KA-NAGAR - 15,A. SELVA KUMAR,Thakkam Katchi,170,0,170,0.12,17/17,11:30 PM,04/05/2026,15,THIRU-VI-KA-NAGAR,-,7,143903,0.11813513269355051
S2215,THIRU-VI-KA-NAGAR - 15,PRAKASH ARUNACHALAM,Independent,133,1,134,0.09,17/17,11:30 PM,04/05/2026,15,THIRU-VI-KA-NAGAR,Independent,8,143903,0.09311828106432805
S2215,THIRU-VI-KA-NAGAR - 15,PRASANTH. D,Independent,134,0,134,0.09,17/17,11:30 PM,04/05/2026,15,THIRU-VI-KA-NAGAR,Independent,9,143903,0.09311828106432805
S2215,THIRU-VI-KA-NAGAR - 15,M. LOKESH,Independent,127,0,127,0.09,17/17,11:30 PM,04/05/2026,15,THIRU-VI-KA-NAGAR,Independent,10,143903,0.0882538932475348
S2215,THIRU-VI-KA-NAGAR - 15,C. CHRISTY,All India Puratchi Thalaivar Makkal Munnettra Kazhagam,92,2,94,0.07,17/17,11:30 PM,04/05/2026,15,THIRU-VI-KA-NAGAR,-,11,143903,0.06532177925408088
S2215,THIRU-VI-KA-NAGAR - 15,M. KOLANJI,Independent,77,0,77,0.05,17/17,11:30 PM,04/05/2026,15,THIRU-VI-KA-NAGAR,Independent,12,143903,0.05350826598472582
S2215,THIRU-VI-KA-NAGAR - 15,PRAVEEN THIYAGARAJAN,Independent,70,0,70,0.05,17/17,11:30 PM,04/05/2026,15,THIRU-VI-KA-NAGAR,Independent,13,143903,0.048643878167932565
S2215,THIRU-VI-KA-NAGAR - 15,C. JAGAN MOHAN,Independent,50,1,51,0.04,17/17,11:30 PM,04/05/2026,15,THIRU-VI-KA-NAGAR,Independent,14,143903,0.035440539808065157
S2215,THIRU-VI-KA-NAGAR - 15,S. PARTHIBAN,Independent,44,1,45,0.03,17/17,11:30 PM,04/05/2026,15,THIRU-VI-KA-NAGAR,Independent,15,143903,0.03127106453652808
S2215,THIRU-VI-KA-NAGAR - 15,D. SATHISH KUMAR,Independent,39,1,40,0.03,17/17,11:30 PM,04/05/2026,15,THIRU-VI-KA-NAGAR,Independent,16,143903,0.02779650181024718
S2215,THIRU-VI-KA-NAGAR - 15,S. RAJENDRAN,Independent,38,2,40,0.03,17/17,11:30 PM,04/05/2026,15,THIRU-VI-KA-NAGAR,Independent,17,143903,0.02779650181024718
S2215,THIRU-VI-KA-NAGAR - 15,R. MURUGAN,Independent,32,0,32,0.02,17/17,11:30 PM,04/05/2026,15,THIRU-VI-KA-NAGAR,Independent,18,143903,0.022237201448197744
S2215,THIRU-VI-KA-NAGAR - 15,R. ANANDAN,Independent,28,1,29,0.02,17/17,11:30 PM,04/05/2026,15,THIRU-VI-KA-NAGAR,Independent,19,143903,0.020152463812429206
S2215,THIRU-VI-KA-NAGAR - 15,G. J. DHARANIRAJ,Independent,27,0,27,0.02,17/17,11:30 PM,04/05/2026,15,THIRU-VI-KA-NAGAR,Independent,20,143903,0.018762638721916847
S2215,THIRU-VI-KA-NAGAR - 15,M. KANNADASAN,Independent,20,3,23,0.02,17/17,11:30 PM,04/05/2026,15,THIRU-VI-KA-NAGAR,Independent,21,143903,0.01598298854089213
S2215,THIRU-VI-KA-NAGAR - 15,SATHISH,Independent,19,2,21,0.01,17/17,11:30 PM,04/05/2026,15,THIRU-VI-KA-NAGAR,Independent,22,143903,0.01459316345037977
S2215,THIRU-VI-KA-NAGAR - 15,S. SENTHAMIZHAN,Independent,18,0,18,0.01,17/17,11:30 PM,04/05/2026,15,THIRU-VI-KA-NAGAR,Independent,23,143903,0.012508425814611231
S2215,THIRU-VI-KA-NAGAR - 15,M. MOHAN,Independent,15,0,15,0.01,17/17,11:30 PM,04/05/2026,15,THIRU-VI-KA-NAGAR,Independent,24,143903,0.010423688178842693
S2216,EGMORE - 16,RAJMOHAN,Tamilaga Vettri Kazhagam,53520,381,53901,45.02,15/15,11:27 PM,04/05/2026,16,EGMORE,Solo,1,119738,45.01578446274366
S2216,EGMORE - 16,TAMILAN PRASANNA,Dravida Munnetra Kazhagam,42728,369,43097,35.99,15/15,11:27 PM,04/05/2026,16,EGMORE,INDIA/SPA,2,119738,35.992750839332544
S2216,EGMORE - 16,ABISHEK. R,All India Anna Dravida Munnetra Kazhagam,17976,215,18191,15.19,15/15,11:27 PM,04/05/2026,16,EGMORE,NDA,3,119738,15.192336601580116
S2216,EGMORE - 16,SARANYA IMRAN,Naam Tamilar Katchi,2497,25,2522,2.11,15/15,11:27 PM,04/05/2026,16,EGMORE,Solo,4,119738,2.1062653460054452
S2216,EGMORE - 16,NOTA,None of the Above,692,3,695,0.58,15/15,11:27 PM,04/05/2026,16,EGMORE,NOTA/Unaligned,5,119738,0.5804339474519368
S2216,EGMORE - 16,DR.N. GUNASEKAR,Republican Party of India (Athawale),204,5,209,0.17,15/15,11:27 PM,04/05/2026,16,EGMORE,-,6,119738,0.17454776261504285
S2216,EGMORE - 16,G.R. RAJENDRAN,National Maha Sabha Party,169,4,173,0.14,15/15,11:27 PM,04/05/2026,16,EGMORE,-,7,119738,0.14448211929379146
S2216,EGMORE - 16,S. VINOTH KUMAR,Independent,153,2,155,0.13,15/15,11:27 PM,04/05/2026,16,EGMORE,Independent,8,119738,0.12944929763316573
S2216,EGMORE - 16,ARUN RAO. N.A,Naam Indiar Party,152,0,152,0.13,15/15,11:27 PM,04/05/2026,16,EGMORE,-,9,119738,0.12694382735639478
S2216,EGMORE - 16,D. THIRUNAVUKKARASAR,Tamizhaga Vaazhvurimai Katchi,109,2,111,0.09,15/15,11:27 PM,04/05/2026,16,EGMORE,-,10,119738,0.09270240024052515
S2216,EGMORE - 16,T. MAGIZHANBAN,All India Puratchi Thalaivar Makkal Munnettra Kazhagam,97,2,99,0.08,15/15,11:27 PM,04/05/2026,16,EGMORE,-,11,119738,0.08268051913344135
S2216,EGMORE - 16,RAJMOHAN,Independent,88,4,92,0.08,15/15,11:27 PM,04/05/2026,16,EGMORE,Independent,12,119738,0.0768344218209758
S2216,EGMORE - 16,ARAVINDAN,Independent,65,0,65,0.05,15/15,11:27 PM,04/05/2026,16,EGMORE,Independent,13,119738,0.054285189330037245
S2216,EGMORE - 16,VENKATESH. K,Independent,60,0,60,0.05,15/15,11:27 PM,04/05/2026,16,EGMORE,Independent,14,119738,0.050109405535419
S2216,EGMORE - 16,M. NAGARAJAN,Independent,54,0,54,0.05,15/15,11:27 PM,04/05/2026,16,EGMORE,Independent,15,119738,0.0450984649818771
S2216,EGMORE - 16,S. PICHAMUTHU,Independent,51,0,51,0.04,15/15,11:27 PM,04/05/2026,16,EGMORE,Independent,16,119738,0.04259299470510615
S2216,EGMORE - 16,RAJKUMAR,Independent,44,0,44,0.04,15/15,11:27 PM,04/05/2026,16,EGMORE,Independent,17,119738,0.0367468973926406
S2216,EGMORE - 16,R. KUMARAVEL,Independent,41,0,41,0.03,15/15,11:27 PM,04/05/2026,16,EGMORE,Independent,18,119738,0.03424142711586965
S2216,EGMORE - 16,SRIDHAR. M,Independent,26,0,26,0.02,15/15,11:27 PM,04/05/2026,16,EGMORE,Independent,19,119738,0.0217140757320149
S2217,ROYAPURAM - 17,K.V. VIJAY DAMU,Tamilaga Vettri Kazhagam,58710,381,59091,46.4,15/15,11:30 PM,04/05/2026,17,ROYAPURAM,Solo,1,127356,46.39828512202016
S2217,ROYAPURAM - 17,DR. A. SUBAIR KHAN,Dravida Munnetra Kazhagam,44514,328,44842,35.21,15/15,11:30 PM,04/05/2026,17,ROYAPURAM,INDIA/SPA,2,127356,35.209962624454285
S2217,ROYAPURAM - 17,D. JAYAKUMAR,All India Anna Dravida Munnetra Kazhagam,18170,250,18420,14.46,15/15,11:30 PM,04/05/2026,17,ROYAPURAM,NDA,3,127356,14.463393950815037
S2217,ROYAPURAM - 17,A. BABU MAILAN,Naam Tamilar Katchi,2918,29,2947,2.31,15/15,11:30 PM,04/05/2026,17,ROYAPURAM,Solo,4,127356,2.3139859920223627
S2217,ROYAPURAM - 17,NOTA,None of the Above,451,8,459,0.36,15/15,11:30 PM,04/05/2026,17,ROYAPURAM,NOTA/Unaligned,5,127356,0.360407047960049
S2217,ROYAPURAM - 17,M. JAYARAJKUMAR,Bahujan Samaj Party,219,3,222,0.17,15/15,11:30 PM,04/05/2026,17,ROYAPURAM,Solo,6,127356,0.1743145199283897
S2217,ROYAPURAM - 17,M DHINAKARAN,Independent,216,0,216,0.17,15/15,11:30 PM,04/05/2026,17,ROYAPURAM,Independent,7,127356,0.16960331668708187
S2217,ROYAPURAM - 17,R. VINOTHKUMAR,Naam Indiar Party,149,0,149,0.12,15/15,11:30 PM,04/05/2026,17,ROYAPURAM,-,8,127356,0.11699488049247778
S2217,ROYAPURAM - 17,R. RAJKUMAR,Independent,99,0,99,0.08,15/15,11:30 PM,04/05/2026,17,ROYAPURAM,Independent,9,127356,0.0777348534815792
S2217,ROYAPURAM - 17,J. SELVAKUMAR,Independent,83,1,84,0.07,15/15,11:30 PM,04/05/2026,17,ROYAPURAM,Independent,10,127356,0.06595684537830962
S2217,ROYAPURAM - 17,M. RAJKUMAR,Tamizhaga Vaazhvurimai Katchi,83,0,83,0.07,15/15,11:30 PM,04/05/2026,17,ROYAPURAM,-,11,127356,0.06517164483809165
S2217,ROYAPURAM - 17,D. JAYAKUMAR,Independent,75,1,76,0.06,15/15,11:30 PM,04/05/2026,17,ROYAPURAM,Independent,12,127356,0.059675241056565846
S2217,ROYAPURAM - 17,T. KAVIYARASU,Independent,64,0,64,0.05,15/15,11:30 PM,04/05/2026,17,ROYAPURAM,Independent,13,127356,0.05025283457395019
S2217,ROYAPURAM - 17,A. SATHIK KUMAR,Democratic National Allegiance,61,2,63,0.05,15/15,11:30 PM,04/05/2026,17,ROYAPURAM,-,14,127356,0.049467634033732215
S2217,ROYAPURAM - 17,V. BHAGATH SINGH,Independent,62,0,62,0.05,15/15,11:30 PM,04/05/2026,17,ROYAPURAM,Independent,15,127356,0.04868243349351424
S2217,ROYAPURAM - 17,T. RAJESH,Independent,52,0,52,0.04,15/15,11:30 PM,04/05/2026,17,ROYAPURAM,Independent,16,127356,0.040830428091334525
S2217,ROYAPURAM - 17,P. SUMATHI,Independent,47,2,49,0.04,15/15,11:30 PM,04/05/2026,17,ROYAPURAM,Independent,17,127356,0.03847482647068061
S2217,ROYAPURAM - 17,G. KARTHIKEYAN,Independent,39,1,40,0.03,15/15,11:30 PM,04/05/2026,17,ROYAPURAM,Independent,18,127356,0.03140802160871887
S2217,ROYAPURAM - 17,KERTHIVARUNNAN .R,Independent,37,1,38,0.03,15/15,11:30 PM,04/05/2026,17,ROYAPURAM,Independent,19,127356,0.029837620528282923
S2217,ROYAPURAM - 17,A. SASIKUMAR,Independent,37,0,37,0.03,15/15,11:30 PM,04/05/2026,17,ROYAPURAM,Independent,20,127356,0.029052419988064952
S2217,ROYAPURAM - 17,A. NIZAR AHAMED,Independent,37,0,37,0.03,15/15,11:30 PM,04/05/2026,17,ROYAPURAM,Independent,21,127356,0.029052419988064952
S2217,ROYAPURAM - 17,K. PRASATH,Independent,36,0,36,0.03,15/15,11:30 PM,04/05/2026,17,ROYAPURAM,Independent,22,127356,0.02826721944784698
S2217,ROYAPURAM - 17,A. JAYAKUMAR,Independent,35,0,35,0.03,15/15,11:30 PM,04/05/2026,17,ROYAPURAM,Independent,23,127356,0.027482018907629007
S2217,ROYAPURAM - 17,I JAYAPRAKASH,Independent,34,0,34,0.03,15/15,11:30 PM,04/05/2026,17,ROYAPURAM,Independent,24,127356,0.026696818367411036
S2217,ROYAPURAM - 17,K.J. SIVAKUMAR,Independent,30,1,31,0.02,15/15,11:30 PM,04/05/2026,17,ROYAPURAM,Independent,25,127356,0.02434121674675712
S2217,ROYAPURAM - 17,M. MAHALAKSHMI,Independent,29,1,30,0.02,15/15,11:30 PM,04/05/2026,17,ROYAPURAM,Independent,26,127356,0.02355601620653915
S2217,ROYAPURAM - 17,C. SRIDHAR,Independent,27,0,27,0.02,15/15,11:30 PM,04/05/2026,17,ROYAPURAM,Independent,27,127356,0.021200414585885233
S2217,ROYAPURAM - 17,M. SHANMUGAM,Independent,18,2,20,0.02,15/15,11:30 PM,04/05/2026,17,ROYAPURAM,Independent,28,127356,0.015704010804359434
S2217,ROYAPURAM - 17,S. RAJU,Independent,13,0,13,0.01,15/15,11:30 PM,04/05/2026,17,ROYAPURAM,Independent,29,127356,0.010207607022833631
S2218,HARBOUR - 18,P K SEKARBABU,Dravida Munnetra Kazhagam,45073,181,45254,45.43,14/14,11:27 PM,04/05/2026,18,HARBOUR,INDIA/SPA,1,99622,45.42570918070306
S2218,HARBOUR - 18,SINORA P S ASHOK,Tamilaga Vettri Kazhagam,33426,78,33504,33.63,14/14,11:27 PM,04/05/2026,18,HARBOUR,Solo,2,99622,33.63112565497581
S2218,HARBOUR - 18,R MANOHAR,All India Anna Dravida Munnetra Kazhagam,17191,65,17256,17.32,14/14,11:27 PM,04/05/2026,18,HARBOUR,NDA,3,99622,17.321475176165908
S2218,HARBOUR - 18,R FOUZAN SHARIFF,Naam Tamilar Katchi,1598,9,1607,1.61,14/14,11:27 PM,04/05/2026,18,HARBOUR,Solo,4,99622,1.6130975085824417
S2218,HARBOUR - 18,NOTA,None of the Above,600,0,600,0.6,14/14,11:27 PM,04/05/2026,18,HARBOUR,NOTA/Unaligned,5,99622,0.602276605569051
S2218,HARBOUR - 18,SIVALINGAM ASHOK,Independent,289,2,291,0.29,14/14,11:27 PM,04/05/2026,18,HARBOUR,Independent,6,99622,0.29210415370098974
S2218,HARBOUR - 18,M SURESH,Bahujan Samaj Party,231,1,232,0.23,14/14,11:27 PM,04/05/2026,18,HARBOUR,Solo,7,99622,0.23288028748669973
S2218,HARBOUR - 18,SANKAR A,Independent,197,0,197,0.2,14/14,11:27 PM,04/05/2026,18,HARBOUR,Independent,8,99622,0.19774748549517174
S2218,HARBOUR - 18,BABU SINGH,Independent,108,0,108,0.11,14/14,11:27 PM,04/05/2026,18,HARBOUR,Independent,9,99622,0.10840978900242919
S2218,HARBOUR - 18,ASHOK KUMAR,Independent,76,0,76,0.08,14/14,11:27 PM,04/05/2026,18,HARBOUR,Independent,10,99622,0.07628837003874646
S2218,HARBOUR - 18,G VISU,Independent,73,0,73,0.07,14/14,11:27 PM,04/05/2026,18,HARBOUR,Independent,11,99622,0.07327698701090121
S2218,HARBOUR - 18,S GANESH,Independent,63,2,65,0.07,14/14,11:27 PM,04/05/2026,18,HARBOUR,Independent,12,99622,0.06524663226998052
S2218,HARBOUR - 18,K E MANOHAR,Independent,56,0,56,0.06,14/14,11:27 PM,04/05/2026,18,HARBOUR,Independent,13,99622,0.05621248318644476
S2218,HARBOUR - 18,T VIJAYARAJ,Independent,53,0,53,0.05,14/14,11:27 PM,04/05/2026,18,HARBOUR,Independent,14,99622,0.0532011001585995
S2218,HARBOUR - 18,P VIJAYAKUMAR,Independent,46,0,46,0.05,14/14,11:27 PM,04/05/2026,18,HARBOUR,Independent,15,99622,0.04617453976029391
S2218,HARBOUR - 18,J M NIRAIMOZHI,Independent,34,0,34,0.03,14/14,11:27 PM,04/05/2026,18,HARBOUR,Independent,16,99622,0.03412900764891289
S2218,HARBOUR - 18,A NEPOLIAN,Independent,30,0,30,0.03,14/14,11:27 PM,04/05/2026,18,HARBOUR,Independent,17,99622,0.03011383027845255
S2218,HARBOUR - 18,J SHANMUGAPRIYAN,Independent,28,0,28,0.03,14/14,11:27 PM,04/05/2026,18,HARBOUR,Independent,18,99622,0.02810624159322238
S2218,HARBOUR - 18,V JAGADEESAN,Independent,26,0,26,0.03,14/14,11:27 PM,04/05/2026,18,HARBOUR,Independent,19,99622,0.02609865290799221
S2218,HARBOUR - 18,D KABILAN,Independent,21,1,22,0.02,14/14,11:27 PM,04/05/2026,18,HARBOUR,Independent,20,99622,0.02208347553753187
S2218,HARBOUR - 18,R DINESH,Independent,20,0,20,0.02,14/14,11:27 PM,04/05/2026,18,HARBOUR,Independent,21,99622,0.0200758868523017
S2218,HARBOUR - 18,M KALAIVENTHAN,Independent,18,0,18,0.02,14/14,11:27 PM,04/05/2026,18,HARBOUR,Independent,22,99622,0.01806829816707153
S2218,HARBOUR - 18,S VEERABATHRAN,Independent,16,0,16,0.02,14/14,11:27 PM,04/05/2026,18,HARBOUR,Independent,23,99622,0.01606070948184136
S2218,HARBOUR - 18,I VINOD,Independent,10,0,10,0.01,14/14,11:27 PM,04/05/2026,18,HARBOUR,Independent,24,99622,0.01003794342615085
S2219,CHEPAUK-THIRUVALLIKENI - 19,UDHAYANIDHI STALIN,Dravida Munnetra Kazhagam,62560,432,62992,44.76,17/17,11:27 PM,04/05/2026,19,CHEPAUK-THIRUVALLIKENI,INDIA/SPA,1,140741,44.757391236384564
S2219,CHEPAUK-THIRUVALLIKENI - 19,SELVAM. D,Tamilaga Vettri Kazhagam,55636,216,55852,39.68,17/17,11:27 PM,04/05/2026,19,CHEPAUK-THIRUVALLIKENI,Solo,2,140741,39.684242686921365
S2219,CHEPAUK-THIRUVALLIKENI - 19,AADIRAJARAM,All India Anna Dravida Munnetra Kazhagam,16368,139,16507,11.73,17/17,11:27 PM,04/05/2026,19,CHEPAUK-THIRUVALLIKENI,NDA,3,140741,11.728636289354204
S2219,CHEPAUK-THIRUVALLIKENI - 19,AYSHA,Naam Tamilar Katchi,2959,12,2971,2.11,17/17,11:27 PM,04/05/2026,19,CHEPAUK-THIRUVALLIKENI,Solo,4,140741,2.1109697955819553
S2219,CHEPAUK-THIRUVALLIKENI - 19,NOTA,None of the Above,636,7,643,0.46,17/17,11:27 PM,04/05/2026,19,CHEPAUK-THIRUVALLIKENI,NOTA/Unaligned,5,140741,0.4568675794544589
S2219,CHEPAUK-THIRUVALLIKENI - 19,MOHAMMED YASSER,Bahujan Samaj Party,243,1,244,0.17,17/17,11:27 PM,04/05/2026,19,CHEPAUK-THIRUVALLIKENI,Solo,6,140741,0.173368101690339
S2219,CHEPAUK-THIRUVALLIKENI - 19,AGNI AALVAR,Independent,242,1,243,0.17,17/17,11:27 PM,04/05/2026,19,CHEPAUK-THIRUVALLIKENI,Independent,7,140741,0.17265757668341136
S2219,CHEPAUK-THIRUVALLIKENI - 19,MIRZA SAFDER ALI,Independent,185,0,185,0.13,17/17,11:27 PM,04/05/2026,19,CHEPAUK-THIRUVALLIKENI,Independent,8,140741,0.13144712628160948
S2219,CHEPAUK-THIRUVALLIKENI - 19,RAJESHKUMAR. K,Independent,154,0,154,0.11,17/17,11:27 PM,04/05/2026,19,CHEPAUK-THIRUVALLIKENI,Independent,9,140741,0.1094208510668533
S2219,CHEPAUK-THIRUVALLIKENI - 19,IRFAN BASHA,Tamizhaga Vaazhvurimai Katchi,144,1,145,0.1,17/17,11:27 PM,04/05/2026,19,CHEPAUK-THIRUVALLIKENI,-,10,140741,0.10302612600450473
S2219,CHEPAUK-THIRUVALLIKENI - 19,RAJASEKAR. S,Independent,115,0,115,0.08,17/17,11:27 PM,04/05/2026,19,CHEPAUK-THIRUVALLIKENI,Independent,11,140741,0.08171037579667616
S2219,CHEPAUK-THIRUVALLIKENI - 19,SYEED LAYAK BHASHA,Independent,83,0,83,0.06,17/17,11:27 PM,04/05/2026,19,CHEPAUK-THIRUVALLIKENI,Independent,12,140741,0.05897357557499236
S2219,CHEPAUK-THIRUVALLIKENI - 19,AYISHA,Independent,70,2,72,0.05,17/17,11:27 PM,04/05/2026,19,CHEPAUK-THIRUVALLIKENI,Independent,13,140741,0.051157800498788555
S2219,CHEPAUK-THIRUVALLIKENI - 19,BHARATHKUMAR. G,Independent,69,0,69,0.05,17/17,11:27 PM,04/05/2026,19,CHEPAUK-THIRUVALLIKENI,Independent,14,140741,0.0490262254780057
S2219,CHEPAUK-THIRUVALLIKENI - 19,MOHAMED MEERA. A,Independent,68,0,68,0.05,17/17,11:27 PM,04/05/2026,19,CHEPAUK-THIRUVALLIKENI,Independent,15,140741,0.04831570047107808
S2219,CHEPAUK-THIRUVALLIKENI - 19,SELVAM. K,Independent,42,1,43,0.03,17/17,11:27 PM,04/05/2026,19,CHEPAUK-THIRUVALLIKENI,Independent,16,140741,0.03055257529788761
S2219,CHEPAUK-THIRUVALLIKENI - 19,SAAMY. S.K. DR,Independent,40,0,40,0.03,17/17,11:27 PM,04/05/2026,19,CHEPAUK-THIRUVALLIKENI,Independent,17,140741,0.028421000277104754
S2219,CHEPAUK-THIRUVALLIKENI - 19,MOHAMED DHARIK. I,Independent,38,0,38,0.03,17/17,11:27 PM,04/05/2026,19,CHEPAUK-THIRUVALLIKENI,Independent,18,140741,0.026999950263249514
S2219,CHEPAUK-THIRUVALLIKENI - 19,SELVAM. K,Independent,37,0,37,0.03,17/17,11:27 PM,04/05/2026,19,CHEPAUK-THIRUVALLIKENI,Independent,19,140741,0.026289425256321896
S2219,CHEPAUK-THIRUVALLIKENI - 19,VIJAYA KUMAR. B,Independent,34,0,34,0.02,17/17,11:27 PM,04/05/2026,19,CHEPAUK-THIRUVALLIKENI,Independent,20,140741,0.02415785023553904
S2219,CHEPAUK-THIRUVALLIKENI - 19,KUMAR. M,Independent,29,4,33,0.02,17/17,11:27 PM,04/05/2026,19,CHEPAUK-THIRUVALLIKENI,Independent,21,140741,0.02344732522861142
S2219,CHEPAUK-THIRUVALLIKENI - 19,SELVAM ( ALIAS ) HARINARAYANAN,Independent,33,0,33,0.02,17/17,11:27 PM,04/05/2026,19,CHEPAUK-THIRUVALLIKENI,Independent,22,140741,0.02344732522861142
S2219,CHEPAUK-THIRUVALLIKENI - 19,ATHIMULAM,Independent,30,0,30,0.02,17/17,11:27 PM,04/05/2026,19,CHEPAUK-THIRUVALLIKENI,Independent,23,140741,0.021315750207828565
S2219,CHEPAUK-THIRUVALLIKENI - 19,MILANY. P,Independent,30,0,30,0.02,17/17,11:27 PM,04/05/2026,19,CHEPAUK-THIRUVALLIKENI,Independent,24,140741,0.021315750207828565
S2219,CHEPAUK-THIRUVALLIKENI - 19,SEENIVASAN. L,Independent,27,2,29,0.02,17/17,11:27 PM,04/05/2026,19,CHEPAUK-THIRUVALLIKENI,Independent,25,140741,0.020605225200900947
S2219,CHEPAUK-THIRUVALLIKENI - 19,SELVAM ( ALIAS ) VENKATESH,Independent,26,0,26,0.02,17/17,11:27 PM,04/05/2026,19,CHEPAUK-THIRUVALLIKENI,Independent,26,140741,0.01847365018011809
S2219,CHEPAUK-THIRUVALLIKENI - 19,ARUMUGAM. C,Independent,25,0,25,0.02,17/17,11:27 PM,04/05/2026,19,CHEPAUK-THIRUVALLIKENI,Independent,27,140741,0.01776312517319047
S2220,THOUSAND LIGHTS - 20,PRABHAKAR.J.C.D,Tamilaga Vettri Kazhagam,58545,420,58965,44.73,18/18,11:30 PM,04/05/2026,20,THOUSAND LIGHTS,Solo,1,131824,44.73009467168346
S2220,THOUSAND LIGHTS - 20,EZHILAN NAGANATHAN,Dravida Munnetra Kazhagam,43224,600,43824,33.24,18/18,11:30 PM,04/05/2026,20,THOUSAND LIGHTS,INDIA/SPA,2,131824,33.244325767690256
S2220,THOUSAND LIGHTS - 20,VALARMATHI.B,All India Anna Dravida Munnetra Kazhagam,22971,349,23320,17.69,18/18,11:30 PM,04/05/2026,20,THOUSAND LIGHTS,NDA,3,131824,17.690253671562083
S2220,THOUSAND LIGHTS - 20,KALANCHIYAM.MU,Naam Tamilar Katchi,3680,37,3717,2.82,18/18,11:30 PM,04/05/2026,20,THOUSAND LIGHTS,Solo,4,131824,2.8196686491079013
S2220,THOUSAND LIGHTS - 20,NOTA,None of the Above,800,15,815,0.62,18/18,11:30 PM,04/05/2026,20,THOUSAND LIGHTS,NOTA/Unaligned,5,131824,0.6182485738560505
S2220,THOUSAND LIGHTS - 20,VALARMATHI.E,Independent,233,12,245,0.19,18/18,11:30 PM,04/05/2026,20,THOUSAND LIGHTS,Independent,6,131824,0.18585386576040783
S2220,THOUSAND LIGHTS - 20,MOHAMED GHOUSE.H,Tamizhaga Vaazhvurimai Katchi,200,3,203,0.15,18/18,11:30 PM,04/05/2026,20,THOUSAND LIGHTS,-,7,131824,0.15399320305862363
S2220,THOUSAND LIGHTS - 20,SATHYA.A,Independent,161,4,165,0.13,18/18,11:30 PM,04/05/2026,20,THOUSAND LIGHTS,Independent,8,131824,0.12516688918558078
S2220,THOUSAND LIGHTS - 20,VALARMATHY.D,Independent,100,2,102,0.08,18/18,11:30 PM,04/05/2026,20,THOUSAND LIGHTS,Independent,9,131824,0.07737589513290448
S2220,THOUSAND LIGHTS - 20,VIJAY.D,Independent,77,6,83,0.06,18/18,11:30 PM,04/05/2026,20,THOUSAND LIGHTS,Independent,10,131824,0.06296273819638305
S2220,THOUSAND LIGHTS - 20,PRABHAKARAN.B,Independent,63,1,64,0.05,18/18,11:30 PM,04/05/2026,20,THOUSAND LIGHTS,Independent,11,131824,0.048549581259861634
S2220,THOUSAND LIGHTS - 20,PRABHAKARAN.V,Independent,62,1,63,0.05,18/18,11:30 PM,04/05/2026,20,THOUSAND LIGHTS,Independent,12,131824,0.0477909940526763
S2220,THOUSAND LIGHTS - 20,KARTHIKEYAN.S,Independent,60,1,61,0.05,18/18,11:30 PM,04/05/2026,20,THOUSAND LIGHTS,Independent,13,131824,0.04627381963830562
S2220,THOUSAND LIGHTS - 20,SUNDARA RAJU.A,Independent,48,0,48,0.04,18/18,11:30 PM,04/05/2026,20,THOUSAND LIGHTS,Independent,14,131824,0.03641218594489622
S2220,THOUSAND LIGHTS - 20,SHANKAR.V,Independent,40,2,42,0.03,18/18,11:30 PM,04/05/2026,20,THOUSAND LIGHTS,Independent,15,131824,0.0318606627017842
S2220,THOUSAND LIGHTS - 20,PRABHAKARAN.T,Independent,36,0,36,0.03,18/18,11:30 PM,04/05/2026,20,THOUSAND LIGHTS,Independent,16,131824,0.02730913945867217
S2220,THOUSAND LIGHTS - 20,MUNIYAN.E,Independent,26,2,28,0.02,18/18,11:30 PM,04/05/2026,20,THOUSAND LIGHTS,Independent,17,131824,0.021240441801189464
S2220,THOUSAND LIGHTS - 20,DHANASEKARAN.V,Independent,21,2,23,0.02,18/18,11:30 PM,04/05/2026,20,THOUSAND LIGHTS,Independent,18,131824,0.017447505765262775
S2220,THOUSAND LIGHTS - 20,PACHAIYAPPAN.E,Independent,20,0,20,0.02,18/18,11:30 PM,04/05/2026,20,THOUSAND LIGHTS,Independent,19,131824,0.015171744143706761
S2221,ANNA NAGAR - 21,V.K.RAMKUMAR,Tamilaga Vettri Kazhagam,70986,389,71375,43.7,20/20,11:27 PM,04/05/2026,21,ANNA NAGAR,Solo,1,163339,43.69746355738678
S2221,ANNA NAGAR - 21,N.CHITRARASU,Dravida Munnetra Kazhagam,49367,645,50012,30.62,20/20,11:27 PM,04/05/2026,21,ANNA NAGAR,INDIA/SPA,2,163339,30.618529561219304
S2221,ANNA NAGAR - 21,S.GOKULA INDIRA,All India Anna Dravida Munnetra Kazhagam,33923,459,34382,21.05,20/20,11:27 PM,04/05/2026,21,ANNA NAGAR,NDA,3,163339,21.04947379376634
S2221,ANNA NAGAR - 21,S.SHANKAR,Naam Tamilar Katchi,4796,43,4839,2.96,20/20,11:27 PM,04/05/2026,21,ANNA NAGAR,Solo,4,163339,2.962550278867876
S2221,ANNA NAGAR - 21,NOTA,None of the Above,945,18,963,0.59,20/20,11:27 PM,04/05/2026,21,ANNA NAGAR,NOTA/Unaligned,5,163339,0.5895713822173516
S2221,ANNA NAGAR - 21,S VINESH KUMAR,Independent,286,3,289,0.18,20/20,11:27 PM,04/05/2026,21,ANNA NAGAR,Independent,6,163339,0.17693263703096015
S2221,ANNA NAGAR - 21,S.DHAYALAN,Thamizhaga Munnetra Congress,184,2,186,0.11,20/20,11:27 PM,04/05/2026,21,ANNA NAGAR,-,7,163339,0.11387360030366293
S2221,ANNA NAGAR - 21,E.V.S.RAJAKUMAR NAIDU,Tamil Telugu National Party,133,1,134,0.08,20/20,11:27 PM,04/05/2026,21,ANNA NAGAR,-,8,163339,0.08203797011124103
S2221,ANNA NAGAR - 21,T S HABEEB MOHAMMAD,Independent,127,4,131,0.08,20/20,11:27 PM,04/05/2026,21,ANNA NAGAR,Independent,9,163339,0.08020129913860131
S2221,ANNA NAGAR - 21,L NARENDRAN,Independent,129,0,129,0.08,20/20,11:27 PM,04/05/2026,21,ANNA NAGAR,Independent,10,163339,0.07897685182350817
S2221,ANNA NAGAR - 21,B.ANAND,Thakkam Katchi,124,3,127,0.08,20/20,11:27 PM,04/05/2026,21,ANNA NAGAR,-,11,163339,0.07775240450841502
S2221,ANNA NAGAR - 21,J NAGARAJ,Independent,126,0,126,0.08,20/20,11:27 PM,04/05/2026,21,ANNA NAGAR,Independent,12,163339,0.07714018085086843
S2221,ANNA NAGAR - 21,MOHAMMED BILAL FATHICK,Independent,101,0,101,0.06,20/20,11:27 PM,04/05/2026,21,ANNA NAGAR,Independent,13,163339,0.061834589412204065
S2221,ANNA NAGAR - 21,JANARTHANAN P,Independent,71,0,71,0.04,20/20,11:27 PM,04/05/2026,21,ANNA NAGAR,Independent,14,163339,0.04346787968580682
S2221,ANNA NAGAR - 21,RAJENDIRAN NAIDU,Independent,70,0,70,0.04,20/20,11:27 PM,04/05/2026,21,ANNA NAGAR,Independent,15,163339,0.04285565602826025
S2221,ANNA NAGAR - 21,G.SIVA KUMAR,Independent,57,1,58,0.04,20/20,11:27 PM,04/05/2026,21,ANNA NAGAR,Independent,16,163339,0.03550897213770134
S2221,ANNA NAGAR - 21,M HARISHANKAR,Independent,56,1,57,0.03,20/20,11:27 PM,04/05/2026,21,ANNA NAGAR,Independent,17,163339,0.03489674848015477
S2221,ANNA NAGAR - 21,L KASINATHAN,Independent,50,0,50,0.03,20/20,11:27 PM,04/05/2026,21,ANNA NAGAR,Independent,18,163339,0.030611182877328745
S2221,ANNA NAGAR - 21,S SATHISH KUMAR,Independent,50,0,50,0.03,20/20,11:27 PM,04/05/2026,21,ANNA NAGAR,Independent,19,163339,0.030611182877328745
S2221,ANNA NAGAR - 21,G OMPRAKASH,Independent,39,2,41,0.03,20/20,11:27 PM,04/05/2026,21,ANNA NAGAR,Independent,20,163339,0.025101169959409572
S2221,ANNA NAGAR - 21,M SELVAMUTHUKUMAR,Independent,36,0,36,0.02,20/20,11:27 PM,04/05/2026,21,ANNA NAGAR,Independent,21,163339,0.0220400516716767
S2221,ANNA NAGAR - 21,RAMAMOORTHY E,Independent,33,2,35,0.02,20/20,11:27 PM,04/05/2026,21,ANNA NAGAR,Independent,22,163339,0.021427828014130124
S2221,ANNA NAGAR - 21,S ANSAR ALI,Independent,24,3,27,0.02,20/20,11:27 PM,04/05/2026,21,ANNA NAGAR,Independent,23,163339,0.016530038753757522
S2221,ANNA NAGAR - 21,M MANOHARAN,Independent,26,1,27,0.02,20/20,11:27 PM,04/05/2026,21,ANNA NAGAR,Independent,24,163339,0.016530038753757522
S2221,ANNA NAGAR - 21,N.P.RAJHA,Naam Indiar Party,23,0,23,0.01,20/20,11:27 PM,04/05/2026,21,ANNA NAGAR,-,25,163339,0.014081144123571223
S2222,VIRUGAMPAKKAM - 22,SABARINATHAN.R,Tamilaga Vettri Kazhagam,75801,291,76092,44.03,24/24,11:30 PM,04/05/2026,22,VIRUGAMPAKKAM,Solo,1,172831,44.02682389154723
S2222,VIRUGAMPAKKAM - 22,PRABHAKARA RAJA.A.M.V,Dravida Munnetra Kazhagam,48482,524,49006,28.35,24/24,11:30 PM,04/05/2026,22,VIRUGAMPAKKAM,INDIA/SPA,2,172831,28.354866893092098
S2222,VIRUGAMPAKKAM - 22,VIRUGAI V.N.RAVI,All India Anna Dravida Munnetra Kazhagam,38337,430,38767,22.43,24/24,11:30 PM,04/05/2026,22,VIRUGAMPAKKAM,NDA,3,172831,22.43058247652331
S2222,VIRUGAMPAKKAM - 22,SANTHOSH,Naam Tamilar Katchi,6027,29,6056,3.5,24/24,11:30 PM,04/05/2026,22,VIRUGAMPAKKAM,Solo,4,172831,3.5040010183358308
S2222,VIRUGAMPAKKAM - 22,NOTA,None of the Above,1016,14,1030,0.6,24/24,11:30 PM,04/05/2026,22,VIRUGAMPAKKAM,NOTA/Unaligned,5,172831,0.5959579010709884
S2222,VIRUGAMPAKKAM - 22,JAGADISH.S,Republican Party of India (Athawale),458,4,462,0.27,24/24,11:30 PM,04/05/2026,22,VIRUGAMPAKKAM,-,6,172831,0.26731315562601615
S2222,VIRUGAMPAKKAM - 22,SURESHBABU.T.M,Tamil Telugu National Party,151,4,155,0.09,24/24,11:30 PM,04/05/2026,22,VIRUGAMPAKKAM,-,7,172831,0.08968298511262447
S2222,VIRUGAMPAKKAM - 22,SABARINATHAN.P,Independent,121,3,124,0.07,24/24,11:30 PM,04/05/2026,22,VIRUGAMPAKKAM,Independent,8,172831,0.07174638809009957
S2222,VIRUGAMPAKKAM - 22,DINESHKUMAR.N,Independent,122,0,122,0.07,24/24,11:30 PM,04/05/2026,22,VIRUGAMPAKKAM,Independent,9,172831,0.07058918828219475
S2222,VIRUGAMPAKKAM - 22,RAVIKUMAR,Independent,104,3,107,0.06,24/24,11:30 PM,04/05/2026,22,VIRUGAMPAKKAM,Independent,10,172831,0.06191018972290851
S2222,VIRUGAMPAKKAM - 22,MUTHURAJ.T,Tamizhaga Vaazhvurimai Katchi,100,1,101,0.06,24/24,11:30 PM,04/05/2026,22,VIRUGAMPAKKAM,-,11,172831,0.05843859029919401
S2222,VIRUGAMPAKKAM - 22,SRINIVASAN.M,Independent,97,4,101,0.06,24/24,11:30 PM,04/05/2026,22,VIRUGAMPAKKAM,Independent,12,172831,0.05843859029919401
S2222,VIRUGAMPAKKAM - 22,RANGARAJ.G,Independent,91,0,91,0.05,24/24,11:30 PM,04/05/2026,22,VIRUGAMPAKKAM,Independent,13,172831,0.052652591259669854
S2222,VIRUGAMPAKKAM - 22,CHANDRA SEKAR.K,Independent,87,1,88,0.05,24/24,11:30 PM,04/05/2026,22,VIRUGAMPAKKAM,Independent,14,172831,0.050916791547812604
S2222,VIRUGAMPAKKAM - 22,GOPINATH.G,Independent,81,1,82,0.05,24/24,11:30 PM,04/05/2026,22,VIRUGAMPAKKAM,Independent,15,172831,0.047445192124098104
S2222,VIRUGAMPAKKAM - 22,SANKAR.E,Independent,66,0,66,0.04,24/24,11:30 PM,04/05/2026,22,VIRUGAMPAKKAM,Independent,16,172831,0.03818759366085945
S2222,VIRUGAMPAKKAM - 22,KUMAR.S,Independent,62,1,63,0.04,24/24,11:30 PM,04/05/2026,22,VIRUGAMPAKKAM,Independent,17,172831,0.036451793949002206
S2222,VIRUGAMPAKKAM - 22,EZHILRAJ.D,Independent,50,2,52,0.03,24/24,11:30 PM,04/05/2026,22,VIRUGAMPAKKAM,Independent,18,172831,0.03008719500552563
S2222,VIRUGAMPAKKAM - 22,LUKMANBABU.S,Independent,50,0,50,0.03,24/24,11:30 PM,04/05/2026,22,VIRUGAMPAKKAM,Independent,19,172831,0.028929995197620798
S2222,VIRUGAMPAKKAM - 22,ROY GEORGE,Anna Puratchi Thalaivar Amma Dravida Munnetra Kazhagam,42,1,43,0.02,24/24,11:30 PM,04/05/2026,22,VIRUGAMPAKKAM,NDA,20,172831,0.024879795869953886
S2222,VIRUGAMPAKKAM - 22,KARTHICK.M,Independent,40,1,41,0.02,24/24,11:30 PM,04/05/2026,22,VIRUGAMPAKKAM,Independent,21,172831,0.023722596062049052
S2222,VIRUGAMPAKKAM - 22,BALAMURUGAN.P,Naam Indiar Party,40,0,40,0.02,24/24,11:30 PM,04/05/2026,22,VIRUGAMPAKKAM,-,22,172831,0.023143996158096636
S2222,VIRUGAMPAKKAM - 22,ALEX PANDIAN.K,Independent,30,6,36,0.02,24/24,11:30 PM,04/05/2026,22,VIRUGAMPAKKAM,Independent,23,172831,0.020829596542286975
S2222,VIRUGAMPAKKAM - 22,ESAKKIMUTHUNADAR.P,Independent,32,4,36,0.02,24/24,11:30 PM,04/05/2026,22,VIRUGAMPAKKAM,Independent,24,172831,0.020829596542286975
S2222,VIRUGAMPAKKAM - 22,VENKATESAN.C,Independent,20,0,20,0.01,24/24,11:30 PM,04/05/2026,22,VIRUGAMPAKKAM,Independent,25,172831,0.011571998079048318
S2223,SAIDAPET - 23,ARUL PRAKASAM. M,Tamilaga Vettri Kazhagam,80738,467,81205,50.63,21/21,11:30 PM,04/05/2026,23,SAIDAPET,Solo,1,160401,50.626242978535046
S2223,SAIDAPET - 23,SUBRAMANIAN. MA,Dravida Munnetra Kazhagam,52010,681,52691,32.85,21/21,11:30 PM,04/05/2026,23,SAIDAPET,INDIA/SPA,2,160401,32.84954582577415
S2223,SAIDAPET - 23,SENTHAMIZHAN. G,Amma Makkal Munnettra Kazagam,17632,207,17839,11.12,21/21,11:30 PM,04/05/2026,23,SAIDAPET,NDA,3,160401,11.121501736273464
S2223,SAIDAPET - 23,SRIVIDYA. G,Naam Tamilar Katchi,5864,54,5918,3.69,21/21,11:30 PM,04/05/2026,23,SAIDAPET,Solo,4,160401,3.689503182648487
S2223,SAIDAPET - 23,NOTA,None of the Above,913,11,924,0.58,21/21,11:30 PM,04/05/2026,23,SAIDAPET,NOTA/Unaligned,5,160401,0.5760562590008791
S2223,SAIDAPET - 23,KUMARAN. G.P,Bahujan Samaj Party,560,11,571,0.36,21/21,11:30 PM,04/05/2026,23,SAIDAPET,Solo,6,160401,0.35598281806223153
S2223,SAIDAPET - 23,RAJA. R,Independent,254,4,258,0.16,21/21,11:30 PM,04/05/2026,23,SAIDAPET,Independent,7,160401,0.16084687751323246
S2223,SAIDAPET - 23,YOGAPRAKASH. B,Independent,156,2,158,0.1,21/21,11:30 PM,04/05/2026,23,SAIDAPET,Independent,8,160401,0.09850312653911135
S2223,SAIDAPET - 23,VALARMATHI. P,Independent,131,8,139,0.09,21/21,11:30 PM,04/05/2026,23,SAIDAPET,Independent,9,160401,0.08665781385402835
S2223,SAIDAPET - 23,SOUNDARARAJAN. N,Naam Indiar Party,128,4,132,0.08,21/21,11:30 PM,04/05/2026,23,SAIDAPET,-,10,160401,0.08229375128583986
S2223,SAIDAPET - 23,PARTHIBAN. S,MGR Makkal Katchi,128,3,131,0.08,21/21,11:30 PM,04/05/2026,23,SAIDAPET,-,11,160401,0.08167031377609865
S2223,SAIDAPET - 23,GINGSTON. M,Independent,117,2,119,0.07,21/21,11:30 PM,04/05/2026,23,SAIDAPET,Independent,12,160401,0.07418906365920412
S2223,SAIDAPET - 23,PRASAD. N,Independent,90,3,93,0.06,21/21,11:30 PM,04/05/2026,23,SAIDAPET,Independent,13,160401,0.05797968840593263
S2223,SAIDAPET - 23,PRITHVIRAJ. A,Independent,89,4,93,0.06,21/21,11:30 PM,04/05/2026,23,SAIDAPET,Independent,14,160401,0.05797968840593263
S2223,SAIDAPET - 23,ANAND. S,Independent,63,3,66,0.04,21/21,11:30 PM,04/05/2026,23,SAIDAPET,Independent,15,160401,0.04114687564291993
S2223,SAIDAPET - 23,KANDHASAMY. R (ALIAS) BABU,Independent,62,2,64,0.04,21/21,11:30 PM,04/05/2026,23,SAIDAPET,Independent,16,160401,0.03990000062343751
S2224,THIYAGARAYANAGAR - 24,ANAND N,Tamilaga Vettri Kazhagam,51390,242,51632,38.55,18/18,11:30 PM,04/05/2026,24,THIYAGARAYANAGAR,Solo,1,133928,38.552057822113376
S2224,THIYAGARAYANAGAR - 24,SATHIYANARAYANAN B,All India Anna Dravida Munnetra Kazhagam,38048,557,38605,28.83,18/18,11:30 PM,04/05/2026,24,THIYAGARAYANAGAR,NDA,2,133928,28.825189654142523
S2224,THIYAGARAYANAGAR - 24,RAJA ANBAZHAGAN,Dravida Munnetra Kazhagam,36609,408,37017,27.64,18/18,11:30 PM,04/05/2026,24,THIYAGARAYANAGAR,INDIA/SPA,3,133928,27.63947792843916
S2224,THIYAGARAYANAGAR - 24,ANUSHA V,Naam Tamilar Katchi,4525,29,4554,3.4,18/18,11:30 PM,04/05/2026,24,THIYAGARAYANAGAR,Solo,4,133928,3.400334508093901
S2224,THIYAGARAYANAGAR - 24,NOTA,None of the Above,861,17,878,0.66,18/18,11:30 PM,04/05/2026,24,THIYAGARAYANAGAR,NOTA/Unaligned,5,133928,0.6555761304581567
S2224,THIYAGARAYANAGAR - 24,PADMINI NARASIMHAN,Independent,118,6,124,0.09,18/18,11:30 PM,04/05/2026,24,THIYAGARAYANAGAR,Independent,6,133928,0.09258706170479661
S2224,THIYAGARAYANAGAR - 24,ABUKITHER M,Independent,122,1,123,0.09,18/18,11:30 PM,04/05/2026,24,THIYAGARAYANAGAR,Independent,7,133928,0.09184039185233857
S2224,THIYAGARAYANAGAR - 24,RAVI M L,Desiya Makkal Sakthi Katchi,108,0,108,0.08,18/18,11:30 PM,04/05/2026,24,THIYAGARAYANAGAR,-,8,133928,0.08064034406546801
S2224,THIYAGARAYANAGAR - 24,MYTHILI C,Independent,85,1,86,0.06,18/18,11:30 PM,04/05/2026,24,THIYAGARAYANAGAR,Independent,9,133928,0.0642136073113912
S2224,THIYAGARAYANAGAR - 24,BADRI S,Independent,78,1,79,0.06,18/18,11:30 PM,04/05/2026,24,THIYAGARAYANAGAR,Independent,10,133928,0.05898691834418494
S2224,THIYAGARAYANAGAR - 24,MANIKANDAN N,Independent,79,0,79,0.06,18/18,11:30 PM,04/05/2026,24,THIYAGARAYANAGAR,Independent,11,133928,0.05898691834418494
S2224,THIYAGARAYANAGAR - 24,RAMACHANDRAN O N,Independent,70,4,74,0.06,18/18,11:30 PM,04/05/2026,24,THIYAGARAYANAGAR,Independent,12,133928,0.05525356908189475
S2224,THIYAGARAYANAGAR - 24,VETRIVEL K,Independent,68,0,68,0.05,18/18,11:30 PM,04/05/2026,24,THIYAGARAYANAGAR,Independent,13,133928,0.050773549967146524
S2224,THIYAGARAYANAGAR - 24,RAJESH E,Independent,66,1,67,0.05,18/18,11:30 PM,04/05/2026,24,THIYAGARAYANAGAR,Independent,14,133928,0.05002688011468849
S2224,THIYAGARAYANAGAR - 24,MOORTHY N,Independent,63,1,64,0.05,18/18,11:30 PM,04/05/2026,24,THIYAGARAYANAGAR,Independent,15,133928,0.04778687055731438
S2224,THIYAGARAYANAGAR - 24,PRASATH D,Independent,45,0,45,0.03,18/18,11:30 PM,04/05/2026,24,THIYAGARAYANAGAR,Independent,16,133928,0.03360014336061167
S2224,THIYAGARAYANAGAR - 24,GNANASEKARAN G,Independent,38,6,44,0.03,18/18,11:30 PM,04/05/2026,24,THIYAGARAYANAGAR,Independent,17,133928,0.03285347350815363
S2224,THIYAGARAYANAGAR - 24,EASAN NATARAJAN T,Independent,40,1,41,0.03,18/18,11:30 PM,04/05/2026,24,THIYAGARAYANAGAR,Independent,18,133928,0.030613463950779525
S2224,THIYAGARAYANAGAR - 24,MANIKANDAN T,Independent,35,1,36,0.03,18/18,11:30 PM,04/05/2026,24,THIYAGARAYANAGAR,Independent,19,133928,0.02688011468848934
S2224,THIYAGARAYANAGAR - 24,SATHISH KUMAR B,Independent,26,5,31,0.02,18/18,11:30 PM,04/05/2026,24,THIYAGARAYANAGAR,Independent,20,133928,0.023146765426199152
S2224,THIYAGARAYANAGAR - 24,RAMKUMAR L,Independent,31,0,31,0.02,18/18,11:30 PM,04/05/2026,24,THIYAGARAYANAGAR,Independent,21,133928,0.023146765426199152
S2224,THIYAGARAYANAGAR - 24,ARAVIND GOSH Y T,Independent,29,1,30,0.02,18/18,11:30 PM,04/05/2026,24,THIYAGARAYANAGAR,Independent,22,133928,0.022400095573741115
S2224,THIYAGARAYANAGAR - 24,BALAJI S,Independent,27,2,29,0.02,18/18,11:30 PM,04/05/2026,24,THIYAGARAYANAGAR,Independent,23,133928,0.02165342572128308
S2224,THIYAGARAYANAGAR - 24,JAYAVEL,Independent,23,0,23,0.02,18/18,11:30 PM,04/05/2026,24,THIYAGARAYANAGAR,Independent,24,133928,0.017173406606534856
S2224,THIYAGARAYANAGAR - 24,KUMAR SRI SRI B,Independent,20,2,22,0.02,18/18,11:30 PM,04/05/2026,24,THIYAGARAYANAGAR,Independent,25,133928,0.016426736754076816
S2224,THIYAGARAYANAGAR - 24,JOTHIRAJ G M,Independent,21,0,21,0.02,18/18,11:30 PM,04/05/2026,24,THIYAGARAYANAGAR,Independent,26,133928,0.01568006690161878
S2224,THIYAGARAYANAGAR - 24,THENNARASU P,Independent,14,3,17,0.01,18/18,11:30 PM,04/05/2026,24,THIYAGARAYANAGAR,Independent,27,133928,0.012693387491786631
S2225,MYLAPORE - 25,VENKATARAMANAN. P,Tamilaga Vettri Kazhagam,69748,322,70070,46.53,21/21,11:27 PM,04/05/2026,25,MYLAPORE,Solo,1,150594,46.52907818372578
S2225,MYLAPORE - 25,VELU. DHA,Dravida Munnetra Kazhagam,40647,451,41098,27.29,21/21,11:27 PM,04/05/2026,25,MYLAPORE,INDIA/SPA,2,150594,27.29059590687544
S2225,MYLAPORE - 25,DR. TAMILISAI SOUNDARARAJAN,Bharatiya Janata Party,31844,484,32328,21.47,21/21,11:27 PM,04/05/2026,25,MYLAPORE,NDA,3,150594,21.466990716761625
S2225,MYLAPORE - 25,ARUN. R.L,Naam Tamilar Katchi,4470,29,4499,2.99,21/21,11:27 PM,04/05/2026,25,MYLAPORE,Solo,4,150594,2.987502822157589
S2225,MYLAPORE - 25,NOTA,None of the Above,762,8,770,0.51,21/21,11:27 PM,04/05/2026,25,MYLAPORE,NOTA/Unaligned,5,150594,0.511308551469514
S2225,MYLAPORE - 25,BALAJI. V,Bahujan Samaj Party,264,3,267,0.18,21/21,11:27 PM,04/05/2026,25,MYLAPORE,Solo,6,150594,0.17729790031475356
S2225,MYLAPORE - 25,MOHANRAJ. J,Jebamani Janata,264,1,265,0.18,21/21,11:27 PM,04/05/2026,25,MYLAPORE,-,7,150594,0.1759698261550925
S2225,MYLAPORE - 25,VIJAYALAKSHMI. P,Independent,224,3,227,0.15,21/21,11:27 PM,04/05/2026,25,MYLAPORE,Independent,8,150594,0.15073641712153207
S2225,MYLAPORE - 25,DEVENDRAN. R,Tamizhaga Murpokku Makkal Katchi,144,1,145,0.1,21/21,11:27 PM,04/05/2026,25,MYLAPORE,-,9,150594,0.09628537657542798
S2225,MYLAPORE - 25,VIJAYA KRISHNA. V,Independent,141,1,142,0.09,21/21,11:27 PM,04/05/2026,25,MYLAPORE,Independent,10,150594,0.09429326533593636
S2225,MYLAPORE - 25,MOORTHY. S,Thamizhaga Dravidar Katchi,119,1,120,0.08,21/21,11:27 PM,04/05/2026,25,MYLAPORE,NOTA/Unaligned,11,150594,0.07968444957966453
S2225,MYLAPORE - 25,VINU PRADHA. A,Independent,107,2,109,0.07,21/21,11:27 PM,04/05/2026,25,MYLAPORE,Independent,12,150594,0.07238004170152862
S2225,MYLAPORE - 25,VENKATARAMAN. B,Independent,107,0,107,0.07,21/21,11:27 PM,04/05/2026,25,MYLAPORE,Independent,13,150594,0.07105196754186754
S2225,MYLAPORE - 25,NAGARAJAN. S,All India Jananayaka Makkal Kazhagam,88,0,88,0.06,21/21,11:27 PM,04/05/2026,25,MYLAPORE,-,14,150594,0.05843526302508732
S2225,MYLAPORE - 25,SELVAMUTHU. S,Independent,74,5,79,0.05,21/21,11:27 PM,04/05/2026,25,MYLAPORE,Independent,15,150594,0.05245892930661248
S2225,MYLAPORE - 25,ROMANRAJ. A,Independent,74,0,74,0.05,21/21,11:27 PM,04/05/2026,25,MYLAPORE,Independent,16,150594,0.04913874390745979
S2225,MYLAPORE - 25,PARTHIPAN. G,Independent,63,1,64,0.04,21/21,11:27 PM,04/05/2026,25,MYLAPORE,Independent,17,150594,0.042498373109154414
S2225,MYLAPORE - 25,JAYAGOPI. M,Independent,51,1,52,0.03,21/21,11:27 PM,04/05/2026,25,MYLAPORE,Independent,18,150594,0.03452992815118796
S2225,MYLAPORE - 25,VELU. K,Independent,46,4,50,0.03,21/21,11:27 PM,04/05/2026,25,MYLAPORE,Independent,19,150594,0.033201853991526885
S2225,MYLAPORE - 25,RADHAKRISHNAN. G,Independent,40,0,40,0.03,21/21,11:27 PM,04/05/2026,25,MYLAPORE,Independent,20,150594,0.02656148319322151
S2226,VELACHERY - 26,KUMAR. R,Tamilaga Vettri Kazhagam,80057,373,80430,43.52,23/23,11:30 PM,04/05/2026,26,VELACHERY,Solo,1,184815,43.51919487054622
S2226,VELACHERY - 26,ASHOK. M.K,All India Anna Dravida Munnetra Kazhagam,46505,620,47125,25.5,23/23,11:30 PM,04/05/2026,26,VELACHERY,NDA,2,184815,25.49847144441739
S2226,VELACHERY - 26,AASSAN MAULAANA J.M.H,Indian National Congress,45416,512,45928,24.85,23/23,11:30 PM,04/05/2026,26,VELACHERY,INDIA/SPA,3,184815,24.850796742688633
S2226,VELACHERY - 26,KEERTHANA. M,Naam Tamilar Katchi,7656,41,7697,4.16,23/23,11:30 PM,04/05/2026,26,VELACHERY,Solo,4,184815,4.164705245786327
S2226,VELACHERY - 26,NOTA,None of the Above,1318,18,1336,0.72,23/23,11:30 PM,04/05/2026,26,VELACHERY,NOTA/Unaligned,5,184815,0.7228850472093715
S2226,VELACHERY - 26,MOHANRAJ. K,Bahujan Samaj Party,237,2,239,0.13,23/23,11:30 PM,04/05/2026,26,VELACHERY,Solo,6,184815,0.12931850769688608
S2226,VELACHERY - 26,KALA PETHACHI,Independent,229,4,233,0.13,23/23,11:30 PM,04/05/2026,26,VELACHERY,Independent,7,184815,0.12607201796390985
S2226,VELACHERY - 26,KANCHANA. R,Tamizhaga Murpokku Makkal Katchi,203,2,205,0.11,23/23,11:30 PM,04/05/2026,26,VELACHERY,-,8,184815,0.11092173254335416
S2226,VELACHERY - 26,RADHAKRISHNAN. D.R,Independent,143,0,143,0.08,23/23,11:30 PM,04/05/2026,26,VELACHERY,Independent,9,184815,0.07737467196926656
S2226,VELACHERY - 26,SURESH K,Independent,134,3,137,0.07,23/23,11:30 PM,04/05/2026,26,VELACHERY,Independent,10,184815,0.07412818223629035
S2226,VELACHERY - 26,MANI. M,Veerath Thiyagi Viswanathadoss Thozhilalarkal Katchi,132,1,133,0.07,23/23,11:30 PM,04/05/2026,26,VELACHERY,-,11,184815,0.07196385574763953
S2226,VELACHERY - 26,POYYAMOZHI. M,Proutist Sarva Samaj,127,3,130,0.07,23/23,11:30 PM,04/05/2026,26,VELACHERY,-,12,184815,0.07034061088115143
S2226,VELACHERY - 26,DIWAKAR. R,Independent,129,1,130,0.07,23/23,11:30 PM,04/05/2026,26,VELACHERY,Independent,13,184815,0.07034061088115143
S2226,VELACHERY - 26,SARABESHWAR SISU. P,Independent,128,1,129,0.07,23/23,11:30 PM,04/05/2026,26,VELACHERY,Independent,14,184815,0.06979952925898872
S2226,VELACHERY - 26,ROKESH KUMAR. V,Tamizhaga Vaazhvurimai Katchi,114,3,117,0.06,23/23,11:30 PM,04/05/2026,26,VELACHERY,-,15,184815,0.06330654979303628
S2226,VELACHERY - 26,ASHOK. M,Independent,83,5,88,0.05,23/23,11:30 PM,04/05/2026,26,VELACHERY,Independent,16,184815,0.04761518275031788
S2226,VELACHERY - 26,KANNAN. K,Independent,82,3,85,0.05,23/23,11:30 PM,04/05/2026,26,VELACHERY,Independent,17,184815,0.04599193788382978
S2226,VELACHERY - 26,JANAGARAJ RAVI GUNASEELAN,Independent,76,1,77,0.04,23/23,11:30 PM,04/05/2026,26,VELACHERY,Independent,18,184815,0.04166328490652815
S2226,VELACHERY - 26,VIGNESH. M,Independent,69,1,70,0.04,23/23,11:30 PM,04/05/2026,26,VELACHERY,Independent,19,184815,0.037875713551389224
S2226,VELACHERY - 26,VIGNESH. R,Independent,65,1,66,0.04,23/23,11:30 PM,04/05/2026,26,VELACHERY,Independent,20,184815,0.035711387062738416
S2226,VELACHERY - 26,AZARUTHEEN. M,Independent,60,3,63,0.03,23/23,11:30 PM,04/05/2026,26,VELACHERY,Independent,21,184815,0.0340881421962503
S2226,VELACHERY - 26,RAJASEKAR. S,Independent,58,3,61,0.03,23/23,11:30 PM,04/05/2026,26,VELACHERY,Independent,22,184815,0.0330059789519249
S2226,VELACHERY - 26,MOHAMED YASEEN. I,Thakkam Katchi,47,4,51,0.03,23/23,11:30 PM,04/05/2026,26,VELACHERY,-,23,184815,0.027595162730297867
S2226,VELACHERY - 26,BHASKAR. G,Independent,45,2,47,0.03,23/23,11:30 PM,04/05/2026,26,VELACHERY,Independent,24,184815,0.02543083624164705
S2226,VELACHERY - 26,MOHAN. R,Independent,32,0,32,0.02,23/23,11:30 PM,04/05/2026,26,VELACHERY,Independent,25,184815,0.017314611909206502
S2226,VELACHERY - 26,DEEPAK RAVI,Independent,27,0,27,0.01,23/23,11:30 PM,04/05/2026,26,VELACHERY,Independent,26,184815,0.014609203798392988
S2226,VELACHERY - 26,AHAMMED NAZEER KHAN,Independent,23,1,24,0.01,23/23,11:30 PM,04/05/2026,26,VELACHERY,Independent,27,184815,0.012985958931904878
S2226,VELACHERY - 26,RITISH,Independent,12,0,12,0.01,23/23,11:30 PM,04/05/2026,26,VELACHERY,Independent,28,184815,0.006492979465952439
S2227,SHOZHINGANALLUR - 27,ECR P SARAVANAN,Tamilaga Vettri Kazhagam,219807,575,220382,49.27,33/33,11:30 PM,04/05/2026,27,SHOZHINGANALLUR,Solo,1,447293,49.270165193732076
S2227,SHOZHINGANALLUR - 27,S. ARAVIND RAMESH,Dravida Munnetra Kazhagam,122813,789,123602,27.63,33/33,11:30 PM,04/05/2026,27,SHOZHINGANALLUR,INDIA/SPA,2,447293,27.633341009137187
S2227,SHOZHINGANALLUR - 27,K.P.KANDAN,All India Anna Dravida Munnetra Kazhagam,73604,508,74112,16.57,33/33,11:30 PM,04/05/2026,27,SHOZHINGANALLUR,NDA,3,447293,16.56900510403695
S2227,SHOZHINGANALLUR - 27,R JAYALAKSHMI,Naam Tamilar Katchi,21844,75,21919,4.9,33/33,11:30 PM,04/05/2026,27,SHOZHINGANALLUR,Solo,4,447293,4.900367320749487
S2227,SHOZHINGANALLUR - 27,NOTA,None of the Above,2063,16,2079,0.46,33/33,11:30 PM,04/05/2026,27,SHOZHINGANALLUR,NOTA/Unaligned,5,447293,0.46479600619728006
S2227,SHOZHINGANALLUR - 27,N.PRASHANTHA RAO,Independent,524,2,526,0.12,33/33,11:30 PM,04/05/2026,27,SHOZHINGANALLUR,Independent,6,447293,0.11759629594024498
S2227,SHOZHINGANALLUR - 27,S.PUSHNA KUMAR,Bahujan Samaj Party,521,3,524,0.12,33/33,11:30 PM,04/05/2026,27,SHOZHINGANALLUR,Solo,7,447293,0.117149161735149
S2227,SHOZHINGANALLUR - 27,M. CHRISTHU DASS,Dravida Jananayaga Makkal Katchi,483,1,484,0.11,33/33,11:30 PM,04/05/2026,27,SHOZHINGANALLUR,-,8,447293,0.10820647763322923
S2227,SHOZHINGANALLUR - 27,G SURESH KUMAR,Independent,413,0,413,0.09,33/33,11:30 PM,04/05/2026,27,SHOZHINGANALLUR,Independent,9,447293,0.09233321335232163
S2227,SHOZHINGANALLUR - 27,M.G.RAMU,Jebamani Janata,318,1,319,0.07,33/33,11:30 PM,04/05/2026,27,SHOZHINGANALLUR,-,10,447293,0.07131790571281017
S2227,SHOZHINGANALLUR - 27,RAMANATHAN M,Independent,263,0,263,0.06,33/33,11:30 PM,04/05/2026,27,SHOZHINGANALLUR,Independent,11,447293,0.05879814797012249
S2227,SHOZHINGANALLUR - 27,K. VISHWANATHAN,All India Puratchi Thalaivar Makkal Munnettra Kazhagam,251,6,257,0.06,33/33,11:30 PM,04/05/2026,27,SHOZHINGANALLUR,-,12,447293,0.057456745354834526
S2227,SHOZHINGANALLUR - 27,E. VIJAY,Independent,252,4,256,0.06,33/33,11:30 PM,04/05/2026,27,SHOZHINGANALLUR,Independent,13,447293,0.057233178252286535
S2227,SHOZHINGANALLUR - 27,D. SRINIVASAN,Independent,249,5,254,0.06,33/33,11:30 PM,04/05/2026,27,SHOZHINGANALLUR,Independent,14,447293,0.056786044047190544
S2227,SHOZHINGANALLUR - 27,S. KARTHIK,Independent,213,0,213,0.05,33/33,11:30 PM,04/05/2026,27,SHOZHINGANALLUR,Independent,15,447293,0.04761979284272278
S2227,SHOZHINGANALLUR - 27,R RAVICHANDRAN,Independent,185,0,185,0.04,33/33,11:30 PM,04/05/2026,27,SHOZHINGANALLUR,Independent,16,447293,0.04135991397137894
S2227,SHOZHINGANALLUR - 27,CHANDRASEKARAN,Independent,169,7,176,0.04,33/33,11:30 PM,04/05/2026,27,SHOZHINGANALLUR,Independent,17,447293,0.03934781004844699
S2227,SHOZHINGANALLUR - 27,RAJESH,Independent,159,1,160,0.04,33/33,11:30 PM,04/05/2026,27,SHOZHINGANALLUR,Independent,18,447293,0.03577073640767908
S2227,SHOZHINGANALLUR - 27,E. MURALI B.A,Independent,154,3,157,0.04,33/33,11:30 PM,04/05/2026,27,SHOZHINGANALLUR,Independent,19,447293,0.0351000351000351
S2227,SHOZHINGANALLUR - 27,S.GOVINDHAN,Independent,150,0,150,0.03,33/33,11:30 PM,04/05/2026,27,SHOZHINGANALLUR,Independent,20,447293,0.03353506538219914
S2227,SHOZHINGANALLUR - 27,JAIKUMAR BALACHANDRAN,Independent,124,0,124,0.03,33/33,11:30 PM,04/05/2026,27,SHOZHINGANALLUR,Independent,21,447293,0.02772232071595129
S2227,SHOZHINGANALLUR - 27,M. ALEXANDAR,Naam Indiar Party,123,0,123,0.03,33/33,11:30 PM,04/05/2026,27,SHOZHINGANALLUR,-,22,447293,0.027498753613403294
S2227,SHOZHINGANALLUR - 27,P.CHANDRA KANTH,Independent,114,1,115,0.03,33/33,11:30 PM,04/05/2026,27,SHOZHINGANALLUR,Independent,23,447293,0.025710216793019342
S2227,SHOZHINGANALLUR - 27,R.YOGESHWARAN,Independent,115,0,115,0.03,33/33,11:30 PM,04/05/2026,27,SHOZHINGANALLUR,Independent,24,447293,0.025710216793019342
S2227,SHOZHINGANALLUR - 27,FARMER JAYARAMAN S K J,Independent,113,2,115,0.03,33/33,11:30 PM,04/05/2026,27,SHOZHINGANALLUR,Independent,25,447293,0.025710216793019342
S2227,SHOZHINGANALLUR - 27,V. KANDHAN,Independent,101,3,104,0.02,33/33,11:30 PM,04/05/2026,27,SHOZHINGANALLUR,Independent,26,447293,0.023250978664991404
S2227,SHOZHINGANALLUR - 27,A.MOHAMMED GANI,Independent,101,0,101,0.02,33/33,11:30 PM,04/05/2026,27,SHOZHINGANALLUR,Independent,27,447293,0.022580277357347422
S2227,SHOZHINGANALLUR - 27,MUTHARASAN,Independent,64,1,65,0.01,33/33,11:30 PM,04/05/2026,27,SHOZHINGANALLUR,Independent,28,447293,0.014531861665619627
S2228,ALANDUR - 28,M.HARISH,Tamilaga Vettri Kazhagam,111572,633,112205,42.9,31/31,11:27 PM,04/05/2026,28,ALANDUR,Solo,1,261570,42.896738922659324
S2228,ALANDUR - 28,T.M.ANBARASAN,Dravida Munnetra Kazhagam,81642,954,82596,31.58,31/31,11:27 PM,04/05/2026,28,ALANDUR,INDIA/SPA,2,261570,31.577015712811104
S2228,ALANDUR - 28,S.SARAVANAN,All India Anna Dravida Munnetra Kazhagam,51652,591,52243,19.97,31/31,11:27 PM,04/05/2026,28,ALANDUR,NDA,3,261570,19.972856214397677
S2228,ALANDUR - 28,Y.G.MAHALAKSHMI,Naam Tamilar Katchi,10346,59,10405,3.98,31/31,11:27 PM,04/05/2026,28,ALANDUR,Solo,4,261570,3.977902664678671
S2228,ALANDUR - 28,NOTA,None of the Above,1252,11,1263,0.48,31/31,11:27 PM,04/05/2026,28,ALANDUR,NOTA/Unaligned,5,261570,0.48285353824979926
S2228,ALANDUR - 28,M.HARISH,Independent,845,8,853,0.33,31/31,11:27 PM,04/05/2026,28,ALANDUR,Independent,6,261570,0.3261077340673625
S2228,ALANDUR - 28,N.HARI KRISHNAN,All India Puratchi Thalaivar Makkal Munnettra Kazhagam,315,2,317,0.12,31/31,11:27 PM,04/05/2026,28,ALANDUR,-,7,261570,0.12119126811178652
S2228,ALANDUR - 28,J.AGNI SELVARASU,Naadaalum Makkal Katchi,230,3,233,0.09,31/31,11:27 PM,04/05/2026,28,ALANDUR,-,8,261570,0.08907749359636044
S2228,ALANDUR - 28,SENKODI VIJAYALAKSHMI,Independent,231,2,233,0.09,31/31,11:27 PM,04/05/2026,28,ALANDUR,Independent,9,261570,0.08907749359636044
S2228,ALANDUR - 28,R.SURESH,Independent,166,2,168,0.06,31/31,11:27 PM,04/05/2026,28,ALANDUR,Independent,10,261570,0.06422754903085216
S2228,ALANDUR - 28,R.SARAVANAN,Independent,148,2,150,0.06,31/31,11:27 PM,04/05/2026,28,ALANDUR,Independent,11,261570,0.05734602592040371
S2228,ALANDUR - 28,V.ANBARASAN,Independent,119,1,120,0.05,31/31,11:27 PM,04/05/2026,28,ALANDUR,Independent,12,261570,0.045876820736322974
S2228,ALANDUR - 28,MAHESH KUMAR,Independent,103,2,105,0.04,31/31,11:27 PM,04/05/2026,28,ALANDUR,Independent,13,261570,0.0401422181442826
S2228,ALANDUR - 28,A.VELUSAMY,Puthiya Tamilagam,92,1,93,0.04,31/31,11:27 PM,04/05/2026,28,ALANDUR,-,14,261570,0.0355545360706503
S2228,ALANDUR - 28,S.ROYAPPAN,Tamizhaga Vaazhvurimai Katchi,89,0,89,0.03,31/31,11:27 PM,04/05/2026,28,ALANDUR,-,15,261570,0.03402530871277287
S2228,ALANDUR - 28,A.SARAVANAN,Independent,77,1,78,0.03,31/31,11:27 PM,04/05/2026,28,ALANDUR,Independent,16,261570,0.029819933478609933
S2228,ALANDUR - 28,ARAVIND CHANDRASEKAR,Indhu Dravida Makkal Katchi,76,1,77,0.03,31/31,11:27 PM,04/05/2026,28,ALANDUR,-,17,261570,0.029437626639140575
S2228,ALANDUR - 28,S.SARAVANAN,Independent,64,12,76,0.03,31/31,11:27 PM,04/05/2026,28,ALANDUR,Independent,18,261570,0.029055319799671218
S2228,ALANDUR - 28,R.SELVAKUMAR,Independent,69,0,69,0.03,31/31,11:27 PM,04/05/2026,28,ALANDUR,Independent,19,261570,0.026379171923385708
S2228,ALANDUR - 28,B. KALYANARAMKUMAR,Naam Indiar Party,59,1,60,0.02,31/31,11:27 PM,04/05/2026,28,ALANDUR,-,20,261570,0.022938410368161487
S2228,ALANDUR - 28,K.VELAYUDHAM,Independent,50,1,51,0.02,31/31,11:27 PM,04/05/2026,28,ALANDUR,Independent,21,261570,0.019497648812937262
S2228,ALANDUR - 28,D.SARAVANAN,Independent,38,12,50,0.02,31/31,11:27 PM,04/05/2026,28,ALANDUR,Independent,22,261570,0.019115341973467904
S2228,ALANDUR - 28,G.DANIEL ANTONYRAJ,Independent,19,0,19,0.01,31/31,11:27 PM,04/05/2026,28,ALANDUR,Independent,23,261570,0.007263829949917804
S2228,ALANDUR - 28,G.RAMANAN,Independent,17,0,17,0.01,31/31,11:27 PM,04/05/2026,28,ALANDUR,Independent,24,261570,0.006499216270979088
S2229,SRIPERUMBUDUR - 29,THENNARASU.K,Tamilaga Vettri Kazhagam,146950,661,147611,44.58,33/33,11:30 PM,04/05/2026,29,SRIPERUMBUDUR,Solo,1,331088,44.583615232204124
S2229,SRIPERUMBUDUR - 29,K. SELVAPERUNTHAGAI,Indian National Congress,92498,867,93365,28.2,33/33,11:30 PM,04/05/2026,29,SRIPERUMBUDUR,INDIA/SPA,2,331088,28.19945150533997
S2229,SRIPERUMBUDUR - 29,K. PALANI,All India Anna Dravida Munnetra Kazhagam,72440,742,73182,22.1,33/33,11:30 PM,04/05/2026,29,SRIPERUMBUDUR,NDA,3,331088,22.10348910259508
S2229,SRIPERUMBUDUR - 29,M. SINDHU EZHILARASAN,Naam Tamilar Katchi,13075,75,13150,3.97,33/33,11:30 PM,04/05/2026,29,SRIPERUMBUDUR,Solo,4,331088,3.9717537331464747
S2229,SRIPERUMBUDUR - 29,NOTA,None of the Above,1158,3,1161,0.35,33/33,11:30 PM,04/05/2026,29,SRIPERUMBUDUR,NOTA/Unaligned,5,331088,0.35066205963369257
S2229,SRIPERUMBUDUR - 29,M.TAMILARASAN,Communist Party of India (Marxist-Leninist) (Liberation),507,4,511,0.15,33/33,11:30 PM,04/05/2026,29,SRIPERUMBUDUR,-,6,331088,0.15433963175953222
S2229,SRIPERUMBUDUR - 29,D.PURUSHOTHAMAN,All India Puratchi Thalaivar Makkal Munnettra Kazhagam,484,5,489,0.15,33/33,11:30 PM,04/05/2026,29,SRIPERUMBUDUR,-,7,331088,0.14769487266225292
S2229,SRIPERUMBUDUR - 29,A. GURUANANDHAN,Anaithinthiya Anna Dravida Makkal Seyal katchi,476,3,479,0.14,33/33,11:30 PM,04/05/2026,29,SRIPERUMBUDUR,-,8,331088,0.1446745276180351
S2229,SRIPERUMBUDUR - 29,A.GNANASEKARAN,Tamizhaga Vaazhvurimai Katchi,269,2,271,0.08,33/33,11:30 PM,04/05/2026,29,SRIPERUMBUDUR,-,9,331088,0.08185135069830378
S2229,SRIPERUMBUDUR - 29,P. VEDHAGIRI,Independent,257,1,258,0.08,33/33,11:30 PM,04/05/2026,29,SRIPERUMBUDUR,Independent,10,331088,0.07792490214082057
S2229,SRIPERUMBUDUR - 29,G. RAJATHI,Independent,211,0,211,0.06,33/33,11:30 PM,04/05/2026,29,SRIPERUMBUDUR,Independent,11,331088,0.06372928043299667
S2229,SRIPERUMBUDUR - 29,J. NITHYA,Independent,147,29,176,0.05,33/33,11:30 PM,04/05/2026,29,SRIPERUMBUDUR,Independent,12,331088,0.053158072778234186
S2229,SRIPERUMBUDUR - 29,ELANGOVAN SIVAKUMAR,Independent,110,2,112,0.03,33/33,11:30 PM,04/05/2026,29,SRIPERUMBUDUR,Independent,13,331088,0.03382786449523994
S2229,SRIPERUMBUDUR - 29,E. MURUGAN,Independent,93,19,112,0.03,33/33,11:30 PM,04/05/2026,29,SRIPERUMBUDUR,Independent,14,331088,0.03382786449523994
S2230,PALLAVARAM - 30,J.KAMATCHI,Tamilaga Vettri Kazhagam,133119,492,133611,47.1,35/35,11:30 PM,04/05/2026,30,PALLAVARAM,Solo,1,283677,47.09969437071035
S2230,PALLAVARAM - 30,D.MURUGESAN,Desiya Murpokku Dravida Kazhagam,78342,576,78918,27.82,35/35,11:30 PM,04/05/2026,30,PALLAVARAM,INDIA/SPA,2,283677,27.819668143698642
S2230,PALLAVARAM - 30,V.VENKATESAN,All India Anna Dravida Munnetra Kazhagam,48309,612,48921,17.25,35/35,11:30 PM,04/05/2026,30,PALLAVARAM,NDA,3,283677,17.24531773813175
S2230,PALLAVARAM - 30,DR.R.KARTHIKEYAN,Naam Tamilar Katchi,13961,104,14065,4.96,35/35,11:30 PM,04/05/2026,30,PALLAVARAM,Solo,4,283677,4.958103758852498
S2230,PALLAVARAM - 30,NOTA,None of the Above,1580,22,1602,0.56,35/35,11:30 PM,04/05/2026,30,PALLAVARAM,NOTA/Unaligned,5,283677,0.5647267843357058
S2230,PALLAVARAM - 30,RAJESH T R,Independent,1271,6,1277,0.45,35/35,11:30 PM,04/05/2026,30,PALLAVARAM,Independent,6,283677,0.45015986491678917
S2230,PALLAVARAM - 30,N.BHARATHI,Bahujan Samaj Party,554,8,562,0.2,35/35,11:30 PM,04/05/2026,30,PALLAVARAM,Solo,7,283677,0.1981126421951727
S2230,PALLAVARAM - 30,A.THANGARAJ,Puthiya Tamilagam,548,7,555,0.2,35/35,11:30 PM,04/05/2026,30,PALLAVARAM,-,8,283677,0.1956450470076883
S2230,PALLAVARAM - 30,B.RAJESWARI,Naadaalum Makkal Katchi,437,6,443,0.16,35/35,11:30 PM,04/05/2026,30,PALLAVARAM,-,9,283677,0.15616352400793862
S2230,PALLAVARAM - 30,N.RAMKUMAR,Independent,427,2,429,0.15,35/35,11:30 PM,04/05/2026,30,PALLAVARAM,Independent,10,283677,0.1512283336329699
S2230,PALLAVARAM - 30,M.L.RAVI,Desiya Makkal Sakthi Katchi,375,2,377,0.13,35/35,11:30 PM,04/05/2026,30,PALLAVARAM,-,11,283677,0.13289762652594325
S2230,PALLAVARAM - 30,T.AMIRTHA KANTHAN,Naam Indiar Party,346,3,349,0.12,35/35,11:30 PM,04/05/2026,30,PALLAVARAM,-,12,283677,0.12302724577600581
S2230,PALLAVARAM - 30,M.SIVAKUMAR,Independent,319,3,322,0.11,35/35,11:30 PM,04/05/2026,30,PALLAVARAM,Independent,13,283677,0.11350937862428043
S2230,PALLAVARAM - 30,R.MUTHUKUMAR,Independent,298,0,298,0.11,35/35,11:30 PM,04/05/2026,30,PALLAVARAM,Independent,14,283677,0.1050490522671912
S2230,PALLAVARAM - 30,S.RAHAMATHULLA,Tamizhaga Vaazhvurimai Katchi,294,0,294,0.1,35/35,11:30 PM,04/05/2026,30,PALLAVARAM,-,15,283677,0.103638997874343
S2230,PALLAVARAM - 30,G.RAMESHBABU,Indhu Dravida Makkal Katchi,275,8,283,0.1,35/35,11:30 PM,04/05/2026,30,PALLAVARAM,-,16,283677,0.09976134829401044
S2230,PALLAVARAM - 30,S.SATHIYARAJ,Independent,235,0,235,0.08,35/35,11:30 PM,04/05/2026,30,PALLAVARAM,Independent,17,283677,0.082840695579832
S2230,PALLAVARAM - 30,R.JAWAHAR,Independent,232,1,233,0.08,35/35,11:30 PM,04/05/2026,30,PALLAVARAM,Independent,18,283677,0.08213566838340788
S2230,PALLAVARAM - 30,R.RAJKUMAR,All India Puratchi Thalaivar Makkal Munnettra Kazhagam,230,1,231,0.08,35/35,11:30 PM,04/05/2026,30,PALLAVARAM,-,19,283677,0.08143064118698379
S2230,PALLAVARAM - 30,G.JOHN PANDIAN,Independent,208,4,212,0.07,35/35,11:30 PM,04/05/2026,30,PALLAVARAM,Independent,20,283677,0.07473288282095482
S2230,PALLAVARAM - 30,S.SUNDARAMOORTHY PANDIYAR,Independent,179,1,180,0.06,35/35,11:30 PM,04/05/2026,30,PALLAVARAM,Independent,21,283677,0.06345244767816918
S2230,PALLAVARAM - 30,P.RAVICHANDRAN,Independent,102,1,103,0.04,35/35,11:30 PM,04/05/2026,30,PALLAVARAM,Independent,22,283677,0.03630890061584126
S2230,PALLAVARAM - 30,S.VETRI VEL,Independent,98,1,99,0.03,35/35,11:30 PM,04/05/2026,30,PALLAVARAM,Independent,23,283677,0.03489884622299305
S2230,PALLAVARAM - 30,M.SANKAR,Independent,77,1,78,0.03,35/35,11:30 PM,04/05/2026,30,PALLAVARAM,Independent,24,283677,0.02749606066053998
S2231,TAMBARAM - 31,D.SARATHKUMAR,Tamilaga Vettri Kazhagam,118577,390,118967,42.67,39/39,11:30 PM,04/05/2026,31,TAMBARAM,Solo,1,278809,42.66971295761615
S2231,TAMBARAM - 31,R.S.KIRUTHIKA DEVI,Dravida Munnetra Kazhagam,82642,704,83346,29.89,39/39,11:30 PM,04/05/2026,31,TAMBARAM,INDIA/SPA,2,278809,29.893583062239742
S2231,TAMBARAM - 31,C.RAJENDRAN,All India Anna Dravida Munnetra Kazhagam,61381,610,61991,22.23,39/39,11:30 PM,04/05/2026,31,TAMBARAM,NDA,3,278809,22.234217690246727
S2231,TAMBARAM - 31,S.TAMILCHELVI,Naam Tamilar Katchi,11554,73,11627,4.17,39/39,11:30 PM,04/05/2026,31,TAMBARAM,Solo,4,278809,4.170238406938083
S2231,TAMBARAM - 31,NOTA,None of the Above,1497,15,1512,0.54,39/39,11:30 PM,04/05/2026,31,TAMBARAM,NOTA/Unaligned,5,278809,0.5423067404567284
S2231,TAMBARAM - 31,M.RAJA,Bahujan Samaj Party,287,3,290,0.1,39/39,11:30 PM,04/05/2026,31,TAMBARAM,Solo,6,278809,0.1040138589500339
S2231,TAMBARAM - 31,M. JACOB,Independent,180,0,180,0.06,39/39,11:30 PM,04/05/2026,31,TAMBARAM,Independent,7,278809,0.06456032624484863
S2231,TAMBARAM - 31,SARATHKUMAR. R,Independent,158,4,162,0.06,39/39,11:30 PM,04/05/2026,31,TAMBARAM,Independent,8,278809,0.05810429362036376
S2231,TAMBARAM - 31,SIVARAMAN.S,Veerath Thiyagi Viswanathadoss Thozhilalarkal Katchi,157,1,158,0.06,39/39,11:30 PM,04/05/2026,31,TAMBARAM,-,9,278809,0.05666961970381157
S2231,TAMBARAM - 31,S.KARTHIK,Independent,112,3,115,0.04,39/39,11:30 PM,04/05/2026,31,TAMBARAM,Independent,10,278809,0.04124687510087551
S2231,TAMBARAM - 31,T.DHIVAKARAN,Independent,97,1,98,0.04,39/39,11:30 PM,04/05/2026,31,TAMBARAM,Independent,11,278809,0.03514951095552869
S2231,TAMBARAM - 31,R.RAVIKUMAR,Independent,93,1,94,0.03,39/39,11:30 PM,04/05/2026,31,TAMBARAM,Independent,12,278809,0.03371483703897651
S2231,TAMBARAM - 31,P.PON RAJA,Tamizhaga Vaazhvurimai Katchi,82,6,88,0.03,39/39,11:30 PM,04/05/2026,31,TAMBARAM,-,13,278809,0.03156282616414822
S2231,TAMBARAM - 31,THAMBIRAJ.E,Naam Indiar Party,69,0,69,0.02,39/39,11:30 PM,04/05/2026,31,TAMBARAM,-,14,278809,0.024748125060525306
S2231,TAMBARAM - 31,S.BALASUBRAMANIAN,Independent,62,0,62,0.02,39/39,11:30 PM,04/05/2026,31,TAMBARAM,Independent,15,278809,0.02223744570655897
S2231,TAMBARAM - 31,S.PARTHIBAN,Democratic National Allegiance,49,1,50,0.02,39/39,11:30 PM,04/05/2026,31,TAMBARAM,-,16,278809,0.017933423956902395
S2232,CHENGALPATTU - 32,S. THIYAGARAJAN,Tamilaga Vettri Kazhagam,136578,558,137136,42.32,40/40,11:27 PM,04/05/2026,32,CHENGALPATTU,Solo,1,324010,42.32461961050585
S2232,CHENGALPATTU - 32,KARTHIKDHANDAPANI,Dravida Munnetra Kazhagam,100715,780,101495,31.32,40/40,11:27 PM,04/05/2026,32,CHENGALPATTU,INDIA/SPA,2,324010,31.32465047375081
S2232,CHENGALPATTU - 32,M.GAJENDRAN,All India Anna Dravida Munnetra Kazhagam,69280,483,69763,21.53,40/40,11:27 PM,04/05/2026,32,CHENGALPATTU,NDA,3,324010,21.531125582543748
S2232,CHENGALPATTU - 32,AMUTHA.N,Naam Tamilar Katchi,11942,90,12032,3.71,40/40,11:27 PM,04/05/2026,32,CHENGALPATTU,Solo,4,324010,3.7134656337767353
S2232,CHENGALPATTU - 32,NOTA,None of the Above,1376,19,1395,0.43,40/40,11:27 PM,04/05/2026,32,CHENGALPATTU,NOTA/Unaligned,5,324010,0.43054226721397487
S2232,CHENGALPATTU - 32,S.SELVAM (A) CHELLA,Tamizhaga Vaazhvurimai Katchi,380,1,381,0.12,40/40,11:27 PM,04/05/2026,32,CHENGALPATTU,-,6,324010,0.11758896330360175
S2232,CHENGALPATTU - 32,S. SARAVANAN,Bahujan Samaj Party,373,1,374,0.12,40/40,11:27 PM,04/05/2026,32,CHENGALPATTU,Solo,7,324010,0.11542853615629148
S2232,CHENGALPATTU - 32,M.ANANDAN,Independent,296,3,299,0.09,40/40,11:27 PM,04/05/2026,32,CHENGALPATTU,Independent,8,324010,0.09228110243511002
S2232,CHENGALPATTU - 32,C.VIMALRAJ,Independent,288,2,290,0.09,40/40,11:27 PM,04/05/2026,32,CHENGALPATTU,Independent,9,324010,0.08950341038856825
S2232,CHENGALPATTU - 32,P.GEORGE DEVADOSS,Independent,184,0,184,0.06,40/40,11:27 PM,04/05/2026,32,CHENGALPATTU,Independent,10,324010,0.05678837072929848
S2232,CHENGALPATTU - 32,V. RAMAKRISHNAN,Independent,166,0,166,0.05,40/40,11:27 PM,04/05/2026,32,CHENGALPATTU,Independent,11,324010,0.05123298663621493
S2232,CHENGALPATTU - 32,S.DELHI BABU,Independent,119,8,127,0.04,40/40,11:27 PM,04/05/2026,32,CHENGALPATTU,Independent,12,324010,0.03919632110120058
S2232,CHENGALPATTU - 32,A.ESAKKIAPPAN,Independent,121,1,122,0.04,40/40,11:27 PM,04/05/2026,32,CHENGALPATTU,Independent,13,324010,0.037653158853121815
S2232,CHENGALPATTU - 32,KARTHICK.A,Independent,105,2,107,0.03,40/40,11:27 PM,04/05/2026,32,CHENGALPATTU,Independent,14,324010,0.03302367210888553
S2232,CHENGALPATTU - 32,T. PREM BALAJI,Independent,69,2,71,0.02,40/40,11:27 PM,04/05/2026,32,CHENGALPATTU,Independent,15,324010,0.021912903922718434
S2232,CHENGALPATTU - 32,G. CHRISTOPHER,Independent,62,6,68,0.02,40/40,11:27 PM,04/05/2026,32,CHENGALPATTU,Independent,16,324010,0.020987006573871175
S2233,THIRUPORUR - 33,B.VIJAYARAJ,Tamilaga Vettri Kazhagam,109642,453,110095,41.96,33/33,11:30 PM,04/05/2026,33,THIRUPORUR,Solo,1,262409,41.9554969532295
S2233,THIRUPORUR - 33,R. PANNEERDOSS,Viduthalai Chiruthaigal Katchi,70266,478,70744,26.96,33/33,11:30 PM,04/05/2026,33,THIRUPORUR,INDIA/SPA,2,262409,26.959441177703507
S2233,THIRUPORUR - 33,K. BALU,Pattali Makkal Katchi,66845,547,67392,25.68,33/33,11:30 PM,04/05/2026,33,THIRUPORUR,NDA,3,262409,25.682045966411213
S2233,THIRUPORUR - 33,AMBETH RAJAN,Naam Tamilar Katchi,9538,78,9616,3.66,33/33,11:30 PM,04/05/2026,33,THIRUPORUR,Solo,4,262409,3.664508458170261
S2233,THIRUPORUR - 33,NOTA,None of the Above,1237,11,1248,0.48,33/33,11:30 PM,04/05/2026,33,THIRUPORUR,NOTA/Unaligned,5,262409,0.47559344382242985
S2233,THIRUPORUR - 33,D. PANNEERSELVAM,Independent,772,12,784,0.3,33/33,11:30 PM,04/05/2026,33,THIRUPORUR,Independent,6,262409,0.298770240349988
S2233,THIRUPORUR - 33,S. MESHAK,Independent,628,4,632,0.24,33/33,11:30 PM,04/05/2026,33,THIRUPORUR,Independent,7,262409,0.2408453978331536
S2233,THIRUPORUR - 33,Dr.D.VINOTH KUMAR,Bahujan Samaj Party,528,7,535,0.2,33/33,11:30 PM,04/05/2026,33,THIRUPORUR,Solo,8,262409,0.20388020227964743
S2233,THIRUPORUR - 33,A.SELVARAJ,Mannin Maithargal Kazhagam,515,9,524,0.2,33/33,11:30 PM,04/05/2026,33,THIRUPORUR,NOTA/Unaligned,9,262409,0.19968827288698177
S2233,THIRUPORUR - 33,V M CHANDIRAN,Independent,325,1,326,0.12,33/33,11:30 PM,04/05/2026,33,THIRUPORUR,Independent,10,262409,0.1242335438190001
S2233,THIRUPORUR - 33,V. DESAPPAN,Samata Party,303,5,308,0.12,33/33,11:30 PM,04/05/2026,33,THIRUPORUR,-,11,262409,0.11737402299463814
S2233,THIRUPORUR - 33,S. GNANASEKARAN,Independent,203,2,205,0.08,33/33,11:30 PM,04/05/2026,33,THIRUPORUR,Independent,12,262409,0.07812232049967799
S2234,CHEYYUR - 34,RAJASEKAR. E,All India Anna Dravida Munnetra Kazhagam,62909,900,63809,34.02,22/22,11:27 PM,04/05/2026,34,CHEYYUR,NDA,1,187584,34.01622739679291
S2234,CHEYYUR - 34,MOHAN RAJA.M.G.K,Tamilaga Vettri Kazhagam,57828,313,58141,30.99,22/22,11:27 PM,04/05/2026,34,CHEYYUR,Solo,2,187584,30.99464773114978
S2234,CHEYYUR - 34,SINTHANAI SELVAN,Viduthalai Chiruthaigal Katchi,57257,652,57909,30.87,22/22,11:27 PM,04/05/2026,34,CHEYYUR,INDIA/SPA,3,187584,30.870969805527125
S2234,CHEYYUR - 34,SWATHILAKSHMI SEKAR,Naam Tamilar Katchi,4802,51,4853,2.59,22/22,11:27 PM,04/05/2026,34,CHEYYUR,Solo,4,187584,2.5871076424428523
S2234,CHEYYUR - 34,NOTA,None of the Above,775,8,783,0.42,22/22,11:27 PM,04/05/2026,34,CHEYYUR,NOTA/Unaligned,5,187584,0.41741299897645856
S2234,CHEYYUR - 34,MURUGAVEL. A,All India Puratchi Thalaivar Makkal Munnettra Kazhagam,408,0,408,0.22,22/22,11:27 PM,04/05/2026,34,CHEYYUR,-,6,187584,0.21750255885363357
S2234,CHEYYUR - 34,GANGADURAI. K,Tamizhaga Vaazhvurimai Katchi,374,1,375,0.2,22/22,11:27 PM,04/05/2026,34,CHEYYUR,-,7,187584,0.19991044012282497
S2234,CHEYYUR - 34,RAJA. K,Independent,345,0,345,0.18,22/22,11:27 PM,04/05/2026,34,CHEYYUR,Independent,8,187584,0.18391760491299897
S2234,CHEYYUR - 34,AMBETHKAR. S,Independent,317,2,319,0.17,22/22,11:27 PM,04/05/2026,34,CHEYYUR,Independent,9,187584,0.17005714773114977
S2234,CHEYYUR - 34,GOPIKRISHNA. D,Independent,153,15,168,0.09,22/22,11:27 PM,04/05/2026,34,CHEYYUR,Independent,10,187584,0.08955987717502559
S2234,CHEYYUR - 34,JEGAN. M,Independent,157,0,157,0.08,22/22,11:27 PM,04/05/2026,34,CHEYYUR,Independent,11,187584,0.08369583759808939
S2234,CHEYYUR - 34,EZHIL. E,Independent,117,18,135,0.07,22/22,11:27 PM,04/05/2026,34,CHEYYUR,Independent,12,187584,0.07196775844421699
S2234,CHEYYUR - 34,KRISHNAKANTH. E,Independent,103,0,103,0.05,22/22,11:27 PM,04/05/2026,34,CHEYYUR,Independent,13,187584,0.05490873422040259
S2234,CHEYYUR - 34,ARUN. C,Independent,78,1,79,0.04,22/22,11:27 PM,04/05/2026,34,CHEYYUR,Independent,14,187584,0.042114466052541794
S2235,MADURANTAKAM - 35,MARAGATHAM KUMARAVEL.K,All India Anna Dravida Munnetra Kazhagam,68544,740,69284,34.95,22/22,11:27 PM,04/05/2026,35,MADURANTAKAM,NDA,1,198251,34.94761690987687
S2235,MADURANTAKAM - 35,EZHIL KATHARINE EZHILMALAI,Tamilaga Vettri Kazhagam,61738,352,62090,31.32,22/22,11:27 PM,04/05/2026,35,MADURANTAKAM,Solo,2,198251,31.318883637409144
S2235,MADURANTAKAM - 35,S.AMULU PONMALAR,Dravida Munnetra Kazhagam,59048,790,59838,30.18,22/22,11:27 PM,04/05/2026,35,MADURANTAKAM,INDIA/SPA,3,198251,30.182949896847934
S2235,MADURANTAKAM - 35,G.JANAKIRAMAN,Naam Tamilar Katchi,4897,53,4950,2.5,22/22,11:27 PM,04/05/2026,35,MADURANTAKAM,Solo,4,198251,2.496834820505319
S2235,MADURANTAKAM - 35,NOTA,None of the Above,791,6,797,0.4,22/22,11:27 PM,04/05/2026,35,MADURANTAKAM,NOTA/Unaligned,5,198251,0.4020156266550988
S2235,MADURANTAKAM - 35,NEELAM E.RAMKUMAR,Bahujan Samaj Party,372,2,374,0.19,22/22,11:27 PM,04/05/2026,35,MADURANTAKAM,Solo,6,198251,0.18864974199373521
S2235,MADURANTAKAM - 35,RANJITHAM.M,Independent,356,1,357,0.18,22/22,11:27 PM,04/05/2026,35,MADURANTAKAM,Independent,7,198251,0.1800747537212927
S2235,MADURANTAKAM - 35,R.SUGAN,All India Puratchi Thalaivar Makkal Munnettra Kazhagam,235,2,237,0.12,22/22,11:27 PM,04/05/2026,35,MADURANTAKAM,-,8,198251,0.11954542473934558
S2235,MADURANTAKAM - 35,S.PUNNIYAKOTTI,Tamizhaga Vaazhvurimai Katchi,200,6,206,0.1,22/22,11:27 PM,04/05/2026,35,MADURANTAKAM,-,9,198251,0.10390868141900923
S2235,MADURANTAKAM - 35,M.KADIRVEL,Independent,108,10,118,0.06,22/22,11:27 PM,04/05/2026,35,MADURANTAKAM,Independent,10,198251,0.05952050683224801
S2236,UTHIRAMERUR - 36,MUNIRATHINAM.J,Tamilaga Vettri Kazhagam,83909,1008,84917,37.28,24/24,11:30 PM,04/05/2026,36,UTHIRAMERUR,Solo,1,227765,37.28272561631506
S2236,UTHIRAMERUR - 36,SUNDAR.K,Dravida Munnetra Kazhagam,69426,1268,70694,31.04,24/24,11:30 PM,04/05/2026,36,UTHIRAMERUR,INDIA/SPA,2,227765,31.038131407371633
S2236,UTHIRAMERUR - 36,MAGESHKUMAR.P,Pattali Makkal Katchi,61785,1024,62809,27.58,24/24,11:30 PM,04/05/2026,36,UTHIRAMERUR,NDA,3,227765,27.57622988606678
S2236,UTHIRAMERUR - 36,MARAM MASILAMANI.B.S,Naam Tamilar Katchi,5667,116,5783,2.54,24/24,11:30 PM,04/05/2026,36,UTHIRAMERUR,Solo,4,227765,2.5390204816367747
S2236,UTHIRAMERUR - 36,NOTA,None of the Above,1085,29,1114,0.49,24/24,11:30 PM,04/05/2026,36,UTHIRAMERUR,NOTA/Unaligned,5,227765,0.48910060808289246
S2236,UTHIRAMERUR - 36,DEVARAJAN.C,Independent,549,2,551,0.24,24/24,11:30 PM,04/05/2026,36,UTHIRAMERUR,Independent,6,227765,0.24191600992250784
S2236,UTHIRAMERUR - 36,DEVENTHIRAMOORTHY.S,Independent,363,27,390,0.17,24/24,11:30 PM,04/05/2026,36,UTHIRAMERUR,Independent,7,227765,0.17122911773099467
S2236,UTHIRAMERUR - 36,SIVAKUMAR.A,Desiya Makkal Sakthi Katchi,339,3,342,0.15,24/24,11:30 PM,04/05/2026,36,UTHIRAMERUR,-,8,227765,0.15015476477948764
S2236,UTHIRAMERUR - 36,JAKIRUSAN.D,Tamizhaga Vaazhvurimai Katchi,234,1,235,0.1,24/24,11:30 PM,04/05/2026,36,UTHIRAMERUR,-,9,227765,0.10317651965841987
S2236,UTHIRAMERUR - 36,ANBU.V,Independent,221,0,221,0.1,24/24,11:30 PM,04/05/2026,36,UTHIRAMERUR,Independent,10,227765,0.09702983338089698
S2236,UTHIRAMERUR - 36,MAHESWARI.J,Independent,210,2,212,0.09,24/24,11:30 PM,04/05/2026,36,UTHIRAMERUR,Independent,11,227765,0.09307839220248941
S2236,UTHIRAMERUR - 36,MAGESH KUMAR.T,Independent,193,14,207,0.09,24/24,11:30 PM,04/05/2026,36,UTHIRAMERUR,Independent,12,227765,0.0908831471033741
S2236,UTHIRAMERUR - 36,GUNASEKAR.V,Independent,103,22,125,0.05,24/24,11:30 PM,04/05/2026,36,UTHIRAMERUR,Independent,13,227765,0.05488112747788291
S2236,UTHIRAMERUR - 36,CITTIBABU.R,Independent,91,4,95,0.04,24/24,11:30 PM,04/05/2026,36,UTHIRAMERUR,Independent,14,227765,0.04170965688319101
S2236,UTHIRAMERUR - 36,KAMALAKANNAN.K,Independent,68,2,70,0.03,24/24,11:30 PM,04/05/2026,36,UTHIRAMERUR,Independent,15,227765,0.03073343138761443
S2237,KANCHEEPURAM - 37,R.V. RANJITHKUMAR,Tamilaga Vettri Kazhagam,90321,1029,91350,37.09,26/26,11:27 PM,04/05/2026,37,KANCHEEPURAM,Solo,1,246317,37.0863561995315
S2237,KANCHEEPURAM - 37,V. SOMASUNDARAM,All India Anna Dravida Munnetra Kazhagam,74717,1145,75862,30.8,26/26,11:27 PM,04/05/2026,37,KANCHEEPURAM,NDA,2,246317,30.798523853408412
S2237,KANCHEEPURAM - 37,NITHYA SUGUMAR,Dravida Munnetra Kazhagam,68204,1140,69344,28.15,26/26,11:27 PM,04/05/2026,37,KANCHEEPURAM,INDIA/SPA,3,246317,28.152340276960178
S2237,KANCHEEPURAM - 37,VETRISELVI,Naam Tamilar Katchi,6807,143,6950,2.82,26/26,11:27 PM,04/05/2026,37,KANCHEEPURAM,Solo,4,246317,2.821567329904148
S2237,KANCHEEPURAM - 37,NOTA,None of the Above,1047,31,1078,0.44,26/26,11:27 PM,04/05/2026,37,KANCHEEPURAM,NOTA/Unaligned,5,246317,0.43764742181822613
S2237,KANCHEEPURAM - 37,G. BABU,Independent,361,3,364,0.15,26/26,11:27 PM,04/05/2026,37,KANCHEEPURAM,Independent,6,246317,0.14777705152303738
S2237,KANCHEEPURAM - 37,M. MEGANATHAN,Independent,283,3,286,0.12,26/26,11:27 PM,04/05/2026,37,KANCHEEPURAM,Independent,7,246317,0.11611054048238652
S2237,KANCHEEPURAM - 37,M. NANDHAKUMAR,Anti Corruption Dynamic Party,215,2,217,0.09,26/26,11:27 PM,04/05/2026,37,KANCHEEPURAM,-,8,246317,0.08809785763873383
S2237,KANCHEEPURAM - 37,V. NARESH,Tamizhaga Vaazhvurimai Katchi,177,1,178,0.07,26/26,11:27 PM,04/05/2026,37,KANCHEEPURAM,-,9,246317,0.07226460211840839
S2237,KANCHEEPURAM - 37,E. DHAKSHNAMOORTHY,Independent,169,9,178,0.07,26/26,11:27 PM,04/05/2026,37,KANCHEEPURAM,Independent,10,246317,0.07226460211840839
S2237,KANCHEEPURAM - 37,M. BALAJI,Independent,135,3,138,0.06,26/26,11:27 PM,04/05/2026,37,KANCHEEPURAM,Independent,11,246317,0.05602536568730538
S2237,KANCHEEPURAM - 37,P. VENKATESAN,All India Puratchi Thalaivar Makkal Munnettra Kazhagam,104,6,110,0.04,26/26,11:27 PM,04/05/2026,37,KANCHEEPURAM,-,12,246317,0.04465790018553328
S2237,KANCHEEPURAM - 37,V. SOMASUNDARAM,Independent,62,16,78,0.03,26/26,11:27 PM,04/05/2026,37,KANCHEEPURAM,Independent,13,246317,0.031666511040650866
S2237,KANCHEEPURAM - 37,GNANAMOORTHY,Independent,51,23,74,0.03,26/26,11:27 PM,04/05/2026,37,KANCHEEPURAM,Independent,14,246317,0.03004258739754057
S2237,KANCHEEPURAM - 37,M. SOMASUNDARAM,Independent,68,0,68,0.03,26/26,11:27 PM,04/05/2026,37,KANCHEEPURAM,Independent,15,246317,0.027606701932875115
S2237,KANCHEEPURAM - 37,C. DILLIBABU,Independent,40,2,42,0.02,26/26,11:27 PM,04/05/2026,37,KANCHEEPURAM,Independent,16,246317,0.01705119825265816
S2238,ARAKKONAM - 38,V. GANDHIRAJ,Tamilaga Vettri Kazhagam,73358,418,73776,40.46,22/22,11:27 PM,04/05/2026,38,ARAKKONAM,Solo,1,182340,40.46067785455742
S2238,ARAKKONAM - 38,EZHIL CAROLINE,Viduthalai Chiruthaigal Katchi,50255,400,50655,27.78,22/22,11:27 PM,04/05/2026,38,ARAKKONAM,INDIA/SPA,2,182340,27.78051990786443
S2238,ARAKKONAM - 38,S. RAVI,All India Anna Dravida Munnetra Kazhagam,49638,414,50052,27.45,22/22,11:27 PM,04/05/2026,38,ARAKKONAM,NDA,3,182340,27.44981901941428
S2238,ARAKKONAM - 38,K. RAJKUMAR,Naam Tamilar Katchi,5134,57,5191,2.85,22/22,11:27 PM,04/05/2026,38,ARAKKONAM,Solo,4,182340,2.846879455961391
S2238,ARAKKONAM - 38,NOTA,None of the Above,889,10,899,0.49,22/22,11:27 PM,04/05/2026,38,ARAKKONAM,NOTA/Unaligned,5,182340,0.49303498957990566
S2238,ARAKKONAM - 38,P. SUDHAKAR,Bahujan Samaj Party,441,10,451,0.25,22/22,11:27 PM,04/05/2026,38,ARAKKONAM,Solo,6,182340,0.24734013381594822
S2238,ARAKKONAM - 38,VETRIVEL. M,Aanaithinthiya Jananayaka Pathukappu Kazhagam,249,2,251,0.14,22/22,11:27 PM,04/05/2026,38,ARAKKONAM,-,7,182340,0.1376549303498958
S2238,ARAKKONAM - 38,N. PRAVEENKUMAR,Independent,238,0,238,0.13,22/22,11:27 PM,04/05/2026,38,ARAKKONAM,Independent,8,182340,0.1305253921246024
S2238,ARAKKONAM - 38,N. LAKSHMIPATHY,Tamizhaga Vaazhvurimai Katchi,228,1,229,0.13,22/22,11:27 PM,04/05/2026,38,ARAKKONAM,-,9,182340,0.12558955796863003
S2238,ARAKKONAM - 38,T. MURALIDHARAN,Independent,195,2,197,0.11,22/22,11:27 PM,04/05/2026,38,ARAKKONAM,Independent,10,182340,0.10803992541406164
S2238,ARAKKONAM - 38,M. SANTHANAM,Independent,148,2,150,0.08,22/22,11:27 PM,04/05/2026,38,ARAKKONAM,Independent,11,182340,0.08226390259953932
S2238,ARAKKONAM - 38,G. MOHAN,Independent,106,0,106,0.06,22/22,11:27 PM,04/05/2026,38,ARAKKONAM,Independent,12,182340,0.05813315783700779
S2238,ARAKKONAM - 38,M. MANIKANDAN,Independent,75,0,75,0.04,22/22,11:27 PM,04/05/2026,38,ARAKKONAM,Independent,13,182340,0.04113195129976966
S2238,ARAKKONAM - 38,P. GOVINDARAJ,Independent,69,1,70,0.04,22/22,11:27 PM,04/05/2026,38,ARAKKONAM,Independent,14,182340,0.03838982121311835
S2239,SHOLINGUR - 39,G.KAPIL,Tamilaga Vettri Kazhagam,83856,650,84506,36.16,26/26,11:30 PM,04/05/2026,39,SHOLINGUR,Solo,1,233684,36.16251005631537
S2239,SHOLINGUR - 39,K.SARAVANAN,Pattali Makkal Katchi,78205,615,78820,33.73,26/26,11:30 PM,04/05/2026,39,SHOLINGUR,NDA,2,233684,33.72930966604474
S2239,SHOLINGUR - 39,A.M.MUNIRATHINAM,Indian National Congress,57422,575,57997,24.82,26/26,11:30 PM,04/05/2026,39,SHOLINGUR,INDIA/SPA,3,233684,24.818558395097654
S2239,SHOLINGUR - 39,A.ASHOK KUMAR,Naam Tamilar Katchi,6362,106,6468,2.77,26/26,11:30 PM,04/05/2026,39,SHOLINGUR,Solo,4,233684,2.767840331387686
S2239,SHOLINGUR - 39,NOTA,None of the Above,557,15,572,0.24,26/26,11:30 PM,04/05/2026,39,SHOLINGUR,NOTA/Unaligned,5,233684,0.24477499529278854
S2239,SHOLINGUR - 39,M.VIJAYAN,Independent,546,2,548,0.23,26/26,11:30 PM,04/05/2026,39,SHOLINGUR,Independent,6,233684,0.2345047157700142
S2239,SHOLINGUR - 39,K.MUNISAMY,Independent,532,0,532,0.23,26/26,11:30 PM,04/05/2026,39,SHOLINGUR,Independent,7,233684,0.2276578627548313
S2239,SHOLINGUR - 39,SUDHAKAR.K,Tamizhaga Vaazhvurimai Katchi,485,5,490,0.21,26/26,11:30 PM,04/05/2026,39,SHOLINGUR,-,8,233684,0.2096848735899762
S2239,SHOLINGUR - 39,M.GIRIDHARAN,Bahujan Samaj Party,376,2,378,0.16,26/26,11:30 PM,04/05/2026,39,SHOLINGUR,Solo,9,233684,0.16175690248369592
S2239,SHOLINGUR - 39,M.DINESH,Independent,349,0,349,0.15,26/26,11:30 PM,04/05/2026,39,SHOLINGUR,Independent,10,233684,0.14934698139367694
S2239,SHOLINGUR - 39,V.MUNIRATHINAM,Independent,342,3,345,0.15,26/26,11:30 PM,04/05/2026,39,SHOLINGUR,Independent,11,233684,0.1476352681398812
S2239,SHOLINGUR - 39,T.RAJENDRAN,Independent,314,2,316,0.14,26/26,11:30 PM,04/05/2026,39,SHOLINGUR,Independent,12,233684,0.1352253470498622
S2239,SHOLINGUR - 39,N.GOPALAKRISHNAN,Independent,310,0,310,0.13,26/26,11:30 PM,04/05/2026,39,SHOLINGUR,Independent,13,233684,0.13265777716916863
S2239,SHOLINGUR - 39,N.MANI,Independent,284,0,284,0.12,26/26,11:30 PM,04/05/2026,39,SHOLINGUR,Independent,14,233684,0.12153164101949641
S2239,SHOLINGUR - 39,SANTHANAM.R,Independent,275,2,277,0.12,26/26,11:30 PM,04/05/2026,39,SHOLINGUR,Independent,15,233684,0.1185361428253539
S2239,SHOLINGUR - 39,KAVIYARASAN.SUBIRAMANI,Independent,249,0,249,0.11,26/26,11:30 PM,04/05/2026,39,SHOLINGUR,Independent,16,233684,0.10655415004878382
S2239,SHOLINGUR - 39,V.SADHASIVAM,Independent,233,1,234,0.1,26/26,11:30 PM,04/05/2026,39,SHOLINGUR,Independent,17,233684,0.10013522534704986
S2239,SHOLINGUR - 39,S.SENTHILKUMAR,Vanchit Bahujan Aaghadi,196,1,197,0.08,26/26,11:30 PM,04/05/2026,39,SHOLINGUR,-,18,233684,0.08430187774943941
S2239,SHOLINGUR - 39,A.PALANI,Independent,183,0,183,0.08,26/26,11:30 PM,04/05/2026,39,SHOLINGUR,Independent,19,233684,0.07831088136115438
S2239,SHOLINGUR - 39,V.HEMACHANDIRAN,Independent,134,2,136,0.06,26/26,11:30 PM,04/05/2026,39,SHOLINGUR,Independent,20,233684,0.05819825062905462
S2239,SHOLINGUR - 39,R.VINOTH,Veerath Thiyagi Viswanathadoss Thozhilalarkal Katchi,133,0,133,0.06,26/26,11:30 PM,04/05/2026,39,SHOLINGUR,-,21,233684,0.056914465688707824
S2239,SHOLINGUR - 39,A.ANANDAN,Independent,132,1,133,0.06,26/26,11:30 PM,04/05/2026,39,SHOLINGUR,Independent,22,233684,0.056914465688707824
S2239,SHOLINGUR - 39,S.ILAYARAJA,Independent,124,0,124,0.05,26/26,11:30 PM,04/05/2026,39,SHOLINGUR,Independent,23,233684,0.05306311086766745
S2239,SHOLINGUR - 39,R.SETHUPATHI,Independent,102,1,103,0.04,26/26,11:30 PM,04/05/2026,39,SHOLINGUR,Independent,24,233684,0.04407661628523989
S2240,KATPADI - 40,DR M SUDHAKAR,Tamilaga Vettri Kazhagam,69284,584,69868,34.33,21/21,11:30 PM,04/05/2026,40,KATPADI,Solo,1,203497,34.333675680722564
S2240,KATPADI - 40,V. RAMU,All India Anna Dravida Munnetra Kazhagam,63321,677,63998,31.45,21/21,11:30 PM,04/05/2026,40,KATPADI,NDA,2,203497,31.449112271925383
S2240,KATPADI - 40,DURAIMURUGAN,Dravida Munnetra Kazhagam,61622,603,62225,30.58,21/21,11:30 PM,04/05/2026,40,KATPADI,INDIA/SPA,3,203497,30.577846356457343
S2240,KATPADI - 40,S. THIRUKKUMARAN,Naam Tamilar Katchi,4538,87,4625,2.27,21/21,11:30 PM,04/05/2026,40,KATPADI,Solo,4,203497,2.272760777800164
S2240,KATPADI - 40,NOTA,None of the Above,726,19,745,0.37,21/21,11:30 PM,04/05/2026,40,KATPADI,NOTA/Unaligned,5,203497,0.3660987631267291
S2240,KATPADI - 40,J. RAMESH,Bahujan Samaj Party,403,4,407,0.2,21/21,11:30 PM,04/05/2026,40,KATPADI,Solo,6,203497,0.20000294844641445
S2240,KATPADI - 40,D. RAMU,Independent,321,2,323,0.16,21/21,11:30 PM,04/05/2026,40,KATPADI,Independent,7,203497,0.15872469864420605
S2240,KATPADI - 40,INDU .W,Tamil Manila Murpokku Dravida Kazhagam,314,5,319,0.16,21/21,11:30 PM,04/05/2026,40,KATPADI,-,8,203497,0.15675906770124376
S2240,KATPADI - 40,DHANANCHEZHIYAN,Independent,215,0,215,0.11,21/21,11:30 PM,04/05/2026,40,KATPADI,Independent,9,203497,0.10565266318422385
S2240,KATPADI - 40,V. CHANDRAN,All India Puratchi Thalaivar Makkal Munnettra Kazhagam,185,2,187,0.09,21/21,11:30 PM,04/05/2026,40,KATPADI,-,10,203497,0.09189324658348771
S2240,KATPADI - 40,M. SUTHAKAR,Independent,140,5,145,0.07,21/21,11:30 PM,04/05/2026,40,KATPADI,Independent,11,203497,0.07125412168238353
S2240,KATPADI - 40,S. BALAJI,Tamil Nadu Ilangyar Katchi,140,0,140,0.07,21/21,11:30 PM,04/05/2026,40,KATPADI,-,12,203497,0.06879708300368065
S2240,KATPADI - 40,DHANASEKAR,Independent,122,0,122,0.06,21/21,11:30 PM,04/05/2026,40,KATPADI,Independent,13,203497,0.05995174376035028
S2240,KATPADI - 40,GANESAN .P,Indhu Dravida Makkal Katchi,79,0,79,0.04,21/21,11:30 PM,04/05/2026,40,KATPADI,-,14,203497,0.038821211123505506
S2240,KATPADI - 40,SARAVANAN .D,Independent,54,0,54,0.03,21/21,11:30 PM,04/05/2026,40,KATPADI,Independent,15,203497,0.026536017729991104
S2240,KATPADI - 40,S. RAMAN,Independent,41,4,45,0.02,21/21,11:30 PM,04/05/2026,40,KATPADI,Independent,16,203497,0.022113348108325923
S2241,RANIPET - 41,THAHIRA,Tamilaga Vettri Kazhagam,90728,421,91149,41.24,22/22,11:30 PM,04/05/2026,41,RANIPET,Solo,1,221038,41.23680091206037
S2241,RANIPET - 41,R. GANDHI,Dravida Munnetra Kazhagam,84856,506,85362,38.62,22/22,11:30 PM,04/05/2026,41,RANIPET,INDIA/SPA,2,221038,38.61869904722265
S2241,RANIPET - 41,V.M. KARTHIKEYAN,Bharatiya Janata Party,31790,270,32060,14.5,22/22,11:30 PM,04/05/2026,41,RANIPET,NDA,3,221038,14.504293379418923
S2241,RANIPET - 41,THAARIKHA SALMAN,Naam Tamilar Katchi,7147,89,7236,3.27,22/22,11:30 PM,04/05/2026,41,RANIPET,Solo,4,221038,3.273645255566916
S2241,RANIPET - 41,NOTA,None of the Above,1202,7,1209,0.55,22/22,11:30 PM,04/05/2026,41,RANIPET,NOTA/Unaligned,5,221038,0.5469647752875071
S2241,RANIPET - 41,A. NARESHKUMAR,Independent,744,10,754,0.34,22/22,11:30 PM,04/05/2026,41,RANIPET,Independent,6,221038,0.3411178168459722
S2241,RANIPET - 41,J.JENIFERJANET,Bahujan Samaj Party,615,5,620,0.28,22/22,11:30 PM,04/05/2026,41,RANIPET,Solo,7,221038,0.28049475655769596
S2241,RANIPET - 41,K. SAKTHIVEL NATHAN,Independent,532,1,533,0.24,22/22,11:30 PM,04/05/2026,41,RANIPET,Independent,8,221038,0.2411350084600838
S2241,RANIPET - 41,J. HASSAIN,Independent,513,4,517,0.23,22/22,11:30 PM,04/05/2026,41,RANIPET,Independent,9,221038,0.23389643409730454
S2241,RANIPET - 41,N.VISWANATHAN,Tamizhaga Vaazhvurimai Katchi,366,4,370,0.17,22/22,11:30 PM,04/05/2026,41,RANIPET,-,10,221038,0.16739203213927017
S2241,RANIPET - 41,V. DHARMENDIRAN,Independent,354,2,356,0.16,22/22,11:30 PM,04/05/2026,41,RANIPET,Independent,11,221038,0.16105827957183833
S2241,RANIPET - 41,S.MUNISAMY,Anti Corruption Dynamic Party,228,1,229,0.1,22/22,11:30 PM,04/05/2026,41,RANIPET,-,12,221038,0.10360209556727802
S2241,RANIPET - 41,S.JAYAPRAKASH,Independent,228,0,228,0.1,22/22,11:30 PM,04/05/2026,41,RANIPET,Independent,13,221038,0.10314968466960432
S2241,RANIPET - 41,V. SURESH,Independent,164,2,166,0.08,22/22,11:30 PM,04/05/2026,41,RANIPET,Independent,14,221038,0.07510020901383473
S2241,RANIPET - 41,J. MOHAN,Independent,153,2,155,0.07,22/22,11:30 PM,04/05/2026,41,RANIPET,Independent,15,221038,0.07012368913942399
S2241,RANIPET - 41,N. SUGUMAR,Independent,89,5,94,0.04,22/22,11:30 PM,04/05/2026,41,RANIPET,Independent,16,221038,0.0425266243813281
S2242,ARCOT - 42,S.M.SUKUMAR,All India Anna Dravida Munnetra Kazhagam,104696,912,105608,46.77,23/23,11:27 PM,04/05/2026,42,ARCOT,NDA,1,225786,46.77349348498135
S2242,ARCOT - 42,G.VIJAY MOHAN,Tamilaga Vettri Kazhagam,62035,853,62888,27.85,23/23,11:27 PM,04/05/2026,42,ARCOT,Solo,2,225786,27.852922678996926
S2242,ARCOT - 42,J.L.ESWARAPPAN,Dravida Munnetra Kazhagam,48306,534,48840,21.63,23/23,11:27 PM,04/05/2026,42,ARCOT,INDIA/SPA,3,225786,21.631102016954106
S2242,ARCOT - 42,ARCHANA NARASIMMAN,Naam Tamilar Katchi,5381,137,5518,2.44,23/23,11:27 PM,04/05/2026,42,ARCOT,Solo,4,225786,2.443907062439655
S2242,ARCOT - 42,NOTA,None of the Above,644,12,656,0.29,23/23,11:27 PM,04/05/2026,42,ARCOT,NOTA/Unaligned,5,225786,0.2905406003915212
S2242,ARCOT - 42,M.VASANTHAKUMAR,Bahujan Samaj Party,459,9,468,0.21,23/23,11:27 PM,04/05/2026,42,ARCOT,Solo,6,225786,0.20727591613297547
S2242,ARCOT - 42,K.MANIKANDAN,Independent,397,0,397,0.18,23/23,11:27 PM,04/05/2026,42,ARCOT,Independent,7,225786,0.17583021090767365
S2242,ARCOT - 42,A.VIJAY,Independent,365,4,369,0.16,23/23,11:27 PM,04/05/2026,42,ARCOT,Independent,8,225786,0.16342908772023065
S2242,ARCOT - 42,S.P.SHANMUGAM,Aanaithinthiya Jananayaka Pathukappu Kazhagam,244,8,252,0.11,23/23,11:27 PM,04/05/2026,42,ARCOT,-,9,225786,0.11161010868698679
S2242,ARCOT - 42,V.GANDHI,Vanchit Bahujan Aaghadi,192,5,197,0.09,23/23,11:27 PM,04/05/2026,42,ARCOT,-,10,225786,0.08725075956879523
S2242,ARCOT - 42,V.SEETHARAMAN,Anti Corruption Dynamic Party,161,7,168,0.07,23/23,11:27 PM,04/05/2026,42,ARCOT,-,11,225786,0.07440673912465787
S2242,ARCOT - 42,P.VENKATESAN,Tamizhaga Vaazhvurimai Katchi,146,5,151,0.07,23/23,11:27 PM,04/05/2026,42,ARCOT,-,12,225786,0.0668774857608532
S2242,ARCOT - 42,V.SHANTHI,Independent,105,8,113,0.05,23/23,11:27 PM,04/05/2026,42,ARCOT,Independent,13,225786,0.0500473900064663
S2242,ARCOT - 42,ESWARAPPAN.M,Independent,95,8,103,0.05,23/23,11:27 PM,04/05/2026,42,ARCOT,Independent,14,225786,0.04561841743952238
S2242,ARCOT - 42,R.INDHUMATHI,Independent,58,0,58,0.03,23/23,11:27 PM,04/05/2026,42,ARCOT,Independent,15,225786,0.025688040888274737
S2243,VELLORE - 43,M.M.VINOTH KANNAN,Tamilaga Vettri Kazhagam,72563,469,73032,38.33,22/22,11:30 PM,04/05/2026,43,VELLORE,Solo,1,190527,38.331575052354786
S2243,VELLORE - 43,P.KARTHIKEYAN,Dravida Munnetra Kazhagam,65587,668,66255,34.77,22/22,11:30 PM,04/05/2026,43,VELLORE,INDIA/SPA,2,190527,34.774598875749895
S2243,VELLORE - 43,S R K APPU,All India Anna Dravida Munnetra Kazhagam,44934,524,45458,23.86,22/22,11:30 PM,04/05/2026,43,VELLORE,NDA,3,190527,23.859085588919157
S2243,VELLORE - 43,A.SONIYA,Naam Tamilar Katchi,3731,62,3793,1.99,22/22,11:30 PM,04/05/2026,43,VELLORE,Solo,4,190527,1.9907939557123138
S2243,VELLORE - 43,NOTA,None of the Above,745,12,757,0.4,22/22,11:30 PM,04/05/2026,43,VELLORE,NOTA/Unaligned,5,190527,0.397319015152708
S2243,VELLORE - 43,K.VIMALA,Naam Indiar Party,195,0,195,0.1,22/22,11:30 PM,04/05/2026,43,VELLORE,-,6,190527,0.10234769875135807
S2243,VELLORE - 43,U.VIJAYA KUMAR,Independent,191,0,191,0.1,22/22,11:30 PM,04/05/2026,43,VELLORE,Independent,7,190527,0.10024825877697124
S2243,VELLORE - 43,S.M.IRSHAD,Tamizhaga Vaazhvurimai Katchi,130,5,135,0.07,22/22,11:30 PM,04/05/2026,43,VELLORE,-,8,190527,0.07085609913555559
S2243,VELLORE - 43,M.VINOTHKUMAR,Anna MGR Dravida Makkal Kalgam,125,6,131,0.07,22/22,11:30 PM,04/05/2026,43,VELLORE,-,9,190527,0.06875665916116876
S2243,VELLORE - 43,S.MADHAN KUMAR,Independent,122,1,123,0.06,22/22,11:30 PM,04/05/2026,43,VELLORE,Independent,10,190527,0.0645577792123951
S2243,VELLORE - 43,S.GIRIDHARA PRASAD,Party for the Rights of Other backward Classes,103,0,103,0.05,22/22,11:30 PM,04/05/2026,43,VELLORE,-,11,190527,0.054060579340460935
S2243,VELLORE - 43,S.APPU,Independent,102,1,103,0.05,22/22,11:30 PM,04/05/2026,43,VELLORE,Independent,12,190527,0.054060579340460935
S2243,VELLORE - 43,K.M.VINAAYAGAM,Viro Ke Vir Indian Party,87,1,88,0.05,22/22,11:30 PM,04/05/2026,43,VELLORE,-,13,190527,0.04618767943651031
S2243,VELLORE - 43,M.LOGANATHAN,Independent,59,0,59,0.03,22/22,11:30 PM,04/05/2026,43,VELLORE,Independent,14,190527,0.030966739622205777
S2243,VELLORE - 43,K.MUNIYAPPAN,ALL PENSIONER'S PARTY,54,1,55,0.03,22/22,11:30 PM,04/05/2026,43,VELLORE,NOTA/Unaligned,15,190527,0.028867299647818943
S2243,VELLORE - 43,S.RAJKAMAL,Independent,49,0,49,0.03,22/22,11:30 PM,04/05/2026,43,VELLORE,Independent,16,190527,0.025718139686238695
S2244,ANAIKATTU - 44,D.VELAZHAGAN,All India Anna Dravida Munnetra Kazhagam,75629,673,76302,35.27,23/23,11:27 PM,04/05/2026,44,ANAIKATTU,NDA,1,216318,35.27307020220231
S2244,ANAIKATTU - 44,A.P.NANDAKUMAR,Dravida Munnetra Kazhagam,68468,753,69221,32.0,23/23,11:27 PM,04/05/2026,44,ANAIKATTU,INDIA/SPA,2,216318,31.99964866539077
S2244,ANAIKATTU - 44,R.VELMURUGAN,Tamilaga Vettri Kazhagam,62602,685,63287,29.26,23/23,11:27 PM,04/05/2026,44,ANAIKATTU,Solo,3,216318,29.25646501909226
S2244,ANAIKATTU - 44,M.RAVIKUMAR,Naam Tamilar Katchi,4630,116,4746,2.19,23/23,11:27 PM,04/05/2026,44,ANAIKATTU,Solo,4,216318,2.193992178182121
S2244,ANAIKATTU - 44,NOTA,None of the Above,1092,11,1103,0.51,23/23,11:27 PM,04/05/2026,44,ANAIKATTU,NOTA/Unaligned,5,216318,0.5098974657679897
S2244,ANAIKATTU - 44,R.SARAVANAN,Namadhu Makkal Katchi,346,5,351,0.16,23/23,11:27 PM,04/05/2026,44,ANAIKATTU,-,6,216318,0.1622611155798408
S2244,ANAIKATTU - 44,K.MANOHARAN,Independent,318,1,319,0.15,23/23,11:27 PM,04/05/2026,44,ANAIKATTU,Independent,7,216318,0.14746807940162168
S2244,ANAIKATTU - 44,V.S.VENKATESH,Aanaithinthiya Jananayaka Pathukappu Kazhagam,216,1,217,0.1,23/23,11:27 PM,04/05/2026,44,ANAIKATTU,-,8,216318,0.10031527658354829
S2244,ANAIKATTU - 44,V.VINOTHKANNA,Tamizhaga Vaazhvurimai Katchi,172,20,192,0.09,23/23,11:27 PM,04/05/2026,44,ANAIKATTU,-,9,216318,0.08875821706931462
S2244,ANAIKATTU - 44,P.JAYASEELAN,Puthiya Tamilagam,163,3,166,0.08,23/23,11:27 PM,04/05/2026,44,ANAIKATTU,-,10,216318,0.0767388751745116
S2244,ANAIKATTU - 44,R.RAMESH,Independent,150,2,152,0.07,23/23,11:27 PM,04/05/2026,44,ANAIKATTU,Independent,11,216318,0.07026692184654074
S2244,ANAIKATTU - 44,M.NANDHA KUMAR,Independent,91,4,95,0.04,23/23,11:27 PM,04/05/2026,44,ANAIKATTU,Independent,12,216318,0.043916826154087964
S2244,ANAIKATTU - 44,S.SELVAMOORTHY,Independent,87,3,90,0.04,23/23,11:27 PM,04/05/2026,44,ANAIKATTU,Independent,13,216318,0.04160541425124123
S2244,ANAIKATTU - 44,E.SURESH,Independent,75,2,77,0.04,23/23,11:27 PM,04/05/2026,44,ANAIKATTU,Independent,14,216318,0.035595743303839716
S2245,KILVAITHINANKUPPAM - 45,THENRAL KUMAR. E,Tamilaga Vettri Kazhagam,73649,656,74305,39.13,19/19,11:27 PM,04/05/2026,45,KILVAITHINANKUPPAM,Solo,1,189892,39.130137130579485
S2245,KILVAITHINANKUPPAM - 45,JEGAN MOORTHY. M,All India Anna Dravida Munnetra Kazhagam,53465,585,54050,28.46,19/19,11:27 PM,04/05/2026,45,KILVAITHINANKUPPAM,NDA,2,189892,28.463547700798348
S2245,KILVAITHINANKUPPAM - 45,DR. RAJESWARI. R,Dravida Munnetra Kazhagam,53216,682,53898,28.38,19/19,11:27 PM,04/05/2026,45,KILVAITHINANKUPPAM,INDIA/SPA,3,189892,28.383502201251236
S2245,KILVAITHINANKUPPAM - 45,KALAIYENTHIRI. R,Naam Tamilar Katchi,5088,95,5183,2.73,19/19,11:27 PM,04/05/2026,45,KILVAITHINANKUPPAM,Solo,4,189892,2.7294462115307647
S2245,KILVAITHINANKUPPAM - 45,NOTA,None of the Above,959,13,972,0.51,19/19,11:27 PM,04/05/2026,45,KILVAITHINANKUPPAM,NOTA/Unaligned,5,189892,0.5118699049986308
S2245,KILVAITHINANKUPPAM - 45,ANANDALAI THANGARAJ. M,All India Puratchi Thalaivar Makkal Munnettra Kazhagam,477,5,482,0.25,19/19,11:27 PM,04/05/2026,45,KILVAITHINANKUPPAM,-,6,189892,0.25382849198491775
S2245,KILVAITHINANKUPPAM - 45,JAYASHANKAR. J,Independent,227,0,227,0.12,19/19,11:27 PM,04/05/2026,45,KILVAITHINANKUPPAM,Independent,7,189892,0.11954163419206706
S2245,KILVAITHINANKUPPAM - 45,RAJA. M,Tamizhaga Vaazhvurimai Katchi,200,2,202,0.11,19/19,11:27 PM,04/05/2026,45,KILVAITHINANKUPPAM,-,8,189892,0.10637625597708171
S2245,KILVAITHINANKUPPAM - 45,SATHISH. A,Independent,156,1,157,0.08,19/19,11:27 PM,04/05/2026,45,KILVAITHINANKUPPAM,Independent,9,189892,0.08267857519010806
S2245,KILVAITHINANKUPPAM - 45,JAYA BHARATH. J,Independent,156,1,157,0.08,19/19,11:27 PM,04/05/2026,45,KILVAITHINANKUPPAM,Independent,10,189892,0.08267857519010806
S2245,KILVAITHINANKUPPAM - 45,MURUGAN. K.P,Independent,143,3,146,0.08,19/19,11:27 PM,04/05/2026,45,KILVAITHINANKUPPAM,Independent,11,189892,0.0768858087755145
S2245,KILVAITHINANKUPPAM - 45,KUMARESAN. L,Independent,107,6,113,0.06,19/19,11:27 PM,04/05/2026,45,KILVAITHINANKUPPAM,Independent,12,189892,0.05950750953173383
S2246,GUDIYATTAM - 46,K.SINDU,Tamilaga Vettri Kazhagam,82474,384,82858,36.17,23/23,11:27 PM,04/05/2026,46,GUDIYATTAM,Solo,1,229076,36.17052855820776
S2246,GUDIYATTAM - 46,K.B.PRADAP,Desiya Murpokku Dravida Kazhagam,72351,410,72761,31.76,23/23,11:27 PM,04/05/2026,46,GUDIYATTAM,INDIA/SPA,2,229076,31.762821072482495
S2246,GUDIYATTAM - 46,PARITHA PURUSHOTHAMAN.G,All India Anna Dravida Munnetra Kazhagam,63635,487,64122,27.99,23/23,11:27 PM,04/05/2026,46,GUDIYATTAM,NDA,3,229076,27.991583579248807
S2246,GUDIYATTAM - 46,J.EMALAN,Naam Tamilar Katchi,5735,67,5802,2.53,23/23,11:27 PM,04/05/2026,46,GUDIYATTAM,Solo,4,229076,2.532783879585814
S2246,GUDIYATTAM - 46,NOTA,None of the Above,792,7,799,0.35,23/23,11:27 PM,04/05/2026,46,GUDIYATTAM,NOTA/Unaligned,5,229076,0.34879254046691927
S2246,GUDIYATTAM - 46,T.POOVARASAN,Bahujan Samaj Party,692,5,697,0.3,23/23,11:27 PM,04/05/2026,46,GUDIYATTAM,Solo,6,229076,0.30426583317327
S2246,GUDIYATTAM - 46,SUBAKARAN.A,Independent,515,4,519,0.23,23/23,11:27 PM,04/05/2026,46,GUDIYATTAM,Independent,7,229076,0.22656236358239187
S2246,GUDIYATTAM - 46,BHARATH MATHIRUBAN,Independent,400,0,400,0.17,23/23,11:27 PM,04/05/2026,46,GUDIYATTAM,Independent,8,229076,0.17461453840646773
S2246,GUDIYATTAM - 46,K.ASHA,Puthiya Tamilagam,383,0,383,0.17,23/23,11:27 PM,04/05/2026,46,GUDIYATTAM,-,9,229076,0.16719342052419284
S2246,GUDIYATTAM - 46,K.THABITHAL,All India Puratchi Thalaivar Makkal Munnettra Kazhagam,349,2,351,0.15,23/23,11:27 PM,04/05/2026,46,GUDIYATTAM,-,10,229076,0.15322425745167542
S2246,GUDIYATTAM - 46,A.RAJESH,Independent,226,1,227,0.1,23/23,11:27 PM,04/05/2026,46,GUDIYATTAM,Independent,11,229076,0.09909375054567043
S2246,GUDIYATTAM - 46,M.SUMATHI,Independent,151,6,157,0.07,23/23,11:27 PM,04/05/2026,46,GUDIYATTAM,Independent,12,229076,0.06853620632453858
S2247,VANIYAMBADI - 47,SYED FAROOQ BASHA SSB,Indian Union Muslim League,72764,417,73181,34.43,24/24,11:30 PM,04/05/2026,47,VANIYAMBADI,INDIA/SPA,1,212534,34.43260842971007
S2247,VANIYAMBADI - 47,SYED BHURHANUDEEN,Tamilaga Vettri Kazhagam,69845,354,70199,33.03,24/24,11:30 PM,04/05/2026,47,VANIYAMBADI,Solo,2,212534,33.02953880320325
S2247,VANIYAMBADI - 47,SENDHIL KUMAR.G,All India Anna Dravida Munnetra Kazhagam,60472,583,61055,28.73,24/24,11:30 PM,04/05/2026,47,VANIYAMBADI,NDA,3,212534,28.727168358944922
S2247,VANIYAMBADI - 47,MURUGESAN.G,Naam Tamilar Katchi,4784,65,4849,2.28,24/24,11:30 PM,04/05/2026,47,VANIYAMBADI,Solo,4,212534,2.281517310171549
S2247,VANIYAMBADI - 47,NOTA,None of the Above,616,8,624,0.29,24/24,11:30 PM,04/05/2026,47,VANIYAMBADI,NOTA/Unaligned,5,212534,0.29360008281027977
S2247,VANIYAMBADI - 47,SUBRAMANI.P,Bahujan Samaj Party,599,10,609,0.29,24/24,11:30 PM,04/05/2026,47,VANIYAMBADI,Solo,6,212534,0.28654238851195574
S2247,VANIYAMBADI - 47,SUNDARAMMAL,Makkal Arasial Katchi,540,4,544,0.26,24/24,11:30 PM,04/05/2026,47,VANIYAMBADI,-,7,212534,0.2559590465525516
S2247,VANIYAMBADI - 47,ANBARASU.P,Aanaithinthiya Jananayaka Pathukappu Kazhagam,229,2,231,0.11,24/24,11:30 PM,04/05/2026,47,VANIYAMBADI,-,8,212534,0.1086884921941901
S2247,VANIYAMBADI - 47,RAJESH.T,Independent,211,2,213,0.1,24/24,11:30 PM,04/05/2026,47,VANIYAMBADI,Independent,9,212534,0.10021925903620127
S2247,VANIYAMBADI - 47,DEVENDRAN.J,Tamizhaga Vaazhvurimai Katchi,192,3,195,0.09,24/24,11:30 PM,04/05/2026,47,VANIYAMBADI,-,10,212534,0.09175002587821243
S2247,VANIYAMBADI - 47,MANOJ.S,Independent,166,0,166,0.08,24/24,11:30 PM,04/05/2026,47,VANIYAMBADI,Independent,11,212534,0.07810515023478597
S2247,VANIYAMBADI - 47,NAVEEN.R,Independent,158,1,159,0.07,24/24,11:30 PM,04/05/2026,47,VANIYAMBADI,Independent,12,212534,0.07481155956223474
S2247,VANIYAMBADI - 47,SRINIVASAN.A,Independent,158,0,158,0.07,24/24,11:30 PM,04/05/2026,47,VANIYAMBADI,Independent,13,212534,0.07434104660901314
S2247,VANIYAMBADI - 47,MANJUNATH.K,Independent,139,1,140,0.07,24/24,11:30 PM,04/05/2026,47,VANIYAMBADI,Independent,14,212534,0.0658718134510243
S2247,VANIYAMBADI - 47,ABDUL WAHID.A,Independent,109,0,109,0.05,24/24,11:30 PM,04/05/2026,47,VANIYAMBADI,Independent,15,212534,0.05128591190115464
S2247,VANIYAMBADI - 47,SELVARAJ.M,Independent,99,3,102,0.05,24/24,11:30 PM,04/05/2026,47,VANIYAMBADI,Independent,16,212534,0.047992321228603425
S2248,AMBUR - 48,VILWANATHAN. A.C.,Dravida Munnetra Kazhagam,73543,559,74102,37.89,24/24,11:27 PM,04/05/2026,48,AMBUR,INDIA/SPA,1,195584,37.887557264397905
S2248,AMBUR - 48,IMTHIYAZ PANDARATTUDU ABDU,Tamilaga Vettri Kazhagam,66689,282,66971,34.24,24/24,11:27 PM,04/05/2026,48,AMBUR,Solo,2,195584,34.2415535013089
S2248,AMBUR - 48,VENKATESAN. R,All India Anna Dravida Munnetra Kazhagam,46768,332,47100,24.08,24/24,11:27 PM,04/05/2026,48,AMBUR,NDA,3,195584,24.081724476439792
S2248,AMBUR - 48,AFSHIA NASRIN. S,Naam Tamilar Katchi,4143,42,4185,2.14,24/24,11:27 PM,04/05/2026,48,AMBUR,Solo,4,195584,2.139745582460733
S2248,AMBUR - 48,VISWANATHAN. J,Independent,486,4,490,0.25,24/24,11:27 PM,04/05/2026,48,AMBUR,Independent,5,195584,0.25053174083769636
S2248,AMBUR - 48,NOTA,None of the Above,465,3,468,0.24,24/24,11:27 PM,04/05/2026,48,AMBUR,NOTA/Unaligned,6,195584,0.23928337696335078
S2248,AMBUR - 48,ASADULLAH. B,Indian National League,457,0,457,0.23,24/24,11:27 PM,04/05/2026,48,AMBUR,-,7,195584,0.23365919502617802
S2248,AMBUR - 48,WAZEER AHMED. J,Bahujan Samaj Party,381,3,384,0.2,24/24,11:27 PM,04/05/2026,48,AMBUR,Solo,8,195584,0.19633507853403143
S2248,AMBUR - 48,SRINATH,Independent,231,0,231,0.12,24/24,11:27 PM,04/05/2026,48,AMBUR,Independent,9,195584,0.11810782068062828
S2248,AMBUR - 48,SASI REKA. Y,Makkal Arasial Katchi,193,1,194,0.1,24/24,11:27 PM,04/05/2026,48,AMBUR,-,10,195584,0.09919011780104713
S2248,AMBUR - 48,KUMARAVEL. P,Independent,193,0,193,0.1,24/24,11:27 PM,04/05/2026,48,AMBUR,Independent,11,195584,0.09867882853403141
S2248,AMBUR - 48,VENKATESAN. M,Independent,181,1,182,0.09,24/24,11:27 PM,04/05/2026,48,AMBUR,Independent,12,195584,0.09305464659685864
S2248,AMBUR - 48,KAREEM BASHA. A,All India Majlis-E-Inquilab-E-Millat,168,0,168,0.09,24/24,11:27 PM,04/05/2026,48,AMBUR,-,13,195584,0.08589659685863875
S2248,AMBUR - 48,MUSHTAQ AHMED KUTLAPPAI,Independent,150,1,151,0.08,24/24,11:27 PM,04/05/2026,48,AMBUR,Independent,14,195584,0.07720467931937172
S2248,AMBUR - 48,FIRDOSE AHMED. M,Independent,124,6,130,0.07,24/24,11:27 PM,04/05/2026,48,AMBUR,Independent,15,195584,0.06646760471204188
S2248,AMBUR - 48,HAROON RASHEED BADU,All India Puratchi Thalaivar Makkal Munnettra Kazhagam,91,2,93,0.05,24/24,11:27 PM,04/05/2026,48,AMBUR,-,16,195584,0.04754990183246073
S2248,AMBUR - 48,GOVINDHAN. A,All India Youth Development Party,85,0,85,0.04,24/24,11:27 PM,04/05/2026,48,AMBUR,-,17,195584,0.04345958769633508
S2249,JOLARPET - 49,VEERAMANI K.C.,All India Anna Dravida Munnetra Kazhagam,77814,819,78633,36.91,22/22,11:27 PM,04/05/2026,49,JOLARPET,NDA,1,213042,36.90962345453009
S2249,JOLARPET - 49,MUNISAMY C,Tamilaga Vettri Kazhagam,61958,592,62550,29.36,22/22,11:27 PM,04/05/2026,49,JOLARPET,Solo,2,213042,29.360407806911315
S2249,JOLARPET - 49,KAVITHADHANDAPANI,Dravida Munnetra Kazhagam,61376,601,61977,29.09,22/22,11:27 PM,04/05/2026,49,JOLARPET,INDIA/SPA,3,213042,29.091446756977497
S2249,JOLARPET - 49,SASIREKHA K,Naam Tamilar Katchi,5823,151,5974,2.8,22/22,11:27 PM,04/05/2026,49,JOLARPET,Solo,4,213042,2.8041419062907784
S2249,JOLARPET - 49,NOTA,None of the Above,684,11,695,0.33,22/22,11:27 PM,04/05/2026,49,JOLARPET,NOTA/Unaligned,5,213042,0.3262267534101257
S2249,JOLARPET - 49,PRIYA K,Independent,452,2,454,0.21,22/22,11:27 PM,04/05/2026,49,JOLARPET,Independent,6,213042,0.21310351949380874
S2249,JOLARPET - 49,KALASTHIRI S,All India Uzhavargal Uzhaippalargal Katchi,368,2,370,0.17,22/22,11:27 PM,04/05/2026,49,JOLARPET,-,7,213042,0.17367467447733312
S2249,JOLARPET - 49,SENTHAMILSELVAN M,Naadaalum Makkal Katchi,363,0,363,0.17,22/22,11:27 PM,04/05/2026,49,JOLARPET,-,8,213042,0.1703889373926268
S2249,JOLARPET - 49,THANGARAJ P,Independent,356,2,358,0.17,22/22,11:27 PM,04/05/2026,49,JOLARPET,Independent,9,213042,0.1680419823321223
S2249,JOLARPET - 49,SIVAKUMAR V C,Bahujan Samaj Party,312,4,316,0.15,22/22,11:27 PM,04/05/2026,49,JOLARPET,Solo,10,213042,0.1483275598238845
S2249,JOLARPET - 49,SASI REKA Y,Makkal Arasial Katchi,269,1,270,0.13,22/22,11:27 PM,04/05/2026,49,JOLARPET,-,11,213042,0.12673557326724308
S2249,JOLARPET - 49,CHENNA KESAVAN C,Independent,214,2,216,0.1,22/22,11:27 PM,04/05/2026,49,JOLARPET,Independent,12,213042,0.10138845861379446
S2249,JOLARPET - 49,KAVITHA C,Independent,155,0,155,0.07,22/22,11:27 PM,04/05/2026,49,JOLARPET,Independent,13,213042,0.07275560687563955
S2249,JOLARPET - 49,KRISHNAMOORTHY D,Makkal Nala Kazhagam,145,4,149,0.07,22/22,11:27 PM,04/05/2026,49,JOLARPET,-,14,213042,0.06993926080303414
S2249,JOLARPET - 49,KAMATCHI S,Independent,123,5,128,0.06,22/22,11:27 PM,04/05/2026,49,JOLARPET,Independent,15,213042,0.06008204954891524
S2249,JOLARPET - 49,SANKAR T.K,Tamizhaga Vaazhvurimai Katchi,98,6,104,0.05,22/22,11:27 PM,04/05/2026,49,JOLARPET,-,16,213042,0.04881666525849363
S2249,JOLARPET - 49,CHENRAYAN A,Independent,98,1,99,0.05,22/22,11:27 PM,04/05/2026,49,JOLARPET,Independent,17,213042,0.04646971019798913
S2249,JOLARPET - 49,VEERAMANI H,Independent,84,2,86,0.04,22/22,11:27 PM,04/05/2026,49,JOLARPET,Independent,18,213042,0.04036762704067742
S2249,JOLARPET - 49,KAVITHA T,Independent,74,2,76,0.04,22/22,11:27 PM,04/05/2026,49,JOLARPET,Independent,19,213042,0.03567371691966842
S2249,JOLARPET - 49,MOHANRAJ R,Independent,68,1,69,0.03,22/22,11:27 PM,04/05/2026,49,JOLARPET,Independent,20,213042,0.03238797983496212
S2250,TIRUPPATTUR - 50,DR.THIRUPATHI. N,Tamilaga Vettri Kazhagam,104203,895,105098,51.79,23/23,11:30 PM,04/05/2026,50,TIRUPPATTUR,Solo,1,202925,51.791548601700136
S2250,TIRUPPATTUR - 50,NALLATHAMBI. A,Dravida Munnetra Kazhagam,56264,571,56835,28.01,23/23,11:30 PM,04/05/2026,50,TIRUPPATTUR,INDIA/SPA,2,202925,28.007884686460514
S2250,TIRUPPATTUR - 50,GNANASEKAR. A,Amma Makkal Munnettra Kazagam,29817,186,30003,14.79,23/23,11:30 PM,04/05/2026,50,TIRUPPATTUR,NDA,3,202925,14.785265492176913
S2250,TIRUPPATTUR - 50,ARUMUGAM. V,Naam Tamilar Katchi,5360,122,5482,2.7,23/23,11:30 PM,04/05/2026,50,TIRUPPATTUR,Solo,4,202925,2.701490698533941
S2250,TIRUPPATTUR - 50,RAJESH. S,Tamizhaga Vaazhvurimai Katchi,485,1,486,0.24,23/23,11:30 PM,04/05/2026,50,TIRUPPATTUR,-,5,202925,0.23949735123814217
S2250,TIRUPPATTUR - 50,NOTA,None of the Above,456,8,464,0.23,23/23,11:30 PM,04/05/2026,50,TIRUPPATTUR,NOTA/Unaligned,6,202925,0.2286559073549341
S2250,TIRUPPATTUR - 50,THIRUPATHI. N,Independent,447,0,447,0.22,23/23,11:30 PM,04/05/2026,50,TIRUPPATTUR,Independent,7,202925,0.22027842799063693
S2250,TIRUPPATTUR - 50,VENKATESAN. K,Independent,407,1,408,0.2,23/23,11:30 PM,04/05/2026,50,TIRUPPATTUR,Independent,8,202925,0.2010595047431317
S2250,TIRUPPATTUR - 50,SEKAR. N,All India Youth Development Party,385,2,387,0.19,23/23,11:30 PM,04/05/2026,50,TIRUPPATTUR,-,9,202925,0.1907108537637058
S2250,TIRUPPATTUR - 50,RAJIV GANDHI. S,Bahujan Samaj Party,359,2,361,0.18,23/23,11:30 PM,04/05/2026,50,TIRUPPATTUR,Solo,10,202925,0.177898238265369
S2250,TIRUPPATTUR - 50,THIRUPATHI. C,Independent,349,6,355,0.17,23/23,11:30 PM,04/05/2026,50,TIRUPPATTUR,Independent,11,202925,0.17494148084267586
S2250,TIRUPPATTUR - 50,VIJAYAKUMAR. G,Aanaithinthiya Jananayaka Pathukappu Kazhagam,343,2,345,0.17,23/23,11:30 PM,04/05/2026,50,TIRUPPATTUR,-,12,202925,0.170013551804854
S2250,TIRUPPATTUR - 50,THIRUPATHI. S,Independent,331,8,339,0.17,23/23,11:30 PM,04/05/2026,50,TIRUPPATTUR,Independent,13,202925,0.1670567943821609
S2250,TIRUPPATTUR - 50,RAGUJOSEPH. J,Independent,308,0,308,0.15,23/23,11:30 PM,04/05/2026,50,TIRUPPATTUR,Independent,14,202925,0.15178021436491315
S2250,TIRUPPATTUR - 50,KALASTHIRI. S,All India Uzhavargal Uzhaippalargal Katchi,203,5,208,0.1,23/23,11:30 PM,04/05/2026,50,TIRUPPATTUR,-,15,202925,0.1025009239866946
S2250,TIRUPPATTUR - 50,GNANASEKARAN. R,Independent,206,0,206,0.1,23/23,11:30 PM,04/05/2026,50,TIRUPPATTUR,Independent,16,202925,0.10151533817913022
S2250,TIRUPPATTUR - 50,NALLATHAMBI. R,Independent,191,1,192,0.09,23/23,11:30 PM,04/05/2026,50,TIRUPPATTUR,Independent,17,202925,0.09461623752617962
S2250,TIRUPPATTUR - 50,SANKAR. S,Independent,181,1,182,0.09,23/23,11:30 PM,04/05/2026,50,TIRUPPATTUR,Independent,18,202925,0.08968830848835777
S2250,TIRUPPATTUR - 50,DR.POOVALAGI. P,Independent,138,1,139,0.07,23/23,11:30 PM,04/05/2026,50,TIRUPPATTUR,Independent,19,202925,0.0684982136257238
S2250,TIRUPPATTUR - 50,SATHIYAMOORTHY. S,Makkal Nala Kazhagam,135,1,136,0.07,23/23,11:30 PM,04/05/2026,50,TIRUPPATTUR,-,20,202925,0.06701983491437723
S2250,TIRUPPATTUR - 50,BALABHARATHI. S.V,Independent,127,1,128,0.06,23/23,11:30 PM,04/05/2026,50,TIRUPPATTUR,Independent,21,202925,0.06307749168411975
S2250,TIRUPPATTUR - 50,GNANASEKARAN. M,Independent,126,1,127,0.06,23/23,11:30 PM,04/05/2026,50,TIRUPPATTUR,Independent,22,202925,0.06258469878033757
S2250,TIRUPPATTUR - 50,MOHAN RAJ. R,Independent,119,0,119,0.06,23/23,11:30 PM,04/05/2026,50,TIRUPPATTUR,Independent,23,202925,0.05864235555008008
S2250,TIRUPPATTUR - 50,ANJALI. M,Independent,110,5,115,0.06,23/23,11:30 PM,04/05/2026,50,TIRUPPATTUR,Independent,24,202925,0.05667118393495134
S2250,TIRUPPATTUR - 50,GOVIND. T.G,Independent,55,0,55,0.03,23/23,11:30 PM,04/05/2026,50,TIRUPPATTUR,Independent,25,202925,0.027103609708020206
S2251,UTHANGARAI - 51,N ELAIYARAJA,Tamilaga Vettri Kazhagam,69448,753,70201,34.16,25/25,11:30 PM,04/05/2026,51,UTHANGARAI,Solo,1,205530,34.156084269936265
S2251,UTHANGARAI - 51,T M TAMILSELVAM,All India Anna Dravida Munnetra Kazhagam,64081,922,65003,31.63,25/25,11:30 PM,04/05/2026,51,UTHANGARAI,NDA,2,205530,31.627013088113657
S2251,UTHANGARAI - 51,R KUPPUSAMY,Indian National Congress,59877,1116,60993,29.68,25/25,11:30 PM,04/05/2026,51,UTHANGARAI,INDIA/SPA,3,205530,29.675959713910377
S2251,UTHANGARAI - 51,MEKALA,Naam Tamilar Katchi,6486,143,6629,3.23,25/25,11:30 PM,04/05/2026,51,UTHANGARAI,Solo,4,205530,3.225319904636793
S2251,UTHANGARAI - 51,NOTA,None of the Above,867,14,881,0.43,25/25,11:30 PM,04/05/2026,51,UTHANGARAI,NOTA/Unaligned,5,205530,0.4286478859533888
S2251,UTHANGARAI - 51,K THAVARAJ,Tamizhaga Vaazhvurimai Katchi,288,3,291,0.14,25/25,11:30 PM,04/05/2026,51,UTHANGARAI,-,6,205530,0.14158517004816815
S2251,UTHANGARAI - 51,MUNIRAJ,Independent,255,2,257,0.13,25/25,11:30 PM,04/05/2026,51,UTHANGARAI,Independent,7,205530,0.12504257286040968
S2251,UTHANGARAI - 51,KUMARAVEL,Independent,245,2,247,0.12,25/25,11:30 PM,04/05/2026,51,UTHANGARAI,Independent,8,205530,0.12017710309930424
S2251,UTHANGARAI - 51,TAMILMANI,Independent,234,7,241,0.12,25/25,11:30 PM,04/05/2026,51,UTHANGARAI,Independent,9,205530,0.11725782124264097
S2251,UTHANGARAI - 51,VIJIYAL,Aanaithinthiya Jananayaka Pathukappu Kazhagam,203,3,206,0.1,25/25,11:30 PM,04/05/2026,51,UTHANGARAI,-,10,205530,0.10022867707877195
S2251,UTHANGARAI - 51,BAKKIYARAJ R,Independent,173,3,176,0.09,25/25,11:30 PM,04/05/2026,51,UTHANGARAI,Independent,11,205530,0.08563226779545566
S2251,UTHANGARAI - 51,A SAMRAJ,Independent,151,4,155,0.08,25/25,11:30 PM,04/05/2026,51,UTHANGARAI,Independent,12,205530,0.07541478129713423
S2251,UTHANGARAI - 51,PALANI R,Thakkam Katchi,135,0,135,0.07,25/25,11:30 PM,04/05/2026,51,UTHANGARAI,-,13,205530,0.06568384177492337
S2251,UTHANGARAI - 51,RAMESHWARI,Bharat Jan Chikitsa Party,115,0,115,0.06,25/25,11:30 PM,04/05/2026,51,UTHANGARAI,NOTA/Unaligned,14,205530,0.0559529022527125
S2252,BARGUR - 52,E.C. GOVINDARASAN,All India Anna Dravida Munnetra Kazhagam,70298,942,71240,33.3,24/24,11:27 PM,04/05/2026,52,BARGUR,NDA,1,213960,33.29594316694709
S2252,BARGUR - 52,E. MURALIDHARAN,Tamilaga Vettri Kazhagam,66044,955,66999,31.31,24/24,11:27 PM,04/05/2026,52,BARGUR,Solo,2,213960,31.313796971396524
S2252,BARGUR - 52,D. MATHIAZHAGAN,Dravida Munnetra Kazhagam,63874,1354,65228,30.49,24/24,11:27 PM,04/05/2026,52,BARGUR,INDIA/SPA,3,213960,30.486072163021124
S2252,BARGUR - 52,KAVINKUMAR. S,Naam Tamilar Katchi,5321,141,5462,2.55,24/24,11:27 PM,04/05/2026,52,BARGUR,Solo,4,213960,2.5528136100205647
S2252,BARGUR - 52,D. SIVASANKARAN,Bahujan Samaj Party,695,13,708,0.33,24/24,11:27 PM,04/05/2026,52,BARGUR,Solo,5,213960,0.3309029725182277
S2252,BARGUR - 52,A. SUDHAKAR,Republican Party of India (Athawale),680,18,698,0.33,24/24,11:27 PM,04/05/2026,52,BARGUR,-,6,213960,0.3262292017199477
S2252,BARGUR - 52,NOTA,None of the Above,607,24,631,0.29,24/24,11:27 PM,04/05/2026,52,BARGUR,NOTA/Unaligned,7,213960,0.2949149373714713
S2252,BARGUR - 52,S. ALBERT FRANCIS XAVIER,Tamizhaga Vaazhvurimai Katchi,591,16,607,0.28,24/24,11:27 PM,04/05/2026,52,BARGUR,-,8,213960,0.28369788745559915
S2252,BARGUR - 52,MANI. K,All India Youth Development Party,522,2,524,0.24,24/24,11:27 PM,04/05/2026,52,BARGUR,-,9,213960,0.24490558982987473
S2252,BARGUR - 52,MATHESH. R,Independent,473,4,477,0.22,24/24,11:27 PM,04/05/2026,52,BARGUR,Independent,10,213960,0.22293886707795849
S2252,BARGUR - 52,E.C. GOVINDARAJE,Independent,340,5,345,0.16,24/24,11:27 PM,04/05/2026,52,BARGUR,Independent,11,213960,0.1612450925406618
S2252,BARGUR - 52,M. NEDUNCHEZLIAN,Periyar Ambedkar Munnetra Kazhagam (PAMK),273,1,274,0.13,24/24,11:27 PM,04/05/2026,52,BARGUR,-,12,213960,0.12806131987287345
S2252,BARGUR - 52,S. SASIKUMAR,Independent,255,0,255,0.12,24/24,11:27 PM,04/05/2026,52,BARGUR,Independent,13,213960,0.11918115535614134
S2252,BARGUR - 52,D. GOVINDARAJAN,Independent,208,2,210,0.1,24/24,11:27 PM,04/05/2026,52,BARGUR,Independent,14,213960,0.0981491867638811
S2252,BARGUR - 52,K. ANNADURAI,Independent,156,3,159,0.07,24/24,11:27 PM,04/05/2026,52,BARGUR,Independent,15,213960,0.07431295569265284
S2252,BARGUR - 52,ANITHA MAYAPERUMAL,Independent,130,13,143,0.07,24/24,11:27 PM,04/05/2026,52,BARGUR,Independent,16,213960,0.06683492241540474
S2253,KRISHNAGIRI - 53,MUKUNDHAN.P,Tamilaga Vettri Kazhagam,88252,1122,89374,38.83,25/25,11:27 PM,04/05/2026,53,KRISHNAGIRI,Solo,1,230181,38.827705153770296
S2253,KRISHNAGIRI - 53,ASHOKKUMAR.K,All India Anna Dravida Munnetra Kazhagam,69487,1043,70530,30.64,25/25,11:27 PM,04/05/2026,53,KRISHNAGIRI,NDA,2,230181,30.641104174540907
S2253,KRISHNAGIRI - 53,CHELLAKUMAR.A,Indian National Congress,58552,1045,59597,25.89,25/25,11:27 PM,04/05/2026,53,KRISHNAGIRI,INDIA/SPA,3,230181,25.89136375287274
S2253,KRISHNAGIRI - 53,SUGANTHI,Naam Tamilar Katchi,6223,175,6398,2.78,25/25,11:27 PM,04/05/2026,53,KRISHNAGIRI,Solo,4,230181,2.7795517440622812
S2253,KRISHNAGIRI - 53,NOTA,None of the Above,1094,42,1136,0.49,25/25,11:27 PM,04/05/2026,53,KRISHNAGIRI,NOTA/Unaligned,5,230181,0.4935246610276261
S2253,KRISHNAGIRI - 53,SIVAKUMAR.S,Bahujan Samaj Party,594,14,608,0.26,25/25,11:27 PM,04/05/2026,53,KRISHNAGIRI,Solo,6,230181,0.2641399594232365
S2253,KRISHNAGIRI - 53,SINGARAVELAN VISWANATHAN,Vishwa Tamil Kazhagam,530,5,535,0.23,25/25,11:27 PM,04/05/2026,53,KRISHNAGIRI,-,7,230181,0.2324257866635387
S2253,KRISHNAGIRI - 53,MUTHULAKSHMI VEERAPPAN,Tamizhaga Vaazhvurimai Katchi,352,14,366,0.16,25/25,11:27 PM,04/05/2026,53,KRISHNAGIRI,-,8,230181,0.1590053045212246
S2253,KRISHNAGIRI - 53,MANGAMMAL,Tamilar Makkal Katchi,335,1,336,0.15,25/25,11:27 PM,04/05/2026,53,KRISHNAGIRI,-,9,230181,0.14597208283915702
S2253,KRISHNAGIRI - 53,SIVAN.C,Independent,281,4,285,0.12,25/25,11:27 PM,04/05/2026,53,KRISHNAGIRI,Independent,10,230181,0.12381560597964211
S2253,KRISHNAGIRI - 53,SRINIVASAN.K,Independent,230,1,231,0.1,25/25,11:27 PM,04/05/2026,53,KRISHNAGIRI,Independent,11,230181,0.10035580695192045
S2253,KRISHNAGIRI - 53,VENKATESHRAJA.E,Independent,168,0,168,0.07,25/25,11:27 PM,04/05/2026,53,KRISHNAGIRI,Independent,12,230181,0.07298604141957851
S2253,KRISHNAGIRI - 53,ADVOCATE.MUTHAIAH.S.,Thakkam Katchi,146,13,159,0.07,25/25,11:27 PM,04/05/2026,53,KRISHNAGIRI,-,13,230181,0.06907607491495824
S2253,KRISHNAGIRI - 53,KUMARESAN.M,Independent,151,3,154,0.07,25/25,11:27 PM,04/05/2026,53,KRISHNAGIRI,Independent,14,230181,0.0669038713012803
S2253,KRISHNAGIRI - 53,CHANDRAMOHAN.K.M.,Independent,151,3,154,0.07,25/25,11:27 PM,04/05/2026,53,KRISHNAGIRI,Independent,15,230181,0.0669038713012803
S2253,KRISHNAGIRI - 53,NANJUNDAN.M,Independent,149,1,150,0.07,25/25,11:27 PM,04/05/2026,53,KRISHNAGIRI,Independent,16,230181,0.06516610841033794
S2254,VEPPANAHALLI - 54,SRINIVASAN.P.S,Dravida Munnetra Kazhagam,74147,544,74691,33.55,27/27,11:30 PM,04/05/2026,54,VEPPANAHALLI,INDIA/SPA,1,222608,33.552702508445336
S2254,VEPPANAHALLI - 54,MUNUSAMY.K.P,All India Anna Dravida Munnetra Kazhagam,74020,533,74553,33.49,27/27,11:30 PM,04/05/2026,54,VEPPANAHALLI,NDA,2,222608,33.490710127219145
S2254,VEPPANAHALLI - 54,SAMPANGI.S.R,Tamilaga Vettri Kazhagam,63487,420,63907,28.71,27/27,11:30 PM,04/05/2026,54,VEPPANAHALLI,Solo,3,222608,28.708312369726155
S2254,VEPPANAHALLI - 54,NAGARAJ.R,Naam Tamilar Katchi,4471,48,4519,2.03,27/27,11:30 PM,04/05/2026,54,VEPPANAHALLI,Solo,4,222608,2.0300258750808595
S2254,VEPPANAHALLI - 54,NOTA,None of the Above,1559,11,1570,0.71,27/27,11:30 PM,04/05/2026,54,VEPPANAHALLI,NOTA/Unaligned,5,222608,0.7052756414863797
S2254,VEPPANAHALLI - 54,IYAPPAN.L,Tamizhaga Vaazhvurimai Katchi,867,4,871,0.39,27/27,11:30 PM,04/05/2026,54,VEPPANAHALLI,-,6,222608,0.39127075397110617
S2254,VEPPANAHALLI - 54,VENKATESAN.C,Independent,690,2,692,0.31,27/27,11:30 PM,04/05/2026,54,VEPPANAHALLI,Independent,7,222608,0.3108603464385826
S2254,VEPPANAHALLI - 54,RAMASAMY.G.C,Independent,487,0,487,0.22,27/27,11:30 PM,04/05/2026,54,VEPPANAHALLI,Independent,8,222608,0.21877021490692158
S2254,VEPPANAHALLI - 54,MANOHARAN.K.A,Independent,345,0,345,0.15,27/27,11:30 PM,04/05/2026,54,VEPPANAHALLI,Independent,9,222608,0.15498095306547832
S2254,VEPPANAHALLI - 54,YUVARAJ.K.P.U,Independent,262,3,265,0.12,27/27,11:30 PM,04/05/2026,54,VEPPANAHALLI,Independent,10,222608,0.11904334076043988
S2254,VEPPANAHALLI - 54,SENTHILKUMAR.R,Tamil Nadu Ilangyar Katchi,215,0,215,0.1,27/27,11:30 PM,04/05/2026,54,VEPPANAHALLI,-,11,222608,0.09658233306979085
S2254,VEPPANAHALLI - 54,GOVINDARAJ.G.J,Independent,183,2,185,0.08,27/27,11:30 PM,04/05/2026,54,VEPPANAHALLI,Independent,12,222608,0.08310572845540143
S2254,VEPPANAHALLI - 54,PRAJAPATHI VIJAY.C,Tamilar Makkal Katchi,154,2,156,0.07,27/27,11:30 PM,04/05/2026,54,VEPPANAHALLI,-,13,222608,0.07007834399482499
S2254,VEPPANAHALLI - 54,ESHWARAN.C,Independent,151,1,152,0.07,27/27,11:30 PM,04/05/2026,54,VEPPANAHALLI,Independent,14,222608,0.06828146337957307
S2255,HOSUR - 55,BALAKRISHNAREDDY. P,All India Anna Dravida Munnetra Kazhagam,109047,820,109867,39.55,32/32,11:27 PM,04/05/2026,55,HOSUR,NDA,1,277770,39.55322749036973
S2255,HOSUR - 55,VENDARKARASAN.S,Tamilaga Vettri Kazhagam,81604,460,82064,29.54,32/32,11:27 PM,04/05/2026,55,HOSUR,Solo,2,277770,29.54386722828239
S2255,HOSUR - 55,SATHYA.S.A.,Dravida Munnetra Kazhagam,72966,807,73773,26.56,32/32,11:27 PM,04/05/2026,55,HOSUR,INDIA/SPA,3,277770,26.559023652662276
S2255,HOSUR - 55,STALIN.R,Naam Tamilar Katchi,7573,59,7632,2.75,32/32,11:27 PM,04/05/2026,55,HOSUR,Solo,4,277770,2.747596932714116
S2255,HOSUR - 55,NOTA,None of the Above,1585,29,1614,0.58,32/32,11:27 PM,04/05/2026,55,HOSUR,NOTA/Unaligned,5,277770,0.5810562695755481
S2255,HOSUR - 55,SURYA. Y,Republican Party of India (Athawale),1154,21,1175,0.42,32/32,11:27 PM,04/05/2026,55,HOSUR,-,6,277770,0.4230118443316413
S2255,HOSUR - 55,MASOOD.S,Independent,290,2,292,0.11,32/32,11:27 PM,04/05/2026,55,HOSUR,Independent,7,277770,0.10512294344241639
S2255,HOSUR - 55,RAJENDRAN.P,Independent,270,1,271,0.1,32/32,11:27 PM,04/05/2026,55,HOSUR,Independent,8,277770,0.09756273175648918
S2255,HOSUR - 55,PONNUMANI.R,Tamilar Makkal Katchi,238,2,240,0.09,32/32,11:27 PM,04/05/2026,55,HOSUR,-,9,277770,0.08640241926773949
S2255,HOSUR - 55,MARIYA FRANCIS.S,Independent,235,3,238,0.09,32/32,11:27 PM,04/05/2026,55,HOSUR,Independent,10,277770,0.085682399107175
S2255,HOSUR - 55,GANESH.M,Independent,189,1,190,0.07,32/32,11:27 PM,04/05/2026,55,HOSUR,Independent,11,277770,0.0684019152536271
S2255,HOSUR - 55,PATTABIRAMA. C,Independent,174,2,176,0.06,32/32,11:27 PM,04/05/2026,55,HOSUR,Independent,12,277770,0.06336177412967563
S2255,HOSUR - 55,DEVAPPA.Y,Independent,134,1,135,0.05,32/32,11:27 PM,04/05/2026,55,HOSUR,Independent,13,277770,0.048601360838103465
S2255,HOSUR - 55,DR.SHANMUGAM.A.R.,Independent,102,1,103,0.04,32/32,11:27 PM,04/05/2026,55,HOSUR,Independent,14,277770,0.03708103826907153
S2256,THALLI - 56,RAMACHANDRAN. T,Communist Party of India,77470,813,78283,38.02,24/24,11:30 PM,04/05/2026,56,THALLI,INDIA/SPA,1,205878,38.02397536405056
S2256,THALLI - 56,DR.NAGESH KUMAR. C,Bharatiya Janata Party,72587,456,73043,35.48,24/24,11:30 PM,04/05/2026,56,THALLI,NDA,2,205878,35.478778694178104
S2256,THALLI - 56,SURESH. G,Tamilaga Vettri Kazhagam,44977,268,45245,21.98,24/24,11:30 PM,04/05/2026,56,THALLI,Solo,3,205878,21.976607505415828
S2256,THALLI - 56,NARASIMMA REDDY ALIAS NARASIMMAN. R,Naam Tamilar Katchi,4078,29,4107,1.99,24/24,11:30 PM,04/05/2026,56,THALLI,Solo,4,205878,1.9948707486958295
S2256,THALLI - 56,NOTA,None of the Above,1544,6,1550,0.75,24/24,11:30 PM,04/05/2026,56,THALLI,NOTA/Unaligned,5,205878,0.7528730607447129
S2256,THALLI - 56,AJITH. G,Tamizhaga Vaazhvurimai Katchi,1007,10,1017,0.49,24/24,11:30 PM,04/05/2026,56,THALLI,-,6,205878,0.4939818727595955
S2256,THALLI - 56,ASANRAJA. K,Independent,698,3,701,0.34,24/24,11:30 PM,04/05/2026,56,THALLI,Independent,7,205878,0.3404929132787379
S2256,THALLI - 56,JAGAN. M,Independent,621,1,622,0.3,24/24,11:30 PM,04/05/2026,56,THALLI,Independent,8,205878,0.3021206734085235
S2256,THALLI - 56,DEVAPPA. Y,Independent,506,0,506,0.25,24/24,11:30 PM,04/05/2026,56,THALLI,Independent,9,205878,0.24577662499149983
S2256,THALLI - 56,JAYARAM. N,Anna Makkal Katchi,420,4,424,0.21,24/24,11:30 PM,04/05/2026,56,THALLI,-,10,205878,0.2059472114553279
S2256,THALLI - 56,KUMAR. D.J,Independent,380,0,380,0.18,24/24,11:30 PM,04/05/2026,56,THALLI,Independent,11,205878,0.18457533102128446
S2257,PALACODU - 57,ANBALAGAN. K.P.,All India Anna Dravida Munnetra Kazhagam,101533,1274,102807,45.64,23/23,11:30 PM,04/05/2026,57,PALACODU,NDA,1,225257,45.63986912726352
S2257,PALACODU - 57,GOPI. R.,Tamilaga Vettri Kazhagam,63211,554,63765,28.31,23/23,11:30 PM,04/05/2026,57,PALACODU,Solo,2,225257,28.307666354430715
S2257,PALACODU - 57,DR. DNV SENTHILKUMAR. S.,Dravida Munnetra Kazhagam,49220,823,50043,22.22,23/23,11:30 PM,04/05/2026,57,PALACODU,INDIA/SPA,3,225257,22.21595777267743
S2257,PALACODU - 57,BOOPATHI. R.,Naam Tamilar Katchi,5492,106,5598,2.49,23/23,11:30 PM,04/05/2026,57,PALACODU,Solo,4,225257,2.485161393430615
S2257,PALACODU - 57,NOTA,None of the Above,1285,7,1292,0.57,23/23,11:30 PM,04/05/2026,57,PALACODU,NOTA/Unaligned,5,225257,0.5735670811561905
S2257,PALACODU - 57,RAMAN. M.,Independent,358,0,358,0.16,23/23,11:30 PM,04/05/2026,57,PALACODU,Independent,6,225257,0.15892957821510542
S2257,PALACODU - 57,MADHAPPAN. P.,Independent,281,2,283,0.13,23/23,11:30 PM,04/05/2026,57,PALACODU,Independent,7,225257,0.12563427551641015
S2257,PALACODU - 57,PERUMAL MUNUSAMY. M.,Independent,222,1,223,0.1,23/23,11:30 PM,04/05/2026,57,PALACODU,Independent,8,225257,0.09899803335745393
S2257,PALACODU - 57,RAMESH. P.,Naadaalum Makkal Katchi,176,3,179,0.08,23/23,11:30 PM,04/05/2026,57,PALACODU,-,9,225257,0.07946478910755271
S2257,PALACODU - 57,PALANIYAMMAL. M.,Tamilar Makkal Katchi,153,2,155,0.07,23/23,11:30 PM,04/05/2026,57,PALACODU,-,10,225257,0.06881029224397021
S2257,PALACODU - 57,SENTHILKUMAR. G.,Independent,140,5,145,0.06,23/23,11:30 PM,04/05/2026,57,PALACODU,Independent,11,225257,0.06437091855081085
S2257,PALACODU - 57,JAYARAMAN PERUMAL. P.,Tamizhaga Vaazhvurimai Katchi,115,3,118,0.05,23/23,11:30 PM,04/05/2026,57,PALACODU,-,12,225257,0.05238460957928055
S2257,PALACODU - 57,SENTHILKUMAR. K,Independent,109,7,116,0.05,23/23,11:30 PM,04/05/2026,57,PALACODU,Independent,13,225257,0.05149673484064868
S2257,PALACODU - 57,CHINNASAMY. N.,Independent,114,0,114,0.05,23/23,11:30 PM,04/05/2026,57,PALACODU,Independent,14,225257,0.05060886010201681
S2257,PALACODU - 57,KRISHNAN. L.,Independent,61,0,61,0.03,23/23,11:30 PM,04/05/2026,57,PALACODU,Independent,15,225257,0.02708017952827215
S2258,PENNAGARAM - 58,GAJENDRAN. S.,Tamilaga Vettri Kazhagam,80473,767,81240,35.53,23/23,11:30 PM,04/05/2026,58,PENNAGARAM,Solo,1,228666,35.52780037259584
S2258,PENNAGARAM - 58,SELVAM. V.,Pattali Makkal Katchi,76737,1338,78075,34.14,23/23,11:30 PM,04/05/2026,58,PENNAGARAM,NDA,2,228666,34.14368555010365
S2258,PENNAGARAM - 58,G. K. M. TAMILKUMARAN,Indian National Congress,52934,967,53901,23.57,23/23,11:30 PM,04/05/2026,58,PENNAGARAM,INDIA/SPA,3,228666,23.571934612054264
S2258,PENNAGARAM - 58,PALANIYAMMAL. T.,Naam Tamilar Katchi,7234,124,7358,3.22,23/23,11:30 PM,04/05/2026,58,PENNAGARAM,Solo,4,228666,3.217793637882326
S2258,PENNAGARAM - 58,NOTA,None of the Above,656,18,674,0.29,23/23,11:30 PM,04/05/2026,58,PENNAGARAM,NOTA/Unaligned,5,228666,0.2947530459272476
S2258,PENNAGARAM - 58,THAVAMANI. C.,Tamizhaga Vaazhvurimai Katchi,620,8,628,0.27,23/23,11:30 PM,04/05/2026,58,PENNAGARAM,-,6,228666,0.27463636920224255
S2258,PENNAGARAM - 58,AJITH KUMAR. S.,Bahujan Samaj Party,550,7,557,0.24,23/23,11:30 PM,04/05/2026,58,PENNAGARAM,Solo,7,228666,0.24358671599625656
S2258,PENNAGARAM - 58,KANNAN. K.,Tamilar Makkal Katchi,544,2,546,0.24,23/23,11:30 PM,04/05/2026,58,PENNAGARAM,-,8,228666,0.2387762063446249
S2258,PENNAGARAM - 58,POOMANI. P.,Independent,532,1,533,0.23,23/23,11:30 PM,04/05/2026,58,PENNAGARAM,Independent,9,228666,0.2330910585745148
S2258,PENNAGARAM - 58,ARUNKUMAR. G.,Independent,499,2,501,0.22,23/23,11:30 PM,04/05/2026,58,PENNAGARAM,Independent,10,228666,0.21909684867885912
S2258,PENNAGARAM - 58,ANNAMALAI. M.,Independent,477,3,480,0.21,23/23,11:30 PM,04/05/2026,58,PENNAGARAM,Independent,11,228666,0.20991314843483508
S2258,PENNAGARAM - 58,SAKTHIVEL. M.,Independent,478,2,480,0.21,23/23,11:30 PM,04/05/2026,58,PENNAGARAM,Independent,12,228666,0.20991314843483508
S2258,PENNAGARAM - 58,GNANASELVAM. S.,Independent,462,1,463,0.2,23/23,11:30 PM,04/05/2026,58,PENNAGARAM,Independent,13,228666,0.20247872442776801
S2258,PENNAGARAM - 58,THIRUMURUGAN. P.,Naadaalum Makkal Katchi,423,6,429,0.19,23/23,11:30 PM,04/05/2026,58,PENNAGARAM,-,14,228666,0.18760987641363386
S2258,PENNAGARAM - 58,TAMILARASAN. M.,Independent,395,5,400,0.17,23/23,11:30 PM,04/05/2026,58,PENNAGARAM,Independent,15,228666,0.1749276236956959
S2258,PENNAGARAM - 58,ELAVARSAN. A.,Independent,366,1,367,0.16,23/23,11:30 PM,04/05/2026,58,PENNAGARAM,Independent,16,228666,0.16049609474080098
S2258,PENNAGARAM - 58,MANOHARAN. K. A.,Independent,362,2,364,0.16,23/23,11:30 PM,04/05/2026,58,PENNAGARAM,Independent,17,228666,0.15918413756308328
S2258,PENNAGARAM - 58,VILKRISHNAN. R.,Independent,356,0,356,0.16,23/23,11:30 PM,04/05/2026,58,PENNAGARAM,Independent,18,228666,0.15568558508916935
S2258,PENNAGARAM - 58,VEERAPPAN. M.,Independent,347,0,347,0.15,23/23,11:30 PM,04/05/2026,58,PENNAGARAM,Independent,19,228666,0.15174971355601619
S2258,PENNAGARAM - 58,SENDRAYAN. G.,Independent,287,6,293,0.13,23/23,11:30 PM,04/05/2026,58,PENNAGARAM,Independent,20,228666,0.12813448435709726
S2258,PENNAGARAM - 58,TAMILSELVI. S.,Independent,259,4,263,0.12,23/23,11:30 PM,04/05/2026,58,PENNAGARAM,Independent,21,228666,0.11501491257992005
S2258,PENNAGARAM - 58,MANIVANNAN. S.,Independent,208,1,209,0.09,23/23,11:30 PM,04/05/2026,58,PENNAGARAM,Independent,22,228666,0.09139968338100112
S2258,PENNAGARAM - 58,SELVAM. V.,Independent,202,0,202,0.09,23/23,11:30 PM,04/05/2026,58,PENNAGARAM,Independent,23,228666,0.08833844996632643
S2259,DHARMAPURI - 59,SOWMIYA ANBUMANI,Pattali Makkal Katchi,91469,2244,93713,39.28,23/23,11:27 PM,04/05/2026,59,DHARMAPURI,NDA,1,238579,39.27965160387125
S2259,DHARMAPURI - 59,SIVAN. M.,Tamilaga Vettri Kazhagam,71487,1330,72817,30.52,23/23,11:27 PM,04/05/2026,59,DHARMAPURI,Solo,2,238579,30.521127173808257
S2259,DHARMAPURI - 59,DR. ELANGOVAN. V.,Desiya Murpokku Dravida Kazhagam,55457,1448,56905,23.85,23/23,11:27 PM,04/05/2026,59,DHARMAPURI,INDIA/SPA,3,238579,23.85163824142108
S2259,DHARMAPURI - 59,SHANTHALAKSHMI. K.,Naam Tamilar Katchi,6558,200,6758,2.83,23/23,11:27 PM,04/05/2026,59,DHARMAPURI,Solo,4,238579,2.832604713742618
S2259,DHARMAPURI - 59,SARAVANAN. A.,Aanaithinthiya Jananayaka Pathukappu Kazhagam,1059,19,1078,0.45,23/23,11:27 PM,04/05/2026,59,DHARMAPURI,-,5,238579,0.4518419475310065
S2259,DHARMAPURI - 59,SARAVANAN. G.,Independent,969,14,983,0.41,23/23,11:27 PM,04/05/2026,59,DHARMAPURI,Independent,6,238579,0.41202285196936866
S2259,DHARMAPURI - 59,NOTA,None of the Above,889,52,941,0.39,23/23,11:27 PM,04/05/2026,59,DHARMAPURI,NOTA/Unaligned,7,238579,0.3944186202473814
S2259,DHARMAPURI - 59,PRASANTH. DBJ.,Tamizhaga Vaazhvurimai Katchi,813,8,821,0.34,23/23,11:27 PM,04/05/2026,59,DHARMAPURI,-,8,238579,0.34412081532741773
S2259,DHARMAPURI - 59,THIRUPATHI. M.,Independent,763,0,763,0.32,23/23,11:27 PM,04/05/2026,59,DHARMAPURI,Independent,9,238579,0.319810209616102
S2259,DHARMAPURI - 59,MANIKANDAN. S.,Vishwa Tamil Kazhagam,705,5,710,0.3,23/23,11:27 PM,04/05/2026,59,DHARMAPURI,-,10,238579,0.2975953457764514
S2259,DHARMAPURI - 59,NAGARAJAN. D.,Independent,615,4,619,0.26,23/23,11:27 PM,04/05/2026,59,DHARMAPURI,Independent,11,238579,0.25945284371214566
S2259,DHARMAPURI - 59,MADHU. P.,Naadaalum Makkal Katchi,496,9,505,0.21,23/23,11:27 PM,04/05/2026,59,DHARMAPURI,-,12,238579,0.21166992903818022
S2259,DHARMAPURI - 59,SIVAGAMI. G.,Tamilar Makkal Katchi,377,5,382,0.16,23/23,11:27 PM,04/05/2026,59,DHARMAPURI,-,13,238579,0.16011467899521753
S2259,DHARMAPURI - 59,SIVAN. A.,Independent,362,10,372,0.16,23/23,11:27 PM,04/05/2026,59,DHARMAPURI,Independent,14,238579,0.15592319525188722
S2259,DHARMAPURI - 59,KUMAR. V.,Independent,348,5,353,0.15,23/23,11:27 PM,04/05/2026,59,DHARMAPURI,Independent,15,238579,0.14795937613955965
S2259,DHARMAPURI - 59,ARUMUGAM. MUNI.,Independent,210,5,215,0.09,23/23,11:27 PM,04/05/2026,59,DHARMAPURI,Independent,16,238579,0.09011690048160148
S2259,DHARMAPURI - 59,SUNDARAMOORTHY. M.,Independent,190,2,192,0.08,23/23,11:27 PM,04/05/2026,59,DHARMAPURI,Independent,17,238579,0.08047648787194178
S2259,DHARMAPURI - 59,PALANI. K.,Independent,171,7,178,0.07,23/23,11:27 PM,04/05/2026,59,DHARMAPURI,Independent,18,238579,0.07460841063127936
S2259,DHARMAPURI - 59,SIVAM. R.,Independent,161,5,166,0.07,23/23,11:27 PM,04/05/2026,59,DHARMAPURI,Independent,19,238579,0.069578630139283
S2259,DHARMAPURI - 59,PRABHAKARAN. M.,Independent,106,2,108,0.05,23/23,11:27 PM,04/05/2026,59,DHARMAPURI,Independent,20,238579,0.045268024427967256
S2260,PAPPIREDDIPATTI - 60,MARAGATHAM VETRIVEL,All India Anna Dravida Munnetra Kazhagam,100096,1733,101829,43.03,25/25,11:30 PM,04/05/2026,60,PAPPIREDDIPATTI,NDA,1,236621,43.03464189568973
S2260,PAPPIREDDIPATTI - 60,PALANIAPPAN. P,Dravida Munnetra Kazhagam,66830,1885,68715,29.04,25/25,11:30 PM,04/05/2026,60,PAPPIREDDIPATTI,INDIA/SPA,2,236621,29.040110556544008
S2260,PAPPIREDDIPATTI - 60,THILAGAVATHI. S,Tamilaga Vettri Kazhagam,56666,953,57619,24.35,25/25,11:30 PM,04/05/2026,60,PAPPIREDDIPATTI,Solo,3,236621,24.350755004838962
S2260,PAPPIREDDIPATTI - 60,ARCHANA TAMILARUVI,Naam Tamilar Katchi,5060,156,5216,2.2,25/25,11:30 PM,04/05/2026,60,PAPPIREDDIPATTI,Solo,4,236621,2.204369012048804
S2260,PAPPIREDDIPATTI - 60,GANESAN. S,Vishwa Tamil Kazhagam,761,9,770,0.33,25/25,11:30 PM,04/05/2026,60,PAPPIREDDIPATTI,-,5,236621,0.3254149040026033
S2260,PAPPIREDDIPATTI - 60,NOTA,None of the Above,661,16,677,0.29,25/25,11:30 PM,04/05/2026,60,PAPPIREDDIPATTI,NOTA/Unaligned,6,236621,0.28611154546722395
S2260,PAPPIREDDIPATTI - 60,MURUGAN. S,Independent,326,1,327,0.14,25/25,11:30 PM,04/05/2026,60,PAPPIREDDIPATTI,Independent,7,236621,0.13819568001149518
S2260,PAPPIREDDIPATTI - 60,PALANIAPPAN. R,Independent,309,6,315,0.13,25/25,11:30 PM,04/05/2026,60,PAPPIREDDIPATTI,Independent,8,236621,0.1331242789101559
S2260,PAPPIREDDIPATTI - 60,MOORTHI. P,Independent,301,1,302,0.13,25/25,11:30 PM,04/05/2026,60,PAPPIREDDIPATTI,Independent,9,236621,0.1276302610503717
S2260,PAPPIREDDIPATTI - 60,CHENNAKRISHNAN. V,All India Puratchi Thalaivar Makkal Munnettra Kazhagam,238,5,243,0.1,25/25,11:30 PM,04/05/2026,60,PAPPIREDDIPATTI,-,10,236621,0.10269587230212027
S2260,PAPPIREDDIPATTI - 60,JAMUNARANI. M,Naadaalum Makkal Katchi,186,1,187,0.08,25/25,11:30 PM,04/05/2026,60,PAPPIREDDIPATTI,-,11,236621,0.07902933382920366
S2260,PAPPIREDDIPATTI - 60,TAMILRAJ. K,Independent,143,3,146,0.06,25/25,11:30 PM,04/05/2026,60,PAPPIREDDIPATTI,Independent,12,236621,0.06170204673296115
S2260,PAPPIREDDIPATTI - 60,POOVARASU,Tamilar Makkal Katchi,121,0,121,0.05,25/25,11:30 PM,04/05/2026,60,PAPPIREDDIPATTI,-,13,236621,0.05113662777183767
S2260,PAPPIREDDIPATTI - 60,CHINNASAMY. P,Independent,78,0,78,0.03,25/25,11:30 PM,04/05/2026,60,PAPPIREDDIPATTI,Independent,14,236621,0.03296410715870527
S2260,PAPPIREDDIPATTI - 60,SATHISH. S,Independent,75,1,76,0.03,25/25,11:30 PM,04/05/2026,60,PAPPIREDDIPATTI,Independent,15,236621,0.03211887364181539
S2261,HARUR - 61,SAMPATHKUMAR. V,All India Anna Dravida Munnetra Kazhagam,74063,1460,75523,34.32,23/23,11:27 PM,04/05/2026,61,HARUR,NDA,1,220042,34.32208396578835
S2261,HARUR - 61,SHANMUGAM. A,Dravida Munnetra Kazhagam,70263,1931,72194,32.81,23/23,11:27 PM,04/05/2026,61,HARUR,INDIA/SPA,2,220042,32.8091909726325
S2261,HARUR - 61,RAKESH. K,Tamilaga Vettri Kazhagam,61685,1071,62756,28.52,23/23,11:27 PM,04/05/2026,61,HARUR,Solo,3,220042,28.520009816307795
S2261,HARUR - 61,ANITHA. A,Naam Tamilar Katchi,5055,190,5245,2.38,23/23,11:27 PM,04/05/2026,61,HARUR,Solo,4,220042,2.383635851337472
S2261,HARUR - 61,NOTA,None of the Above,758,24,782,0.36,23/23,11:27 PM,04/05/2026,61,HARUR,NOTA/Unaligned,5,220042,0.3553866989029367
S2261,HARUR - 61,NEHRU. G,Bahujan Samaj Party,690,6,696,0.32,23/23,11:27 PM,04/05/2026,61,HARUR,Solo,6,220042,0.31630325119749864
S2261,HARUR - 61,MARIKANNU. C,Republican Party of India (Athawale),622,30,652,0.3,23/23,11:27 PM,04/05/2026,61,HARUR,-,7,220042,0.29630706865053036
S2261,HARUR - 61,KARUTHAMMAL. S,Naadaalum Makkal Katchi,481,6,487,0.22,23/23,11:27 PM,04/05/2026,61,HARUR,-,8,220042,0.2213213840993992
S2261,HARUR - 61,PARTHIPAN. P,Independent,444,1,445,0.2,23/23,11:27 PM,04/05/2026,61,HARUR,Independent,9,220042,0.20223411894092946
S2261,HARUR - 61,THANGAVEL. K,Independent,437,4,441,0.2,23/23,11:27 PM,04/05/2026,61,HARUR,Independent,10,220042,0.20041628416393234
S2261,HARUR - 61,SAMPATH. C,Independent,215,2,217,0.1,23/23,11:27 PM,04/05/2026,61,HARUR,Independent,11,220042,0.09861753665209369
S2261,HARUR - 61,MANILA. S,Tamizhaga Vaazhvurimai Katchi,209,4,213,0.1,23/23,11:27 PM,04/05/2026,61,HARUR,-,12,220042,0.09679970187509657
S2261,HARUR - 61,VENKATESH (A) DR. V.K. SWAMY,Bharat Jan Chikitsa Party,158,3,161,0.07,23/23,11:27 PM,04/05/2026,61,HARUR,NOTA/Unaligned,13,220042,0.07316784977413403
S2261,HARUR - 61,KUPPURAJ. K,Tamilar Makkal Katchi,119,1,120,0.05,23/23,11:27 PM,04/05/2026,61,HARUR,-,14,220042,0.054535043309913565
S2261,HARUR - 61,SAMPATH. K,Independent,107,3,110,0.05,23/23,11:27 PM,04/05/2026,61,HARUR,Independent,15,220042,0.04999045636742076
S2262,CHENGAM - 62,S.VELU,All India Anna Dravida Munnetra Kazhagam,86953,849,87802,36.15,25/25,11:27 PM,04/05/2026,62,CHENGAM,NDA,1,242897,36.14783220871398
S2262,CHENGAM - 62,K BHARATHIDHASAN,Tamilaga Vettri Kazhagam,73985,539,74524,30.68,25/25,11:27 PM,04/05/2026,62,CHENGAM,Solo,2,242897,30.68131759552403
S2262,CHENGAM - 62,M.P.GIRI,Dravida Munnetra Kazhagam,69497,849,70346,28.96,25/25,11:27 PM,04/05/2026,62,CHENGAM,INDIA/SPA,3,242897,28.961246948294956
S2262,CHENGAM - 62,J.SHOBA,Naam Tamilar Katchi,6249,86,6335,2.61,25/25,11:27 PM,04/05/2026,62,CHENGAM,Solo,4,242897,2.608101376303536
S2262,CHENGAM - 62,NOTA,None of the Above,1103,11,1114,0.46,25/25,11:27 PM,04/05/2026,62,CHENGAM,NOTA/Unaligned,5,242897,0.45863061297587043
S2262,CHENGAM - 62,C SELVAN,Republican Party of India (Athawale),871,24,895,0.37,25/25,11:27 PM,04/05/2026,62,CHENGAM,-,6,242897,0.36846893950933934
S2262,CHENGAM - 62,A.BHARATHI,Independent,399,1,400,0.16,25/25,11:27 PM,04/05/2026,62,CHENGAM,Independent,7,242897,0.16467885564663212
S2262,CHENGAM - 62,K.VELU,Independent,393,1,394,0.16,25/25,11:27 PM,04/05/2026,62,CHENGAM,Independent,8,242897,0.16220867281193263
S2262,CHENGAM - 62,A POONGODI,Independent,197,0,197,0.08,25/25,11:27 PM,04/05/2026,62,CHENGAM,Independent,9,242897,0.08110433640596632
S2262,CHENGAM - 62,A.CHIDAMBARAM,Independent,172,1,173,0.07,25/25,11:27 PM,04/05/2026,62,CHENGAM,Independent,10,242897,0.07122360506716839
S2262,CHENGAM - 62,M.RAMAN MASILAMANI,Independent,156,0,156,0.06,25/25,11:27 PM,04/05/2026,62,CHENGAM,Independent,11,242897,0.06422475370218653
S2262,CHENGAM - 62,K MANIKANDAN,Makkal Sananayaga Kudiyarasu Katchi,149,0,149,0.06,25/25,11:27 PM,04/05/2026,62,CHENGAM,-,12,242897,0.06134287372837046
S2262,CHENGAM - 62,M.MUGILARASAN,Independent,133,4,137,0.06,25/25,11:27 PM,04/05/2026,62,CHENGAM,Independent,13,242897,0.0564025080589715
S2262,CHENGAM - 62,P.SELVAM,Independent,93,27,120,0.05,25/25,11:27 PM,04/05/2026,62,CHENGAM,Independent,14,242897,0.049403656693989634
S2262,CHENGAM - 62,C.MALATHI,Tamizhaga Vaazhvurimai Katchi,82,2,84,0.03,25/25,11:27 PM,04/05/2026,62,CHENGAM,-,15,242897,0.03458255968579274
S2262,CHENGAM - 62,D DHILIPKUMAR,Independent,58,13,71,0.03,25/25,11:27 PM,04/05/2026,62,CHENGAM,Independent,16,242897,0.0292304968772772
S2263,TIRUVANNAMALAI - 63,VELU. E.V,Dravida Munnetra Kazhagam,87271,1002,88273,40.11,23/23,11:30 PM,04/05/2026,63,TIRUVANNAMALAI,INDIA/SPA,1,220066,40.11205729190334
S2263,TIRUVANNAMALAI - 63,ARUL ARUMUGAM,Tamilaga Vettri Kazhagam,85172,646,85818,39.0,23/23,11:30 PM,04/05/2026,63,TIRUVANNAMALAI,Solo,2,220066,38.99648287331982
S2263,TIRUVANNAMALAI - 63,ELUMALAI. C,Bharatiya Janata Party,33809,471,34280,15.58,23/23,11:30 PM,04/05/2026,63,TIRUVANNAMALAI,NDA,3,220066,15.57714503830669
S2263,TIRUVANNAMALAI - 63,VIGNESH. S,Naam Tamilar Katchi,5930,81,6011,2.73,23/23,11:30 PM,04/05/2026,63,TIRUVANNAMALAI,Solo,4,220066,2.7314532912853418
S2263,TIRUVANNAMALAI - 63,NOTA,None of the Above,758,27,785,0.36,23/23,11:30 PM,04/05/2026,63,TIRUVANNAMALAI,NOTA/Unaligned,5,220066,0.3567111684676415
S2263,TIRUVANNAMALAI - 63,BENNY RAJAN. C.J,Republican Party of India (Athawale),611,16,627,0.28,23/23,11:30 PM,04/05/2026,63,TIRUVANNAMALAI,-,6,220066,0.2849145256423073
S2263,TIRUVANNAMALAI - 63,SALAM .M,Independent,474,0,474,0.22,23/23,11:30 PM,04/05/2026,63,TIRUVANNAMALAI,Independent,7,220066,0.21538992847600266
S2263,TIRUVANNAMALAI - 63,ELUMALAI. A S/O ARUMUGAM,Independent,356,0,356,0.16,23/23,11:30 PM,04/05/2026,63,TIRUVANNAMALAI,Independent,8,220066,0.16176965092290493
S2263,TIRUVANNAMALAI - 63,ARUL. K,Independent,323,2,325,0.15,23/23,11:30 PM,04/05/2026,63,TIRUVANNAMALAI,Independent,9,220066,0.14768296783692164
S2263,TIRUVANNAMALAI - 63,KOTHANDAPANI. B,Independent,284,0,284,0.13,23/23,11:30 PM,04/05/2026,63,TIRUVANNAMALAI,Independent,10,220066,0.12905219343287921
S2263,TIRUVANNAMALAI - 63,RAJ. S,Bahujan Samaj Party,281,0,281,0.13,23/23,11:30 PM,04/05/2026,63,TIRUVANNAMALAI,Solo,11,220066,0.1276889660374615
S2263,TIRUVANNAMALAI - 63,VIJAYAKUMAR. S,Naadaalum Makkal Katchi,276,1,277,0.13,23/23,11:30 PM,04/05/2026,63,TIRUVANNAMALAI,-,12,220066,0.12587132951023783
S2263,TIRUVANNAMALAI - 63,KANNAN. P,Veerath Thiyagi Viswanathadoss Thozhilalarkal Katchi,256,0,256,0.12,23/23,11:30 PM,04/05/2026,63,TIRUVANNAMALAI,-,13,220066,0.11632873774231367
S2263,TIRUVANNAMALAI - 63,PALANI. N,Independent,219,0,219,0.1,23/23,11:30 PM,04/05/2026,63,TIRUVANNAMALAI,Independent,14,220066,0.0995155998654949
S2263,TIRUVANNAMALAI - 63,ANANTH. A. M,Independent,212,0,212,0.1,23/23,11:30 PM,04/05/2026,63,TIRUVANNAMALAI,Independent,15,220066,0.09633473594285351
S2263,TIRUVANNAMALAI - 63,ADHITHYA PALANISAMY. A,Independent,188,0,188,0.09,23/23,11:30 PM,04/05/2026,63,TIRUVANNAMALAI,Independent,16,220066,0.0854289167795116
S2263,TIRUVANNAMALAI - 63,ARUL ANAND. V,Independent,168,1,169,0.08,23/23,11:30 PM,04/05/2026,63,TIRUVANNAMALAI,Independent,17,220066,0.07679514327519926
S2263,TIRUVANNAMALAI - 63,NAKKIRAN. A,Thamizhaka Padaippalar Makkal Katchi,134,1,135,0.06,23/23,11:30 PM,04/05/2026,63,TIRUVANNAMALAI,-,18,220066,0.06134523279379822
S2263,TIRUVANNAMALAI - 63,ELUMALAI. C S/O CHINNAKUZHANTHAI,Independent,130,0,130,0.06,23/23,11:30 PM,04/05/2026,63,TIRUVANNAMALAI,Independent,19,220066,0.05907318713476866
S2263,TIRUVANNAMALAI - 63,RAMESH. V,Independent,129,0,129,0.06,23/23,11:30 PM,04/05/2026,63,TIRUVANNAMALAI,Independent,20,220066,0.058618778002962744
S2263,TIRUVANNAMALAI - 63,MALLI. S,Tamizhaga Vaazhvurimai Katchi,121,1,122,0.06,23/23,11:30 PM,04/05/2026,63,TIRUVANNAMALAI,-,21,220066,0.05543791408032136
S2263,TIRUVANNAMALAI - 63,VIGNESH. M,Independent,93,0,93,0.04,23/23,11:30 PM,04/05/2026,63,TIRUVANNAMALAI,Independent,22,220066,0.042260049257949885
S2263,TIRUVANNAMALAI - 63,RAJA. V,Independent,90,1,91,0.04,23/23,11:30 PM,04/05/2026,63,TIRUVANNAMALAI,Independent,23,220066,0.04135123099433806
S2263,TIRUVANNAMALAI - 63,ELUMALAI. C S/O CHINNARASU,Independent,87,0,87,0.04,23/23,11:30 PM,04/05/2026,63,TIRUVANNAMALAI,Independent,24,220066,0.03953359446711441
S2263,TIRUVANNAMALAI - 63,VELU. V,Anti Corruption Dynamic Party,80,1,81,0.04,23/23,11:30 PM,04/05/2026,63,TIRUVANNAMALAI,-,25,220066,0.03680713967627893
S2263,TIRUVANNAMALAI - 63,MAHESWARI. R,Independent,76,1,77,0.03,23/23,11:30 PM,04/05/2026,63,TIRUVANNAMALAI,Independent,26,220066,0.03498950314905528
S2263,TIRUVANNAMALAI - 63,VENKATESAN. M,Independent,66,0,66,0.03,23/23,11:30 PM,04/05/2026,63,TIRUVANNAMALAI,Independent,27,220066,0.029991002699190243
S2263,TIRUVANNAMALAI - 63,MARIKKANNU. E,Independent,61,0,61,0.03,23/23,11:30 PM,04/05/2026,63,TIRUVANNAMALAI,Independent,28,220066,0.02771895704016068
S2263,TIRUVANNAMALAI - 63,ANBALAGAN. M,Independent,58,1,59,0.03,23/23,11:30 PM,04/05/2026,63,TIRUVANNAMALAI,Independent,29,220066,0.026810138776548854
S2263,TIRUVANNAMALAI - 63,VELU. K,Independent,57,1,58,0.03,23/23,11:30 PM,04/05/2026,63,TIRUVANNAMALAI,Independent,30,220066,0.02635572964474294
S2263,TIRUVANNAMALAI - 63,MOORTHY. P,Independent,42,0,42,0.02,23/23,11:30 PM,04/05/2026,63,TIRUVANNAMALAI,Independent,31,220066,0.019085183535848337
S2264,KILPENNATHUR - 64,RAMACHANDRAN.S,All India Anna Dravida Munnetra Kazhagam,89434,1069,90503,41.18,23/23,11:27 PM,04/05/2026,64,KILPENNATHUR,NDA,1,219790,41.177032622048316
S2264,KILPENNATHUR - 64,PITCHANDI.K,Dravida Munnetra Kazhagam,59157,881,60038,27.32,23/23,11:27 PM,04/05/2026,64,KILPENNATHUR,INDIA/SPA,2,219790,27.316074434687657
S2264,KILPENNATHUR - 64,RAJA.D,Tamilaga Vettri Kazhagam,58767,363,59130,26.9,23/23,11:27 PM,04/05/2026,64,KILPENNATHUR,Solo,3,219790,26.902952818599573
S2264,KILPENNATHUR - 64,LOGANATHAN.V,Naam Tamilar Katchi,6092,92,6184,2.81,23/23,11:27 PM,04/05/2026,64,KILPENNATHUR,Solo,4,219790,2.813594795031621
S2264,KILPENNATHUR - 64,PICHANDI.R,Independent,603,1,604,0.27,23/23,11:27 PM,04/05/2026,64,KILPENNATHUR,Independent,5,219790,0.2748077710541881
S2264,KILPENNATHUR - 64,PICHANDI.D,Independent,533,0,533,0.24,23/23,11:27 PM,04/05/2026,64,KILPENNATHUR,Independent,6,219790,0.24250420856271895
S2264,KILPENNATHUR - 64,NOTA,None of the Above,434,6,440,0.2,23/23,11:27 PM,04/05/2026,64,KILPENNATHUR,NOTA/Unaligned,7,219790,0.2001910914964284
S2264,KILPENNATHUR - 64,PICHANDI.V,Independent,302,0,302,0.14,23/23,11:27 PM,04/05/2026,64,KILPENNATHUR,Independent,8,219790,0.13740388552709404
S2264,KILPENNATHUR - 64,RAJASEKAR.P,Tamizhaga Vaazhvurimai Katchi,294,1,295,0.13,23/23,11:27 PM,04/05/2026,64,KILPENNATHUR,-,9,219790,0.13421902725328722
S2264,KILPENNATHUR - 64,DHILIPKUMAR.D,Independent,257,3,260,0.12,23/23,11:27 PM,04/05/2026,64,KILPENNATHUR,Independent,10,219790,0.11829473588425315
S2264,KILPENNATHUR - 64,JANAKIRAMAN.R,Aanaithinthiya Jananayaka Pathukappu Kazhagam,226,2,228,0.1,23/23,11:27 PM,04/05/2026,64,KILPENNATHUR,-,11,219790,0.10373538377542199
S2264,KILPENNATHUR - 64,RAJKUMAR.R,Independent,179,0,179,0.08,23/23,11:27 PM,04/05/2026,64,KILPENNATHUR,Independent,12,219790,0.08144137585877428
S2264,KILPENNATHUR - 64,SHANMUGAM.A,Thamizhaka Padaippalar Makkal Katchi,164,1,165,0.08,23/23,11:27 PM,04/05/2026,64,KILPENNATHUR,-,13,219790,0.07507165931116065
S2264,KILPENNATHUR - 64,SAMPATHRAJ.M,Independent,151,4,155,0.07,23/23,11:27 PM,04/05/2026,64,KILPENNATHUR,Independent,14,219790,0.07052186177715092
S2264,KILPENNATHUR - 64,SURYAPRAKASH.S,Independent,144,2,146,0.07,23/23,11:27 PM,04/05/2026,64,KILPENNATHUR,Independent,15,219790,0.06642704399654216
S2264,KILPENNATHUR - 64,RAJASEKAR.I,Independent,143,0,143,0.07,23/23,11:27 PM,04/05/2026,64,KILPENNATHUR,Independent,16,219790,0.06506210473633924
S2264,KILPENNATHUR - 64,LOKESHWARAN.R,Anti Corruption Dynamic Party,129,1,130,0.06,23/23,11:27 PM,04/05/2026,64,KILPENNATHUR,-,17,219790,0.05914736794212658
S2264,KILPENNATHUR - 64,SANTHOSHKUMAR.E,Independent,75,1,76,0.03,23/23,11:27 PM,04/05/2026,64,KILPENNATHUR,Independent,18,219790,0.034578461258474
S2264,KILPENNATHUR - 64,RAMACHANDRAN.K,Independent,56,9,65,0.03,23/23,11:27 PM,04/05/2026,64,KILPENNATHUR,Independent,19,219790,0.02957368397106329
S2264,KILPENNATHUR - 64,SASIKUMAR.S,Independent,52,10,62,0.03,23/23,11:27 PM,04/05/2026,64,KILPENNATHUR,Independent,20,219790,0.028208744710860368
S2264,KILPENNATHUR - 64,MURUGAN.M,Independent,47,0,47,0.02,23/23,11:27 PM,04/05/2026,64,KILPENNATHUR,Independent,21,219790,0.02138404840984576
S2264,KILPENNATHUR - 64,ATHIYAMAAN.M,Independent,44,1,45,0.02,23/23,11:27 PM,04/05/2026,64,KILPENNATHUR,Independent,22,219790,0.020474088903043815
S2264,KILPENNATHUR - 64,RAMACHANDRAN.K,Independent,33,0,33,0.02,23/23,11:27 PM,04/05/2026,64,KILPENNATHUR,Independent,23,219790,0.01501433186223213
S2264,KILPENNATHUR - 64,RAMACHANDIRAN.R,Independent,27,0,27,0.01,23/23,11:27 PM,04/05/2026,64,KILPENNATHUR,Independent,24,219790,0.012284453341826288
S2265,KALASAPAKKAM - 65,AGRI KRISHNAMURTHY. S S,All India Anna Dravida Munnetra Kazhagam,88576,1053,89629,41.86,24/24,11:27 PM,04/05/2026,65,KALASAPAKKAM,NDA,1,214127,41.857869395265425
S2265,KALASAPAKKAM - 65,SARAVANAN. P.S.T,Dravida Munnetra Kazhagam,62130,759,62889,29.37,24/24,11:27 PM,04/05/2026,65,KALASAPAKKAM,INDIA/SPA,2,214127,29.369953345444525
S2265,KALASAPAKKAM - 65,ELUMALAI. P,Tamilaga Vettri Kazhagam,51091,575,51666,24.13,24/24,11:27 PM,04/05/2026,65,KALASAPAKKAM,Solo,3,214127,24.128671302544753
S2265,KALASAPAKKAM - 65,SEETHA SIVANANDAM. P,Naam Tamilar Katchi,5173,139,5312,2.48,24/24,11:27 PM,04/05/2026,65,KALASAPAKKAM,Solo,4,214127,2.4807707575410856
S2265,KALASAPAKKAM - 65,SANTHAKUMARAN. A,Independent,686,11,697,0.33,24/24,11:27 PM,04/05/2026,65,KALASAPAKKAM,Independent,5,214127,0.32550775941380583
S2265,KALASAPAKKAM - 65,DEIVEEGAN. P,Independent,654,0,654,0.31,24/24,11:27 PM,04/05/2026,65,KALASAPAKKAM,Independent,6,214127,0.3054262190195538
S2265,KALASAPAKKAM - 65,KRISHNAMURTHY. R,Independent,575,1,576,0.27,24/24,11:27 PM,04/05/2026,65,KALASAPAKKAM,Independent,7,214127,0.2689992387695153
S2265,KALASAPAKKAM - 65,BALAJI. P,Independent,433,0,433,0.2,24/24,11:27 PM,04/05/2026,65,KALASAPAKKAM,Independent,8,214127,0.20221644164444466
S2265,KALASAPAKKAM - 65,NOTA,None of the Above,410,13,423,0.2,24/24,11:27 PM,04/05/2026,65,KALASAPAKKAM,NOTA/Unaligned,9,214127,0.1975463159713628
S2265,KALASAPAKKAM - 65,SARAVANAN. K,Independent,404,1,405,0.19,24/24,11:27 PM,04/05/2026,65,KALASAPAKKAM,Independent,10,214127,0.18914008975981544
S2265,KALASAPAKKAM - 65,SATHYA. V,Naadaalum Makkal Katchi,242,3,245,0.11,24/24,11:27 PM,04/05/2026,65,KALASAPAKKAM,-,11,214127,0.11441807899050563
S2265,KALASAPAKKAM - 65,KAMARAJ. G,Independent,184,14,198,0.09,24/24,11:27 PM,04/05/2026,65,KALASAPAKKAM,Independent,12,214127,0.09246848832702088
S2265,KALASAPAKKAM - 65,KOTHANDAPANI. B,Independent,173,2,175,0.08,24/24,11:27 PM,04/05/2026,65,KALASAPAKKAM,Independent,13,214127,0.0817271992789326
S2265,KALASAPAKKAM - 65,RAJA. N,Independent,152,4,156,0.07,24/24,11:27 PM,04/05/2026,65,KALASAPAKKAM,Independent,14,214127,0.07285396050007706
S2265,KALASAPAKKAM - 65,MANIKANDAN. K,Independent,145,2,147,0.07,24/24,11:27 PM,04/05/2026,65,KALASAPAKKAM,Independent,15,214127,0.06865084739430338
S2265,KALASAPAKKAM - 65,KRISHNAMURTHY. M,Independent,105,0,105,0.05,24/24,11:27 PM,04/05/2026,65,KALASAPAKKAM,Independent,16,214127,0.04903631956735956
S2265,KALASAPAKKAM - 65,SARAVANAN. V,Tamizhaga Vaazhvurimai Katchi,91,11,102,0.05,24/24,11:27 PM,04/05/2026,65,KALASAPAKKAM,-,17,214127,0.047635281865434996
S2265,KALASAPAKKAM - 65,SUMAN. M,Aanaithinthiya Jananayaka Pathukappu Kazhagam,87,4,91,0.04,24/24,11:27 PM,04/05/2026,65,KALASAPAKKAM,-,18,214127,0.04249814362504495
S2265,KALASAPAKKAM - 65,BASKARAN. R,Independent,75,0,75,0.04,24/24,11:27 PM,04/05/2026,65,KALASAPAKKAM,Independent,19,214127,0.03502594254811397
S2265,KALASAPAKKAM - 65,KRISHNAMURTHY. S,Independent,60,6,66,0.03,24/24,11:27 PM,04/05/2026,65,KALASAPAKKAM,Independent,20,214127,0.030822829442340292
S2265,KALASAPAKKAM - 65,ELUMALAI. S,Independent,45,1,46,0.02,24/24,11:27 PM,04/05/2026,65,KALASAPAKKAM,Independent,21,214127,0.02148257809617657
S2265,KALASAPAKKAM - 65,ELUMALAI. T,Independent,37,0,37,0.02,24/24,11:27 PM,04/05/2026,65,KALASAPAKKAM,Independent,22,214127,0.017279464990402893
S2266,POLUR - 66,ABISHEK. R,Tamilaga Vettri Kazhagam,67203,758,67961,32.1,22/22,11:30 PM,04/05/2026,66,POLUR,Solo,1,211743,32.095984282833435
S2266,POLUR - 66,SARAVANAN. P,Desiya Murpokku Dravida Kazhagam,66907,827,67734,31.99,22/22,11:30 PM,04/05/2026,66,POLUR,INDIA/SPA,2,211743,31.98877884983211
S2266,POLUR - 66,BASKARAN. C. R,Pattali Makkal Katchi,60516,928,61444,29.02,22/22,11:30 PM,04/05/2026,66,POLUR,NDA,3,211743,29.01819658737243
S2266,POLUR - 66,UMADEVI. A,Naam Tamilar Katchi,6270,155,6425,3.03,22/22,11:30 PM,04/05/2026,66,POLUR,Solo,4,211743,3.034338797504522
S2266,POLUR - 66,PURUSOTHAMAN. M,Independent,1674,0,1674,0.79,22/22,11:30 PM,04/05/2026,66,POLUR,Independent,5,211743,0.790581034556042
S2266,POLUR - 66,DHAVAMANI. P,Anti Corruption Dynamic Party,1322,6,1328,0.63,22/22,11:30 PM,04/05/2026,66,POLUR,-,6,211743,0.6271753965892615
S2266,POLUR - 66,SHANMUGAVELU. A,Veerath Thiyagi Viswanathadoss Thozhilalarkal Katchi,962,8,970,0.46,22/22,11:30 PM,04/05/2026,66,POLUR,-,7,211743,0.45810251106293953
S2266,POLUR - 66,BASKARAN. C,Independent,905,3,908,0.43,22/22,11:30 PM,04/05/2026,66,POLUR,Independent,8,211743,0.4288217320053083
S2266,POLUR - 66,BANUPRIYA. D,Republican Party of India (Athawale),847,22,869,0.41,22/22,11:30 PM,04/05/2026,66,POLUR,-,9,211743,0.4104031774367984
S2266,POLUR - 66,NOTA,None of the Above,781,17,798,0.38,22/22,11:30 PM,04/05/2026,66,POLUR,NOTA/Unaligned,10,211743,0.37687196270951107
S2266,POLUR - 66,SUBHA. A,Independent,422,3,425,0.2,22/22,11:30 PM,04/05/2026,66,POLUR,Independent,11,211743,0.20071501773376216
S2266,POLUR - 66,SARAVANAN. P,Independent,327,22,349,0.16,22/22,11:30 PM,04/05/2026,66,POLUR,Independent,12,211743,0.16482244985666586
S2266,POLUR - 66,MANIKANDAN. R,Aanaithinthiya Jananayaka Pathukappu Kazhagam,317,2,319,0.15,22/22,11:30 PM,04/05/2026,66,POLUR,-,13,211743,0.15065433095781205
S2266,POLUR - 66,SYED MUKRAM. R. N,Tamizhaga Vaazhvurimai Katchi,244,7,251,0.12,22/22,11:30 PM,04/05/2026,66,POLUR,-,14,211743,0.11853992812041012
S2266,POLUR - 66,EZHIL ARASU. M M.A. L.L.M.,Independent,143,7,150,0.07,22/22,11:30 PM,04/05/2026,66,POLUR,Independent,15,211743,0.070840594494269
S2266,POLUR - 66,SARAVANAN. M,Independent,135,3,138,0.07,22/22,11:30 PM,04/05/2026,66,POLUR,Independent,16,211743,0.06517334693472748
S2267,ARANI - 67,JAYASUDHA. L,All India Anna Dravida Munnetra Kazhagam,75881,854,76735,33.34,25/25,11:27 PM,04/05/2026,67,ARANI,NDA,1,230162,33.33956083106681
S2267,ARANI - 67,MAHALAKSHMI GOVARTHANAN,Dravida Munnetra Kazhagam,70213,891,71104,30.89,25/25,11:27 PM,04/05/2026,67,ARANI,INDIA/SPA,2,230162,30.8930231749811
S2267,ARANI - 67,VENKATESH KUMAR. D,Tamilaga Vettri Kazhagam,70191,666,70857,30.79,25/25,11:27 PM,04/05/2026,67,ARANI,Solo,3,230162,30.785707458225076
S2267,ARANI - 67,DHAVAMANI. R,Naam Tamilar Katchi,6722,166,6888,2.99,25/25,11:27 PM,04/05/2026,67,ARANI,Solo,4,230162,2.9926747247590826
S2267,ARANI - 67,NOTA,None of the Above,694,13,707,0.31,25/25,11:27 PM,04/05/2026,67,ARANI,NOTA/Unaligned,5,230162,0.3071749463421416
S2267,ARANI - 67,BASKARAN. S,Independent,423,1,424,0.18,25/25,11:27 PM,04/05/2026,67,ARANI,Independent,6,230162,0.18421807248807362
S2267,ARANI - 67,DHAMOTHARAN. M,Independent,387,0,387,0.17,25/25,11:27 PM,04/05/2026,67,ARANI,Independent,7,230162,0.16814243880397287
S2267,ARANI - 67,MAHALAKSHMI. G,Independent,357,2,359,0.16,25/25,11:27 PM,04/05/2026,67,ARANI,Independent,8,230162,0.1559770943943831
S2267,ARANI - 67,GANAPATHY. S,Thamizhaka Padaippalar Makkal Katchi,355,3,358,0.16,25/25,11:27 PM,04/05/2026,67,ARANI,-,9,230162,0.15554261780832632
S2267,ARANI - 67,KALAIMANI. V,Aanaithinthiya Jananayaka Pathukappu Kazhagam,288,4,292,0.13,25/25,11:27 PM,04/05/2026,67,ARANI,-,10,230162,0.126867163128579
S2267,ARANI - 67,SUDHA. S,Independent,257,0,257,0.11,25/25,11:27 PM,04/05/2026,67,ARANI,Independent,11,230162,0.1116604826165918
S2267,ARANI - 67,SARAVANAN. S,Independent,228,1,229,0.1,25/25,11:27 PM,04/05/2026,67,ARANI,Independent,12,230162,0.09949513820700202
S2267,ARANI - 67,SILAMBARASAN. C,Independent,202,0,202,0.09,25/25,11:27 PM,04/05/2026,67,ARANI,Independent,13,230162,0.08776427038346904
S2267,ARANI - 67,SAKTHIVEL. S,Independent,171,13,184,0.08,25/25,11:27 PM,04/05/2026,67,ARANI,Independent,14,230162,0.07994369183444704
S2267,ARANI - 67,SETHURAMA SASTHRI. G,Independent,178,0,178,0.08,25/25,11:27 PM,04/05/2026,67,ARANI,Independent,15,230162,0.07733683231810638
S2267,ARANI - 67,TAMILMANNAN. D,Samaniya Makkal Nala Katchi,164,0,164,0.07,25/25,11:27 PM,04/05/2026,67,ARANI,-,16,230162,0.0712541601133115
S2267,ARANI - 67,EKAMBARAM. V,Independent,122,32,154,0.07,25/25,11:27 PM,04/05/2026,67,ARANI,Independent,17,230162,0.06690939425274373
S2267,ARANI - 67,SURESH. S,Tamizhaga Vaazhvurimai Katchi,131,12,143,0.06,25/25,11:27 PM,04/05/2026,67,ARANI,-,18,230162,0.062130151806119166
S2267,ARANI - 67,MAHALAKSHMI. G,Independent,115,2,117,0.05,25/25,11:27 PM,04/05/2026,67,ARANI,Independent,19,230162,0.05083376056864296
S2267,ARANI - 67,AMMU. V,Independent,100,4,104,0.05,25/25,11:27 PM,04/05/2026,67,ARANI,Independent,20,230162,0.04518556494990485
S2267,ARANI - 67,JAYANTHI. M,Independent,89,1,90,0.04,25/25,11:27 PM,04/05/2026,67,ARANI,Independent,21,230162,0.03910289274510997
S2267,ARANI - 67,SELVAKOTTI. E,Veerath Thiyagi Viswanathadoss Thozhilalarkal Katchi,68,0,68,0.03,25/25,11:27 PM,04/05/2026,67,ARANI,-,22,230162,0.029544407851860865
S2267,ARANI - 67,JAYANTHI. E,Independent,59,1,60,0.03,25/25,11:27 PM,04/05/2026,67,ARANI,Independent,23,230162,0.026068595163406642
S2267,ARANI - 67,VENKATESAN. P,Independent,53,0,53,0.02,25/25,11:27 PM,04/05/2026,67,ARANI,Independent,24,230162,0.023027259061009202
S2267,ARANI - 67,VINOTH. A,Independent,47,1,48,0.02,25/25,11:27 PM,04/05/2026,67,ARANI,Independent,25,230162,0.020854876130725314
S2268,CHEYYAR - 68,MUKKUR N. SUBRAMANIAN,All India Anna Dravida Munnetra Kazhagam,85939,741,86680,38.95,24/24,11:27 PM,04/05/2026,68,CHEYYAR,NDA,1,222570,38.945050995192524
S2268,CHEYYAR - 68,DUSI K MOHAN,Tamilaga Vettri Kazhagam,65217,382,65599,29.47,24/24,11:27 PM,04/05/2026,68,CHEYYAR,Solo,2,222570,29.47342409129712
S2268,CHEYYAR - 68,JOTHI. O,Dravida Munnetra Kazhagam,59231,663,59894,26.91,24/24,11:27 PM,04/05/2026,68,CHEYYAR,INDIA/SPA,3,222570,26.910185559599228
S2268,CHEYYAR - 68,TAMILSELVAN. M,Naam Tamilar Katchi,6941,102,7043,3.16,24/24,11:27 PM,04/05/2026,68,CHEYYAR,Solo,4,222570,3.1643977175719997
S2268,CHEYYAR - 68,NOTA,None of the Above,939,11,950,0.43,24/24,11:27 PM,04/05/2026,68,CHEYYAR,NOTA/Unaligned,5,222570,0.42683200790762454
S2268,CHEYYAR - 68,KUTTIMANI. S,Veerath Thiyagi Viswanathadoss Thozhilalarkal Katchi,397,4,401,0.18,24/24,11:27 PM,04/05/2026,68,CHEYYAR,-,6,222570,0.18016803702206047
S2268,CHEYYAR - 68,MOHAN. R,Independent,394,0,394,0.18,24/24,11:27 PM,04/05/2026,68,CHEYYAR,Independent,7,222570,0.17702295906905693
S2268,CHEYYAR - 68,DURUGAN. M,Vanchit Bahujan Aaghadi,333,1,334,0.15,24/24,11:27 PM,04/05/2026,68,CHEYYAR,-,8,222570,0.15006514804331222
S2268,CHEYYAR - 68,ARJUNAN. M,Independent,320,0,320,0.14,24/24,11:27 PM,04/05/2026,68,CHEYYAR,Independent,9,222570,0.14377499213730513
S2268,CHEYYAR - 68,SRINIVASAN. K,Aanaithinthiya Jananayaka Pathukappu Kazhagam,257,2,259,0.12,24/24,11:27 PM,04/05/2026,68,CHEYYAR,-,10,222570,0.11636788426113133
S2268,CHEYYAR - 68,VENKATESAN. V,Anaithindia Samudaya Munnetra Kazhagam,224,0,224,0.1,24/24,11:27 PM,04/05/2026,68,CHEYYAR,-,11,222570,0.10064249449611358
S2268,CHEYYAR - 68,PALANI. M,Tamizhaga Vaazhvurimai Katchi,159,23,182,0.08,24/24,11:27 PM,04/05/2026,68,CHEYYAR,-,12,222570,0.08177202677809228
S2268,CHEYYAR - 68,CHANDRASEKARAN. M,All India Jananayaka Makkal Kazhagam,143,2,145,0.07,24/24,11:27 PM,04/05/2026,68,CHEYYAR,-,13,222570,0.06514804331221638
S2268,CHEYYAR - 68,RAGUPATHI. S,Anti Corruption Dynamic Party,124,21,145,0.07,24/24,11:27 PM,04/05/2026,68,CHEYYAR,-,14,222570,0.06514804331221638
S2269,VANDAVASI - 69,AMBETHKUMAR. S,Dravida Munnetra Kazhagam,63011,794,63805,33.37,21/21,11:30 PM,04/05/2026,69,VANDAVASI,INDIA/SPA,1,191204,33.37011777996276
S2269,VANDAVASI - 69,RANI. P,All India Anna Dravida Munnetra Kazhagam,59842,630,60472,31.63,21/21,11:30 PM,04/05/2026,69,VANDAVASI,NDA,2,191204,31.626953411016505
S2269,VANDAVASI - 69,UDHAYAKUMAR. M,Tamilaga Vettri Kazhagam,57810,364,58174,30.43,21/21,11:30 PM,04/05/2026,69,VANDAVASI,Solo,3,191204,30.425095709294784
S2269,VANDAVASI - 69,GANESH. R,Naam Tamilar Katchi,5422,73,5495,2.87,21/21,11:30 PM,04/05/2026,69,VANDAVASI,Solo,4,191204,2.873893851593063
S2269,VANDAVASI - 69,NOTA,None of the Above,981,7,988,0.52,21/21,11:30 PM,04/05/2026,69,VANDAVASI,NOTA/Unaligned,5,191204,0.5167255915148219
S2269,VANDAVASI - 69,RANI. A,Independent,672,2,674,0.35,21/21,11:30 PM,04/05/2026,69,VANDAVASI,Independent,6,191204,0.352503085709504
S2269,VANDAVASI - 69,JAISANKAR. M,Independent,330,1,331,0.17,21/21,11:30 PM,04/05/2026,69,VANDAVASI,Independent,7,191204,0.17311353318968223
S2269,VANDAVASI - 69,PONNAMBALAM. P,Independent,262,0,262,0.14,21/21,11:30 PM,04/05/2026,69,VANDAVASI,Independent,8,191204,0.13702642204137988
S2269,VANDAVASI - 69,THAMARAI SELVI. S,Tamizhaga Vaazhvurimai Katchi,248,4,252,0.13,21/21,11:30 PM,04/05/2026,69,VANDAVASI,-,9,191204,0.13179640593293027
S2269,VANDAVASI - 69,UDHAYAKUMAR. N,Independent,160,27,187,0.1,21/21,11:30 PM,04/05/2026,69,VANDAVASI,Independent,10,191204,0.09780130122800779
S2269,VANDAVASI - 69,MUTHUPERUMAL. K,Aanaithinthiya Jananayaka Pathukappu Kazhagam,121,3,124,0.06,21/21,11:30 PM,04/05/2026,69,VANDAVASI,-,11,191204,0.06485219974477521
S2269,VANDAVASI - 69,KANNIYAPPAN. S,Independent,117,4,121,0.06,21/21,11:30 PM,04/05/2026,69,VANDAVASI,Independent,12,191204,0.06328319491224033
S2269,VANDAVASI - 69,MUTHUSELVAM. V,Anti Corruption Dynamic Party,112,1,113,0.06,21/21,11:30 PM,04/05/2026,69,VANDAVASI,-,13,191204,0.05909918202548064
S2269,VANDAVASI - 69,AMBEDKAR. T,Independent,65,39,104,0.05,21/21,11:30 PM,04/05/2026,69,VANDAVASI,Independent,14,191204,0.054392167527875984
S2269,VANDAVASI - 69,RAKESH SHARMA. R,Thakkam Katchi,61,0,61,0.03,21/21,11:30 PM,04/05/2026,69,VANDAVASI,-,15,191204,0.031903098261542646
S2269,VANDAVASI - 69,ARJUNAN. M,Independent,41,0,41,0.02,21/21,11:30 PM,04/05/2026,69,VANDAVASI,Independent,16,191204,0.021443066044643418
S2270,GINGEE - 70,GANESHKUMAR A,Pattali Makkal Katchi,77324,877,78201,36.1,24/24,11:27 PM,04/05/2026,70,GINGEE,NDA,1,216652,36.0952125990067
S2270,GINGEE - 70,GINGEE MASTHAN K S,Dravida Munnetra Kazhagam,64795,761,65556,30.26,24/24,11:27 PM,04/05/2026,70,GINGEE,INDIA/SPA,2,216652,30.258663663386443
S2270,GINGEE - 70,CHANDRASEKARAN B,Tamilaga Vettri Kazhagam,61209,400,61609,28.44,24/24,11:27 PM,04/05/2026,70,GINGEE,Solo,3,216652,28.43684803278991
S2270,GINGEE - 70,ADVOCATE KRISHNAN E,Naam Tamilar Katchi,6296,75,6371,2.94,24/24,11:27 PM,04/05/2026,70,GINGEE,Solo,4,216652,2.940660598563595
S2270,GINGEE - 70,NOTA,None of the Above,495,13,508,0.23,24/24,11:27 PM,04/05/2026,70,GINGEE,NOTA/Unaligned,5,216652,0.23447741077857578
S2270,GINGEE - 70,RAMESH R,Independent,483,0,483,0.22,24/24,11:27 PM,04/05/2026,70,GINGEE,Independent,6,216652,0.2229381681221498
S2270,GINGEE - 70,MUNUSAMY A,Independent,435,0,435,0.2,24/24,11:27 PM,04/05/2026,70,GINGEE,Independent,7,216652,0.20078282222181193
S2270,GINGEE - 70,SAKTHIVEL A,Thakkam Katchi,431,1,432,0.2,24/24,11:27 PM,04/05/2026,70,GINGEE,-,8,216652,0.1993981131030408
S2270,GINGEE - 70,PRABAKARAN M,Independent,431,0,431,0.2,24/24,11:27 PM,04/05/2026,70,GINGEE,Independent,9,216652,0.1989365433967838
S2270,GINGEE - 70,RASANAYAGAM N,Tamizhaga Vaazhvurimai Katchi,415,5,420,0.19,24/24,11:27 PM,04/05/2026,70,GINGEE,-,10,216652,0.19385927662795635
S2270,GINGEE - 70,POYYATHAPPAN K,Independent,411,0,411,0.19,24/24,11:27 PM,04/05/2026,70,GINGEE,Independent,11,216652,0.189705149271643
S2270,GINGEE - 70,RANGARAJAN E,Bahujan Samaj Party,379,2,381,0.18,24/24,11:27 PM,04/05/2026,70,GINGEE,Solo,12,216652,0.17585805808393185
S2270,GINGEE - 70,DEVENDIRAN M,Independent,319,0,319,0.15,24/24,11:27 PM,04/05/2026,70,GINGEE,Independent,13,216652,0.14724073629599543
S2270,GINGEE - 70,PERUMAL N,Aanaithinthiya Jananayaka Pathukappu Kazhagam,280,5,285,0.13,24/24,11:27 PM,04/05/2026,70,GINGEE,-,14,216652,0.13154736628325608
S2270,GINGEE - 70,THANIGAIMALAI R,Anti Corruption Dynamic Party,174,0,174,0.08,24/24,11:27 PM,04/05/2026,70,GINGEE,-,15,216652,0.08031312888872477
S2270,GINGEE - 70,SRIDHAR G,Independent,160,0,160,0.07,24/24,11:27 PM,04/05/2026,70,GINGEE,Independent,16,216652,0.07385115300112623
S2270,GINGEE - 70,MOHAN A,Independent,153,0,153,0.07,24/24,11:27 PM,04/05/2026,70,GINGEE,Independent,17,216652,0.07062016505732696
S2270,GINGEE - 70,MOHAMMAD SIDDIQ M H,Veerath Thiyagi Viswanathadoss Thozhilalarkal Katchi,127,1,128,0.06,24/24,11:27 PM,04/05/2026,70,GINGEE,-,18,216652,0.05908092240090099
S2270,GINGEE - 70,GOKULRAJ S,Independent,105,8,113,0.05,24/24,11:27 PM,04/05/2026,70,GINGEE,Independent,19,216652,0.0521573768070454
S2270,GINGEE - 70,BANUKUMAR R,Independent,82,0,82,0.04,24/24,11:27 PM,04/05/2026,70,GINGEE,Independent,20,216652,0.037848715913077195
S2271,MAILAM - 71,SHANMUGAM C VE,All India Anna Dravida Munnetra Kazhagam,81436,917,82353,43.52,21/21,11:27 PM,04/05/2026,71,MAILAM,NDA,1,189221,43.52212492270942
S2271,MAILAM - 71,VIJAY NIRANJAN A,Tamilaga Vettri Kazhagam,51983,329,52312,27.65,21/21,11:27 PM,04/05/2026,71,MAILAM,Solo,2,189221,27.645980097346488
S2271,MAILAM - 71,VENKATESAN L,Desiya Murpokku Dravida Kazhagam,45726,541,46267,24.45,21/21,11:27 PM,04/05/2026,71,MAILAM,INDIA/SPA,3,189221,24.45130297377141
S2271,MAILAM - 71,VIDJAIVIKRAM S,Naam Tamilar Katchi,4341,42,4383,2.32,21/21,11:27 PM,04/05/2026,71,MAILAM,Solo,4,189221,2.316339095554933
S2271,MAILAM - 71,SIVA S,Independent,551,1,552,0.29,21/21,11:27 PM,04/05/2026,71,MAILAM,Independent,5,189221,0.29172237753737695
S2271,MAILAM - 71,GOPU V S,Independent,536,1,537,0.28,21/21,11:27 PM,04/05/2026,71,MAILAM,Independent,6,189221,0.2837951390173395
S2271,MAILAM - 71,RANJITH KUMAR M,Bahujan Samaj Party,361,4,365,0.19,21/21,11:27 PM,04/05/2026,71,MAILAM,Solo,7,189221,0.19289613732091046
S2271,MAILAM - 71,RANJITHA V,Independent,356,1,357,0.19,21/21,11:27 PM,04/05/2026,71,MAILAM,Independent,8,189221,0.18866827677689052
S2271,MAILAM - 71,VINOTH R,Thakkam Katchi,332,0,332,0.18,21/21,11:27 PM,04/05/2026,71,MAILAM,-,9,189221,0.17545621257682814
S2271,MAILAM - 71,NOTA,None of the Above,289,10,299,0.16,21/21,11:27 PM,04/05/2026,71,MAILAM,NOTA/Unaligned,10,189221,0.15801628783274585
S2271,MAILAM - 71,AYYANAR N,Anti Corruption Dynamic Party,263,1,264,0.14,21/21,11:27 PM,04/05/2026,71,MAILAM,-,11,189221,0.13951939795265852
S2271,MAILAM - 71,TAMIZHARASAN M,Independent,250,2,252,0.13,21/21,11:27 PM,04/05/2026,71,MAILAM,Independent,12,189221,0.1331776071366286
S2271,MAILAM - 71,KRISHNAMURTHY K,Independent,198,0,198,0.1,21/21,11:27 PM,04/05/2026,71,MAILAM,Independent,13,189221,0.1046395484644939
S2271,MAILAM - 71,SUNDAR C,Independent,133,0,133,0.07,21/21,11:27 PM,04/05/2026,71,MAILAM,Independent,14,189221,0.07028818154433177
S2271,MAILAM - 71,ANANDHABABU M,Tamizhaga Vaazhvurimai Katchi,120,1,121,0.06,21/21,11:27 PM,04/05/2026,71,MAILAM,-,15,189221,0.06394639072830183
S2271,MAILAM - 71,VIJAYAGANTH K,Independent,97,0,97,0.05,21/21,11:27 PM,04/05/2026,71,MAILAM,Independent,16,189221,0.05126280909624196
S2271,MAILAM - 71,MANAVALAN A,Anna MGR Dravida Makkal Kalgam,92,1,93,0.05,21/21,11:27 PM,04/05/2026,71,MAILAM,-,17,189221,0.04914887882423198
S2271,MAILAM - 71,KARVANNAN K,Independent,91,1,92,0.05,21/21,11:27 PM,04/05/2026,71,MAILAM,Independent,18,189221,0.048620396256229485
S2271,MAILAM - 71,SURESH KUMAR S,Indhia Kudiarasu Katchi,81,1,82,0.04,21/21,11:27 PM,04/05/2026,71,MAILAM,NOTA/Unaligned,19,189221,0.043335570576204546
S2271,MAILAM - 71,SEKAR NAYAKAR I M,All India Puratchi Thalaivar Makkal Munnettra Kazhagam,57,2,59,0.03,21/21,11:27 PM,04/05/2026,71,MAILAM,-,20,189221,0.031180471512147173
S2271,MAILAM - 71,PURUSHOTHAMAN K,Desiya Makkal Sakthi Katchi,46,1,47,0.02,21/21,11:27 PM,04/05/2026,71,MAILAM,-,21,189221,0.02483868069611724
S2271,MAILAM - 71,DIVYA P,Naam Indiar Party,26,0,26,0.01,21/21,11:27 PM,04/05/2026,71,MAILAM,-,22,189221,0.013740546768064856
S2272,TINDIVANAM - 72,VANNI ARASU,Viduthalai Chiruthaigal Katchi,63094,739,63833,32.56,23/23,11:30 PM,04/05/2026,72,TINDIVANAM,INDIA/SPA,1,196026,32.563537489924805
S2272,TINDIVANAM - 72,ARJUNAN. P,All India Anna Dravida Munnetra Kazhagam,62325,774,63099,32.19,23/23,11:30 PM,04/05/2026,72,TINDIVANAM,NDA,2,196026,32.1890973646353
S2272,TINDIVANAM - 72,SAKTHIVEL. S,Tamilaga Vettri Kazhagam,60836,323,61159,31.2,23/23,11:30 PM,04/05/2026,72,TINDIVANAM,Solo,3,196026,31.19943272831155
S2272,TINDIVANAM - 72,PACHIMUTHU. P,Naam Tamilar Katchi,5205,37,5242,2.67,23/23,11:30 PM,04/05/2026,72,TINDIVANAM,Solo,4,196026,2.6741350637160375
S2272,TINDIVANAM - 72,NOTA,None of the Above,704,10,714,0.36,23/23,11:30 PM,04/05/2026,72,TINDIVANAM,NOTA/Unaligned,5,196026,0.3642373970799792
S2272,TINDIVANAM - 72,VINOTH. S,Independent,433,2,435,0.22,23/23,11:30 PM,04/05/2026,72,TINDIVANAM,Independent,6,196026,0.2219093385571302
S2272,TINDIVANAM - 72,VENKATACHALAPATHY. A,Bahujan Samaj Party,420,2,422,0.22,23/23,11:30 PM,04/05/2026,72,TINDIVANAM,Solo,7,196026,0.21527756522094008
S2272,TINDIVANAM - 72,VISWANATHAN. S.A,Independent,208,0,208,0.11,23/23,11:30 PM,04/05/2026,72,TINDIVANAM,Independent,8,196026,0.10610837337904155
S2272,TINDIVANAM - 72,MOHAN. A,MAKKAL SAKTHI KATCHI,198,3,201,0.1,23/23,11:30 PM,04/05/2026,72,TINDIVANAM,-,9,196026,0.10253741850570842
S2272,TINDIVANAM - 72,PON.SIVAKUMAR,Independent,196,3,199,0.1,23/23,11:30 PM,04/05/2026,72,TINDIVANAM,Independent,10,196026,0.1015171456847561
S2272,TINDIVANAM - 72,DEVAKUMARAN. E,Independent,197,1,198,0.1,23/23,11:30 PM,04/05/2026,72,TINDIVANAM,Independent,11,196026,0.10100700927427994
S2272,TINDIVANAM - 72,CHANDARAN. A,Independent,99,0,99,0.05,23/23,11:30 PM,04/05/2026,72,TINDIVANAM,Independent,12,196026,0.05050350463713997
S2272,TINDIVANAM - 72,DURKALI. N,Independent,69,9,78,0.04,23/23,11:30 PM,04/05/2026,72,TINDIVANAM,Independent,13,196026,0.03979064001714058
S2272,TINDIVANAM - 72,VANJINATHAN. C,Tamizhaga Vaazhvurimai Katchi,72,2,74,0.04,23/23,11:30 PM,04/05/2026,72,TINDIVANAM,-,14,196026,0.03775009437523594
S2272,TINDIVANAM - 72,RAMNESHWARAN. V,Thakkam Katchi,65,0,65,0.03,23/23,11:30 PM,04/05/2026,72,TINDIVANAM,-,15,196026,0.033158866680950486
S2273,VANUR - 73,GOWTHAM D,Dravida Munnetra Kazhagam,68418,455,68873,35.85,23/23,11:30 PM,04/05/2026,73,VANUR,INDIA/SPA,1,192119,35.849135171430206
S2273,VANUR - 73,SURESH P,Tamilaga Vettri Kazhagam,61589,250,61839,32.19,23/23,11:30 PM,04/05/2026,73,VANUR,Solo,2,192119,32.18786273091157
S2273,VANUR - 73,MURUGAN P,All India Anna Dravida Munnetra Kazhagam,53839,354,54193,28.21,23/23,11:30 PM,04/05/2026,73,VANUR,NDA,3,192119,28.208037726617356
S2273,VANUR - 73,KARIKALAN B,Naam Tamilar Katchi,4654,43,4697,2.44,23/23,11:30 PM,04/05/2026,73,VANUR,Solo,4,192119,2.444838875905038
S2273,VANUR - 73,VETRIVEL G,Independent,571,1,572,0.3,23/23,11:30 PM,04/05/2026,73,VANUR,Independent,5,192119,0.2977321347706369
S2273,VANUR - 73,NOTA,None of the Above,510,9,519,0.27,23/23,11:30 PM,04/05/2026,73,VANUR,NOTA/Unaligned,6,192119,0.2701450663390919
S2273,VANUR - 73,SAKTHIVEL S,Tamizhaga Vaazhvurimai Katchi,283,2,285,0.15,23/23,11:30 PM,04/05/2026,73,VANUR,-,7,192119,0.14834555666019497
S2273,VANUR - 73,VINAYAGAMOORTHY M,Bahujan Samaj Party,265,0,265,0.14,23/23,11:30 PM,04/05/2026,73,VANUR,Solo,8,192119,0.13793534215772515
S2273,VANUR - 73,RADHIKA S,Independent,197,0,197,0.1,23/23,11:30 PM,04/05/2026,73,VANUR,Independent,9,192119,0.10254061284932776
S2273,VANUR - 73,SATHYARAMAN P,Independent,172,0,172,0.09,23/23,11:30 PM,04/05/2026,73,VANUR,Independent,10,192119,0.08952784472124048
S2273,VANUR - 73,SIVAKUMAR R,Independent,111,1,112,0.06,23/23,11:30 PM,04/05/2026,73,VANUR,Independent,11,192119,0.05829720121383101
S2273,VANUR - 73,ANANDAKUMAR P M,Thakkam Katchi,95,0,95,0.05,23/23,11:30 PM,04/05/2026,73,VANUR,-,12,192119,0.049448518886731664
S2273,VANUR - 73,AYYANAR E,Independent,93,0,93,0.05,23/23,11:30 PM,04/05/2026,73,VANUR,Independent,13,192119,0.048407497436484676
S2273,VANUR - 73,MURALI M,Independent,83,0,83,0.04,23/23,11:30 PM,04/05/2026,73,VANUR,Independent,14,192119,0.04320239018524977
S2273,VANUR - 73,SURESH C V,Independent,67,1,68,0.04,23/23,11:30 PM,04/05/2026,73,VANUR,Independent,15,192119,0.0353947293083974
S2273,VANUR - 73,THANGARASU N,Independent,56,0,56,0.03,23/23,11:30 PM,04/05/2026,73,VANUR,Independent,16,192119,0.029148600606915504
S2274,VILUPPURAM - 74,LAKSHMANAN R,Dravida Munnetra Kazhagam,72041,941,72982,33.88,24/24,11:30 PM,04/05/2026,74,VILUPPURAM,INDIA/SPA,1,215422,33.87861963959113
S2274,VILUPPURAM - 74,MOHANRAJ N,Tamilaga Vettri Kazhagam,68287,576,68863,31.97,24/24,11:30 PM,04/05/2026,74,VILUPPURAM,Solo,2,215422,31.966558661603734
S2274,VILUPPURAM - 74,VIJAYASURESHBABU,All India Anna Dravida Munnetra Kazhagam,63118,690,63808,29.62,24/24,11:30 PM,04/05/2026,74,VILUPPURAM,NDA,3,215422,29.62000167113851
S2274,VILUPPURAM - 74,ABINAYA PONNIVALAVAN,Naam Tamilar Katchi,5690,96,5786,2.69,24/24,11:30 PM,04/05/2026,74,VILUPPURAM,Solo,4,215422,2.6858909489281504
S2274,VILUPPURAM - 74,NOTA,None of the Above,564,9,573,0.27,24/24,11:30 PM,04/05/2026,74,VILUPPURAM,NOTA/Unaligned,5,215422,0.2659895461002126
S2274,VILUPPURAM - 74,KUMARAN R,Tamizhaga Vaazhvurimai Katchi,437,3,440,0.2,24/24,11:30 PM,04/05/2026,74,VILUPPURAM,-,6,215422,0.20425026227590498
S2274,VILUPPURAM - 74,MURUGAN S,Bahujan Samaj Party,386,4,390,0.18,24/24,11:30 PM,04/05/2026,74,VILUPPURAM,Solo,7,215422,0.18104000519909758
S2274,VILUPPURAM - 74,MOHAMED ALI JINNA M,Independent,282,0,282,0.13,24/24,11:30 PM,04/05/2026,74,VILUPPURAM,Independent,8,215422,0.13090584991319365
S2274,VILUPPURAM - 74,RAGHUL R,Independent,277,0,277,0.13,24/24,11:30 PM,04/05/2026,74,VILUPPURAM,Independent,9,215422,0.1285848242055129
S2274,VILUPPURAM - 74,LAKSHMANAN R,Independent,243,0,243,0.11,24/24,11:30 PM,04/05/2026,74,VILUPPURAM,Independent,10,215422,0.11280184939328387
S2274,VILUPPURAM - 74,NAGARAJAN P,Veerath Thiyagi Viswanathadoss Thozhilalarkal Katchi,230,1,231,0.11,24/24,11:30 PM,04/05/2026,74,VILUPPURAM,-,11,215422,0.1072313876948501
S2274,VILUPPURAM - 74,LAKSHMANAN R,Independent,175,0,175,0.08,24/24,11:30 PM,04/05/2026,74,VILUPPURAM,Independent,12,215422,0.08123589976882584
S2274,VILUPPURAM - 74,RAJKUMAR S,Independent,172,0,172,0.08,24/24,11:30 PM,04/05/2026,74,VILUPPURAM,Independent,13,215422,0.07984328434421739
S2274,VILUPPURAM - 74,ARUMUGAM M,Independent,150,0,150,0.07,24/24,11:30 PM,04/05/2026,74,VILUPPURAM,Independent,14,215422,0.06963077123042215
S2274,VILUPPURAM - 74,LAKSHMANAN K,Independent,148,0,148,0.07,24/24,11:30 PM,04/05/2026,74,VILUPPURAM,Independent,15,215422,0.06870236094734986
S2274,VILUPPURAM - 74,RAYAR K,Independent,141,1,142,0.07,24/24,11:30 PM,04/05/2026,74,VILUPPURAM,Independent,16,215422,0.06591713009813296
S2274,VILUPPURAM - 74,VIJAYA M,Independent,141,0,141,0.07,24/24,11:30 PM,04/05/2026,74,VILUPPURAM,Independent,17,215422,0.06545292495659683
S2274,VILUPPURAM - 74,VIJAYA D,Independent,99,1,100,0.05,24/24,11:30 PM,04/05/2026,74,VILUPPURAM,Independent,18,215422,0.04642051415361476
S2274,VILUPPURAM - 74,RAMAN K,Independent,94,0,94,0.04,24/24,11:30 PM,04/05/2026,74,VILUPPURAM,Independent,19,215422,0.04363528330439788
S2274,VILUPPURAM - 74,VIJAYA M,Independent,92,1,93,0.04,24/24,11:30 PM,04/05/2026,74,VILUPPURAM,Independent,20,215422,0.04317107816286173
S2274,VILUPPURAM - 74,PRAVEEN KUMAR R,Independent,84,0,84,0.04,24/24,11:30 PM,04/05/2026,74,VILUPPURAM,Independent,21,215422,0.0389932318890364
S2274,VILUPPURAM - 74,BALAMURUGAN N,Independent,75,2,77,0.04,24/24,11:30 PM,04/05/2026,74,VILUPPURAM,Independent,22,215422,0.035743795898283366
S2274,VILUPPURAM - 74,AKBAR ALI P,Independent,63,0,63,0.03,24/24,11:30 PM,04/05/2026,74,VILUPPURAM,Independent,23,215422,0.029244923916777302
S2274,VILUPPURAM - 74,MOHAN C,Independent,62,0,62,0.03,24/24,11:30 PM,04/05/2026,74,VILUPPURAM,Independent,24,215422,0.028780718775241156
S2274,VILUPPURAM - 74,VIJAYA K,Independent,46,0,46,0.02,24/24,11:30 PM,04/05/2026,74,VILUPPURAM,Independent,25,215422,0.021353436510662793
S2275,VIKRAVANDI - 75,SIVAKUMAR C,Pattali Makkal Katchi,69028,699,69727,33.33,23/23,11:30 PM,04/05/2026,75,VIKRAVANDI,NDA,1,209231,33.325367655844495
S2275,VIKRAVANDI - 75,VIJAI VADIVEL A,Tamilaga Vettri Kazhagam,68088,729,68817,32.89,23/23,11:30 PM,04/05/2026,75,VIKRAVANDI,Solo,2,209231,32.89044166495405
S2275,VIKRAVANDI - 75,ANNIYUR SIVA @ SIVASHANMUGAM A,Dravida Munnetra Kazhagam,60292,649,60941,29.13,23/23,11:30 PM,04/05/2026,75,VIKRAVANDI,INDIA/SPA,3,209231,29.126181110829656
S2275,VIKRAVANDI - 75,SUBHA CHANDRASEKARAN A,Naam Tamilar Katchi,4895,84,4979,2.38,23/23,11:30 PM,04/05/2026,75,VIKRAVANDI,Solo,4,209231,2.379666493014897
S2275,VIKRAVANDI - 75,SETTU C,Tamizhaga Vaazhvurimai Katchi,585,7,592,0.28,23/23,11:30 PM,04/05/2026,75,VIKRAVANDI,-,5,209231,0.2829408644034584
S2275,VIKRAVANDI - 75,SIVAKUMAR S,Independent,454,1,455,0.22,23/23,11:30 PM,04/05/2026,75,VIKRAVANDI,Independent,6,209231,0.2174629954452256
S2275,VIKRAVANDI - 75,INBARASAN G,Bahujan Samaj Party,442,0,442,0.21,23/23,11:30 PM,04/05/2026,75,VIKRAVANDI,Solo,7,209231,0.21124976700393344
S2275,VIKRAVANDI - 75,SANMUGAM B,Independent,432,0,432,0.21,23/23,11:30 PM,04/05/2026,75,VIKRAVANDI,Independent,8,209231,0.20647036051063178
S2275,VIKRAVANDI - 75,NOTA,None of the Above,393,8,401,0.19,23/23,11:30 PM,04/05/2026,75,VIKRAVANDI,NOTA/Unaligned,9,209231,0.19165420038139663
S2275,VIKRAVANDI - 75,RAMACHANDRAN P,Anti Corruption Dynamic Party,342,0,342,0.16,23/23,11:30 PM,04/05/2026,75,VIKRAVANDI,-,10,209231,0.16345570207091684
S2275,VIKRAVANDI - 75,TAMILSELVAN D,Independent,287,1,288,0.14,23/23,11:30 PM,04/05/2026,75,VIKRAVANDI,Independent,11,209231,0.13764690700708787
S2275,VIKRAVANDI - 75,SHANMUGAM P,Independent,244,0,244,0.12,23/23,11:30 PM,04/05/2026,75,VIKRAVANDI,Independent,12,209231,0.11661751843656054
S2275,VIKRAVANDI - 75,GOKUL RAJ B,Independent,204,1,205,0.1,23/23,11:30 PM,04/05/2026,75,VIKRAVANDI,Independent,13,209231,0.09797783311268407
S2275,VIKRAVANDI - 75,STALIN D,Aanaithinthiya Jananayaka Pathukappu Kazhagam,190,4,194,0.09,23/23,11:30 PM,04/05/2026,75,VIKRAVANDI,-,14,209231,0.09272048597005224
S2275,VIKRAVANDI - 75,SHANMUGAM R,Independent,157,1,158,0.08,23/23,11:30 PM,04/05/2026,75,VIKRAVANDI,Independent,15,209231,0.07551462259416626
S2275,VIKRAVANDI - 75,SELVAKUMAR S,Independent,152,2,154,0.07,23/23,11:30 PM,04/05/2026,75,VIKRAVANDI,Independent,16,209231,0.07360285999684558
S2275,VIKRAVANDI - 75,BACKIYALAKSHMI C,Thakkam Katchi,141,0,141,0.07,23/23,11:30 PM,04/05/2026,75,VIKRAVANDI,-,17,209231,0.06738963155555343
S2275,VIKRAVANDI - 75,RAJARAM M,Independent,127,0,127,0.06,23/23,11:30 PM,04/05/2026,75,VIKRAVANDI,Independent,18,209231,0.0606984624649311
S2275,VIKRAVANDI - 75,YEASURAJA M,Independent,115,0,115,0.05,23/23,11:30 PM,04/05/2026,75,VIKRAVANDI,Independent,19,209231,0.05496317467296911
S2275,VIKRAVANDI - 75,SAKTHIVEL A,Independent,104,0,104,0.05,23/23,11:30 PM,04/05/2026,75,VIKRAVANDI,Independent,20,209231,0.04970582753033728
S2275,VIKRAVANDI - 75,THAMIZHVENGAI KA,Desiya Makkal Sakthi Katchi,103,0,103,0.05,23/23,11:30 PM,04/05/2026,75,VIKRAVANDI,-,21,209231,0.04922788688100712
S2275,VIKRAVANDI - 75,MURUGAN C,Independent,75,1,76,0.04,23/23,11:30 PM,04/05/2026,75,VIKRAVANDI,Independent,22,209231,0.03632348934909263
S2275,VIKRAVANDI - 75,MOHAMMAD SIDDIQ M H,Veerath Thiyagi Viswanathadoss Thozhilalarkal Katchi,71,0,71,0.03,23/23,11:30 PM,04/05/2026,75,VIKRAVANDI,-,23,209231,0.0339337861024418
S2275,VIKRAVANDI - 75,RAMACHANDRAN A,Independent,67,1,68,0.03,23/23,11:30 PM,04/05/2026,75,VIKRAVANDI,Independent,24,209231,0.0324999641544513
S2275,VIKRAVANDI - 75,PRABHAKARAN D,Independent,55,0,55,0.03,23/23,11:30 PM,04/05/2026,75,VIKRAVANDI,Independent,25,209231,0.02628673571315914
S2276,TIRUKKOYILUR - 76,PALANISAMY S,All India Anna Dravida Munnetra Kazhagam,72347,686,73033,33.61,24/24,11:30 PM,04/05/2026,76,TIRUKKOYILUR,NDA,1,217318,33.60651211588548
S2276,TIRUKKOYILUR - 76,VIJAY R BARANIBALAAJI,Tamilaga Vettri Kazhagam,72247,501,72748,33.48,24/24,11:30 PM,04/05/2026,76,TIRUKKOYILUR,Solo,2,217318,33.475367894053875
S2276,TIRUKKOYILUR - 76,DR PON GAUTHAMSIGAMANI,Dravida Munnetra Kazhagam,61525,927,62452,28.74,24/24,11:30 PM,04/05/2026,76,TIRUKKOYILUR,INDIA/SPA,3,217318,28.737610322200645
S2276,TIRUKKOYILUR - 76,HEMARAJAN K,Naam Tamilar Katchi,5703,88,5791,2.66,24/24,11:30 PM,04/05/2026,76,TIRUKKOYILUR,Solo,4,217318,2.6647585565852805
S2276,TIRUKKOYILUR - 76,RAMAKRISHNAN M,Independent,588,1,589,0.27,24/24,11:30 PM,04/05/2026,76,TIRUKKOYILUR,Independent,5,217318,0.27103139178531
S2276,TIRUKKOYILUR - 76,VIJAYAMOORTHI E,Independent,570,1,571,0.26,24/24,11:30 PM,04/05/2026,76,TIRUKKOYILUR,Independent,6,217318,0.26274859882752466
S2276,TIRUKKOYILUR - 76,NOTA,None of the Above,491,9,500,0.23,24/24,11:30 PM,04/05/2026,76,TIRUKKOYILUR,NOTA/Unaligned,7,217318,0.2300775821607046
S2276,TIRUKKOYILUR - 76,GOVINDHAKANNAN M,Bahujan Samaj Party,373,1,374,0.17,24/24,11:30 PM,04/05/2026,76,TIRUKKOYILUR,Solo,8,217318,0.17209803145620703
S2276,TIRUKKOYILUR - 76,TAMILSELVAM R,Tamizhaga Vaazhvurimai Katchi,303,9,312,0.14,24/24,11:30 PM,04/05/2026,76,TIRUKKOYILUR,-,9,217318,0.14356841126827966
S2276,TIRUKKOYILUR - 76,RAVICHANDRAN G,Independent,205,0,205,0.09,24/24,11:30 PM,04/05/2026,76,TIRUKKOYILUR,Independent,10,217318,0.09433180868588888
S2276,TIRUKKOYILUR - 76,GOWTHAM S,Independent,192,0,192,0.09,24/24,11:30 PM,04/05/2026,76,TIRUKKOYILUR,Independent,11,217318,0.08834979154971057
S2276,TIRUKKOYILUR - 76,EDWIN ABINESH A,Independent,136,0,136,0.06,24/24,11:30 PM,04/05/2026,76,TIRUKKOYILUR,Independent,12,217318,0.06258110234771165
S2276,TIRUKKOYILUR - 76,PRABHAKARAN V J,Independent,127,5,132,0.06,24/24,11:30 PM,04/05/2026,76,TIRUKKOYILUR,Independent,13,217318,0.060740481690426014
S2276,TIRUKKOYILUR - 76,SELVAM K,Veerath Thiyagi Viswanathadoss Thozhilalarkal Katchi,108,0,108,0.05,24/24,11:30 PM,04/05/2026,76,TIRUKKOYILUR,-,14,217318,0.04969675774671219
S2276,TIRUKKOYILUR - 76,PALANISAMY E,Independent,92,2,94,0.04,24/24,11:30 PM,04/05/2026,76,TIRUKKOYILUR,Independent,15,217318,0.04325458544621246
S2276,TIRUKKOYILUR - 76,KARTHICK S,Independent,81,0,81,0.04,24/24,11:30 PM,04/05/2026,76,TIRUKKOYILUR,Independent,16,217318,0.03727256831003414
S2277,ULUNDURPETTAI - 77,VASANTHAVEL G R,Dravida Munnetra Kazhagam,97584,887,98471,36.34,29/29,11:30 PM,04/05/2026,77,ULUNDURPETTAI,INDIA/SPA,1,271002,36.3358942000428
S2277,ULUNDURPETTAI - 77,KUMARAGURU R,All India Anna Dravida Munnetra Kazhagam,95014,1180,96194,35.5,29/29,11:30 PM,04/05/2026,77,ULUNDURPETTAI,NDA,2,271002,35.495678998678976
S2277,ULUNDURPETTAI - 77,SUDHAKAR M,Tamilaga Vettri Kazhagam,65739,469,66208,24.43,29/29,11:30 PM,04/05/2026,77,ULUNDURPETTAI,Solo,3,271002,24.430816008737942
S2277,ULUNDURPETTAI - 77,LOGESHWARI S,Naam Tamilar Katchi,6449,76,6525,2.41,29/29,11:30 PM,04/05/2026,77,ULUNDURPETTAI,Solo,4,271002,2.4077313082560274
S2277,ULUNDURPETTAI - 77,NOTA,None of the Above,1047,4,1051,0.39,29/29,11:30 PM,04/05/2026,77,ULUNDURPETTAI,NOTA/Unaligned,5,271002,0.38782001608844213
S2277,ULUNDURPETTAI - 77,MANIKANDAN P,Independent,642,0,642,0.24,29/29,11:30 PM,04/05/2026,77,ULUNDURPETTAI,Independent,6,271002,0.23689862067438616
S2277,ULUNDURPETTAI - 77,UDHAYAKUMAR R,All India Puratchi Thalaivar Makkal Munnettra Kazhagam,590,0,590,0.22,29/29,11:30 PM,04/05/2026,77,ULUNDURPETTAI,-,7,271002,0.21771057040169445
S2277,ULUNDURPETTAI - 77,KRISHNAMOORTHY V,Independent,281,1,282,0.1,29/29,11:30 PM,04/05/2026,77,ULUNDURPETTAI,Independent,8,271002,0.1040582726326743
S2277,ULUNDURPETTAI - 77,RAMAKRISHNAN R,Independent,250,1,251,0.09,29/29,11:30 PM,04/05/2026,77,ULUNDURPETTAI,Independent,9,271002,0.09261924266241578
S2277,ULUNDURPETTAI - 77,SENTHIL P,Independent,215,2,217,0.08,29/29,11:30 PM,04/05/2026,77,ULUNDURPETTAI,Independent,10,271002,0.08007320979180965
S2277,ULUNDURPETTAI - 77,PARTHIBAN V,Independent,166,4,170,0.06,29/29,11:30 PM,04/05/2026,77,ULUNDURPETTAI,Independent,11,271002,0.06273016435303061
S2277,ULUNDURPETTAI - 77,BALAKRISHNAN K,Anna Makkal Katchi,138,2,140,0.05,29/29,11:30 PM,04/05/2026,77,ULUNDURPETTAI,-,12,271002,0.05166013534955462
S2277,ULUNDURPETTAI - 77,SASIKUMAR N,Independent,102,8,110,0.04,29/29,11:30 PM,04/05/2026,77,ULUNDURPETTAI,Independent,13,271002,0.040590106346078625
S2277,ULUNDURPETTAI - 77,SANKAR S,Independent,78,0,78,0.03,29/29,11:30 PM,04/05/2026,77,ULUNDURPETTAI,Independent,14,271002,0.028782075409037572
S2277,ULUNDURPETTAI - 77,ARASAN K,Independent,73,0,73,0.03,29/29,11:30 PM,04/05/2026,77,ULUNDURPETTAI,Independent,15,271002,0.026937070575124906
S2278,RISHIVANDIYAM - 78,KARTHIKEYAN K,Dravida Munnetra Kazhagam,88871,840,89711,36.65,25/25,11:30 PM,04/05/2026,78,RISHIVANDIYAM,INDIA/SPA,1,244795,36.64739884393064
S2278,RISHIVANDIYAM - 78,ASHOK KUMAR G,Tamilaga Vettri Kazhagam,84465,384,84849,34.66,25/25,11:30 PM,04/05/2026,78,RISHIVANDIYAM,Solo,2,244795,34.66124716599604
S2278,RISHIVANDIYAM - 78,CHEZHIYAN P,Pattali Makkal Katchi,56135,353,56488,23.08,25/25,11:30 PM,04/05/2026,78,RISHIVANDIYAM,NDA,3,244795,23.075634714761332
S2278,RISHIVANDIYAM - 78,RADHIKA P,Naam Tamilar Katchi,7193,54,7247,2.96,25/25,11:30 PM,04/05/2026,78,RISHIVANDIYAM,Solo,4,244795,2.9604362834208215
S2278,RISHIVANDIYAM - 78,SENTHIKUMAR V N,Independent,1071,0,1071,0.44,25/25,11:30 PM,04/05/2026,78,RISHIVANDIYAM,Independent,5,244795,0.4375089360485304
S2278,RISHIVANDIYAM - 78,SELVARAJ P,Independent,800,0,800,0.33,25/25,11:30 PM,04/05/2026,78,RISHIVANDIYAM,Independent,6,244795,0.3268040605404522
S2278,RISHIVANDIYAM - 78,BALAKRISHNAN A,Bahujan Samaj Party,575,3,578,0.24,25/25,11:30 PM,04/05/2026,78,RISHIVANDIYAM,Solo,7,244795,0.23611593374047674
S2278,RISHIVANDIYAM - 78,NOTA,None of the Above,528,6,534,0.22,25/25,11:30 PM,04/05/2026,78,RISHIVANDIYAM,NOTA/Unaligned,8,244795,0.21814171041075187
S2278,RISHIVANDIYAM - 78,ANBUMURUGAN S,Independent,458,0,458,0.19,25/25,11:30 PM,04/05/2026,78,RISHIVANDIYAM,Independent,9,244795,0.1870953246594089
S2278,RISHIVANDIYAM - 78,SEVVANTHA G K,Anna Makkal Katchi,322,0,322,0.13,25/25,11:30 PM,04/05/2026,78,RISHIVANDIYAM,-,10,244795,0.13153863436753202
S2278,RISHIVANDIYAM - 78,RANGANATHAN N,All India Puratchi Thalaivar Makkal Munnettra Kazhagam,302,0,302,0.12,25/25,11:30 PM,04/05/2026,78,RISHIVANDIYAM,-,11,244795,0.1233685328540207
S2278,RISHIVANDIYAM - 78,ARUMUGAM G,Parivartan Rajniti Party,291,0,291,0.12,25/25,11:30 PM,04/05/2026,78,RISHIVANDIYAM,NOTA/Unaligned,12,244795,0.11887497702158949
S2278,RISHIVANDIYAM - 78,VENKATRAMAN J,Naadaalum Makkal Katchi,248,3,251,0.1,25/25,11:30 PM,04/05/2026,78,RISHIVANDIYAM,-,13,244795,0.10253477399456688
S2278,RISHIVANDIYAM - 78,KARTHIKEYAN A,Independent,243,1,244,0.1,25/25,11:30 PM,04/05/2026,78,RISHIVANDIYAM,Independent,14,244795,0.09967523846483793
S2278,RISHIVANDIYAM - 78,MANIKANDAN C,Independent,241,0,241,0.1,25/25,11:30 PM,04/05/2026,78,RISHIVANDIYAM,Independent,15,244795,0.09844972323781123
S2278,RISHIVANDIYAM - 78,VINOTH S,Independent,208,0,208,0.08,25/25,11:30 PM,04/05/2026,78,RISHIVANDIYAM,Independent,16,244795,0.08496905574051758
S2278,RISHIVANDIYAM - 78,SEZHIYAN K,Independent,173,0,173,0.07,25/25,11:30 PM,04/05/2026,78,RISHIVANDIYAM,Independent,17,244795,0.0706713780918728
S2278,RISHIVANDIYAM - 78,SANKAR R,Tamizhaga Vaazhvurimai Katchi,161,0,161,0.07,25/25,11:30 PM,04/05/2026,78,RISHIVANDIYAM,-,18,244795,0.06576931718376601
S2278,RISHIVANDIYAM - 78,VIJAYAKUMAR G,Independent,141,0,141,0.06,25/25,11:30 PM,04/05/2026,78,RISHIVANDIYAM,Independent,19,244795,0.0575992156702547
S2278,RISHIVANDIYAM - 78,GOWTHAM C,Independent,136,0,136,0.06,25/25,11:30 PM,04/05/2026,78,RISHIVANDIYAM,Independent,20,244795,0.055556690291876876
S2278,RISHIVANDIYAM - 78,RAJA S,Independent,130,0,130,0.05,25/25,11:30 PM,04/05/2026,78,RISHIVANDIYAM,Independent,21,244795,0.053105659837823484
S2278,RISHIVANDIYAM - 78,KARTHIKEYAN V,Independent,125,0,125,0.05,25/25,11:30 PM,04/05/2026,78,RISHIVANDIYAM,Independent,22,244795,0.05106313445944566
S2278,RISHIVANDIYAM - 78,RAJA K,Independent,97,0,97,0.04,25/25,11:30 PM,04/05/2026,78,RISHIVANDIYAM,Independent,23,244795,0.03962499234052983
S2278,RISHIVANDIYAM - 78,ANBU D,Independent,90,0,90,0.04,25/25,11:30 PM,04/05/2026,78,RISHIVANDIYAM,Independent,24,244795,0.03676545681080087
S2278,RISHIVANDIYAM - 78,NARAYANAN L,Independent,83,0,83,0.03,25/25,11:30 PM,04/05/2026,78,RISHIVANDIYAM,Independent,25,244795,0.033905921281071914
S2278,RISHIVANDIYAM - 78,MARIKKANNU A,Independent,63,1,64,0.03,25/25,11:30 PM,04/05/2026,78,RISHIVANDIYAM,Independent,26,244795,0.02614432484323618
S2279,SANKARAPURAM - 79,RAKESH R,All India Anna Dravida Munnetra Kazhagam,79369,881,80250,34.07,25/25,11:30 PM,04/05/2026,79,SANKARAPURAM,NDA,1,235528,34.07238205224007
S2279,SANKARAPURAM - 79,UDHAYASURIYAN T,Dravida Munnetra Kazhagam,75641,1169,76810,32.61,25/25,11:30 PM,04/05/2026,79,SANKARAPURAM,INDIA/SPA,2,235528,32.611833837165854
S2279,SANKARAPURAM - 79,JAGADESAN A,Tamilaga Vettri Kazhagam,67107,517,67624,28.71,25/25,11:30 PM,04/05/2026,79,SANKARAPURAM,Solo,3,235528,28.7116606093543
S2279,SANKARAPURAM - 79,RAMESH K,Naam Tamilar Katchi,5509,58,5567,2.36,25/25,11:30 PM,04/05/2026,79,SANKARAPURAM,Solo,4,235528,2.36362555619714
S2279,SANKARAPURAM - 79,RAMACHANDIRAN M,Tamizhaga Vaazhvurimai Katchi,674,3,677,0.29,25/25,11:30 PM,04/05/2026,79,SANKARAPURAM,-,5,235528,0.28743928535036173
S2279,SANKARAPURAM - 79,MANIKANDAN P,Independent,579,0,579,0.25,25/25,11:30 PM,04/05/2026,79,SANKARAPURAM,Independent,6,235528,0.2458306443395265
S2279,SANKARAPURAM - 79,SUDHA M,Bahujan Samaj Party,541,3,544,0.23,25/25,11:30 PM,04/05/2026,79,SANKARAPURAM,Solo,7,235528,0.23097041540708535
S2279,SANKARAPURAM - 79,MAYILAMPARAI MARI A,Independent,512,0,512,0.22,25/25,11:30 PM,04/05/2026,79,SANKARAPURAM,Independent,8,235528,0.21738392038313917
S2279,SANKARAPURAM - 79,VIJAY J,Independent,409,0,409,0.17,25/25,11:30 PM,04/05/2026,79,SANKARAPURAM,Independent,9,235528,0.17365238952481232
S2279,SANKARAPURAM - 79,NOTA,None of the Above,371,12,383,0.16,25/25,11:30 PM,04/05/2026,79,SANKARAPURAM,NOTA/Unaligned,10,235528,0.16261336231785606
S2279,SANKARAPURAM - 79,PACHAIYAPPAN K,Independent,350,1,351,0.15,25/25,11:30 PM,04/05/2026,79,SANKARAPURAM,Independent,11,235528,0.14902686729390985
S2279,SANKARAPURAM - 79,NADARAJAN K,All India Puratchi Thalaivar Makkal Munnettra Kazhagam,328,0,328,0.14,25/25,11:30 PM,04/05/2026,79,SANKARAPURAM,-,12,235528,0.13926157399544853
S2279,SANKARAPURAM - 79,DURAI EZHILAN P,Independent,293,2,295,0.13,25/25,11:30 PM,04/05/2026,79,SANKARAPURAM,Independent,13,235528,0.125250501002004
S2279,SANKARAPURAM - 79,GANGASEKAR A,MAKKAL SAKTHI KATCHI,223,0,223,0.09,25/25,11:30 PM,04/05/2026,79,SANKARAPURAM,-,14,235528,0.09468088719812506
S2279,SANKARAPURAM - 79,MANI G,Independent,166,0,166,0.07,25/25,11:30 PM,04/05/2026,79,SANKARAPURAM,Independent,15,235528,0.0704799429367209
S2279,SANKARAPURAM - 79,DR.MURUGU K,Independent,111,2,113,0.05,25/25,11:30 PM,04/05/2026,79,SANKARAPURAM,Independent,16,235528,0.04797731055331001
S2279,SANKARAPURAM - 79,SAMIKKANNU M,Independent,112,0,112,0.05,25/25,11:30 PM,04/05/2026,79,SANKARAPURAM,Independent,17,235528,0.047552732583811694
S2279,SANKARAPURAM - 79,JAYAPRAKASH K,Independent,111,0,111,0.05,25/25,11:30 PM,04/05/2026,79,SANKARAPURAM,Independent,18,235528,0.04712815461431337
S2279,SANKARAPURAM - 79,ANBAZHAGAN S,Independent,103,2,105,0.04,25/25,11:30 PM,04/05/2026,79,SANKARAPURAM,Independent,19,235528,0.04458068679732346
S2279,SANKARAPURAM - 79,SANNIYASI N,Veerath Thiyagi Viswanathadoss Thozhilalarkal Katchi,100,0,100,0.04,25/25,11:30 PM,04/05/2026,79,SANKARAPURAM,-,20,235528,0.042457796949831865
S2279,SANKARAPURAM - 79,KAVIKUIL V,Independent,97,0,97,0.04,25/25,11:30 PM,04/05/2026,79,SANKARAPURAM,Independent,21,235528,0.04118406304133691
S2279,SANKARAPURAM - 79,HARUN RASHEETH J,Independent,84,3,87,0.04,25/25,11:30 PM,04/05/2026,79,SANKARAPURAM,Independent,22,235528,0.036938283346353726
S2279,SANKARAPURAM - 79,VIGNESH R,Independent,85,0,85,0.04,25/25,11:30 PM,04/05/2026,79,SANKARAPURAM,Independent,23,235528,0.036089127407357084
S2280,KALLAKURICHI - 80,ARUL VIGNESH C,Tamilaga Vettri Kazhagam,80572,560,81132,32.5,27/27,11:27 PM,04/05/2026,80,KALLAKURICHI,Solo,1,249626,32.50142212750274
S2280,KALLAKURICHI - 80,RAJEEVGANDHI S,All India Anna Dravida Munnetra Kazhagam,79562,772,80334,32.18,27/27,11:27 PM,04/05/2026,80,KALLAKURICHI,NDA,2,249626,32.18174388885773
S2280,KALLAKURICHI - 80,MALATHI K,Viduthalai Chiruthaigal Katchi,76696,970,77666,31.11,27/27,11:27 PM,04/05/2026,80,KALLAKURICHI,INDIA/SPA,3,249626,31.11294496566864
S2280,KALLAKURICHI - 80,NAGAMMAL RAJKODI,Naam Tamilar Katchi,7379,115,7494,3.0,27/27,11:27 PM,04/05/2026,80,KALLAKURICHI,Solo,4,249626,3.0020911283279785
S2280,KALLAKURICHI - 80,NOTA,None of the Above,847,36,883,0.35,27/27,11:27 PM,04/05/2026,80,KALLAKURICHI,NOTA/Unaligned,5,249626,0.3537291788515619
S2280,KALLAKURICHI - 80,VIGNESH G,Independent,649,4,653,0.26,27/27,11:27 PM,04/05/2026,80,KALLAKURICHI,Independent,6,249626,0.26159134064560585
S2280,KALLAKURICHI - 80,VASANTHAKUMAR S,Independent,412,5,417,0.17,27/27,11:27 PM,04/05/2026,80,KALLAKURICHI,Independent,7,249626,0.1670499066603639
S2280,KALLAKURICHI - 80,RAJIVGANDHI P,Independent,306,2,308,0.12,27/27,11:27 PM,04/05/2026,80,KALLAKURICHI,Independent,8,249626,0.12338458333667165
S2280,KALLAKURICHI - 80,SELVARAJ M,Independent,219,0,219,0.09,27/27,11:27 PM,04/05/2026,80,KALLAKURICHI,Independent,9,249626,0.08773124594393213
S2280,KALLAKURICHI - 80,RAJIVGANDHI S,Independent,196,0,196,0.08,27/27,11:27 PM,04/05/2026,80,KALLAKURICHI,Independent,10,249626,0.07851746212333652
S2280,KALLAKURICHI - 80,MALATHI K,Independent,177,2,179,0.07,27/27,11:27 PM,04/05/2026,80,KALLAKURICHI,Independent,11,249626,0.0717072740820267
S2280,KALLAKURICHI - 80,PRABU C,Independent,145,0,145,0.06,27/27,11:27 PM,04/05/2026,80,KALLAKURICHI,Independent,12,249626,0.05808689799940711
S2281,GANGAVALLI - 81,NALLATHAMBI. A,All India Anna Dravida Munnetra Kazhagam,72152,1015,73167,37.2,22/22,11:27 PM,04/05/2026,81,GANGAVALLI,NDA,1,196679,37.20122636377041
S2281,GANGAVALLI - 81,CHINNADURAI. K,Dravida Munnetra Kazhagam,57619,1144,58763,29.88,22/22,11:27 PM,04/05/2026,81,GANGAVALLI,INDIA/SPA,2,196679,29.87761784430468
S2281,GANGAVALLI - 81,SUJATHA. V,Tamilaga Vettri Kazhagam,54756,535,55291,28.11,22/22,11:27 PM,04/05/2026,81,GANGAVALLI,Solo,3,196679,28.112304821562038
S2281,GANGAVALLI - 81,ABIRAMI. A,Naam Tamilar Katchi,6134,108,6242,3.17,22/22,11:27 PM,04/05/2026,81,GANGAVALLI,Solo,4,196679,3.173699276486051
S2281,GANGAVALLI - 81,NOTA,None of the Above,712,19,731,0.37,22/22,11:27 PM,04/05/2026,81,GANGAVALLI,NOTA/Unaligned,5,196679,0.37167160703481306
S2281,GANGAVALLI - 81,BALAKRISHNAN. P,Bahujan Samaj Party,530,3,533,0.27,22/22,11:27 PM,04/05/2026,81,GANGAVALLI,Solo,6,196679,0.2709999542401578
S2281,GANGAVALLI - 81,DHANAPAL. S,Independent,439,5,444,0.23,22/22,11:27 PM,04/05/2026,81,GANGAVALLI,Independent,7,196679,0.22574855475165118
S2281,GANGAVALLI - 81,RAMESH. S,Independent,389,1,390,0.2,22/22,11:27 PM,04/05/2026,81,GANGAVALLI,Independent,8,196679,0.19829264944401792
S2281,GANGAVALLI - 81,KAVIARASAN. T.T,Tamizhaga Vaazhvurimai Katchi,230,4,234,0.12,22/22,11:27 PM,04/05/2026,81,GANGAVALLI,-,9,196679,0.11897558966641075
S2281,GANGAVALLI - 81,MARIMUTHU. S,Puthiya Tamilagam,218,2,220,0.11,22/22,11:27 PM,04/05/2026,81,GANGAVALLI,-,10,196679,0.11185739199406139
S2281,GANGAVALLI - 81,KANNAN. S,Independent,212,0,212,0.11,22/22,11:27 PM,04/05/2026,81,GANGAVALLI,Independent,11,196679,0.10778985046700461
S2281,GANGAVALLI - 81,TAMILARASAN. T,Independent,189,7,196,0.1,22/22,11:27 PM,04/05/2026,81,GANGAVALLI,Independent,12,196679,0.09965476741289106
S2281,GANGAVALLI - 81,ANBAZHAGAN. S,Anna Makkal Katchi,149,2,151,0.08,22/22,11:27 PM,04/05/2026,81,GANGAVALLI,-,13,196679,0.07677484632319669
S2281,GANGAVALLI - 81,GUNAPRAKASH. D,Independent,105,0,105,0.05,22/22,11:27 PM,04/05/2026,81,GANGAVALLI,Independent,14,196679,0.05338648254262021
S2282,ATTUR - 82,JAYASANKARAN. A.P.,All India Anna Dravida Munnetra Kazhagam,79825,1018,80843,38.81,23/23,11:27 PM,04/05/2026,82,ATTUR,NDA,1,208296,38.81159503783078
S2282,ATTUR - 82,SELVABHARATHI. R.,Tamilaga Vettri Kazhagam,64980,545,65525,31.46,23/23,11:27 PM,04/05/2026,82,ATTUR,Solo,2,208296,31.45763720858778
S2282,ATTUR - 82,ARTHANARI. S.K.,Indian National Congress,51100,796,51896,24.91,23/23,11:27 PM,04/05/2026,82,ATTUR,INDIA/SPA,3,208296,24.914544686407805
S2282,ATTUR - 82,MONISHA CHINNADURAI.,Naam Tamilar Katchi,6395,137,6532,3.14,23/23,11:27 PM,04/05/2026,82,ATTUR,Solo,4,208296,3.135921957214733
S2282,ATTUR - 82,NOTA,None of the Above,1021,10,1031,0.49,23/23,11:27 PM,04/05/2026,82,ATTUR,NOTA/Unaligned,5,208296,0.49496869839075164
S2282,ATTUR - 82,RAJESHKANNAN. K.,Independent,505,6,511,0.25,23/23,11:27 PM,04/05/2026,82,ATTUR,Independent,6,208296,0.2453239620540001
S2282,ATTUR - 82,SELLAMMAL. V.M.,Bahujan Samaj Party,409,3,412,0.2,23/23,11:27 PM,04/05/2026,82,ATTUR,Solo,7,208296,0.1977954449437339
S2282,ATTUR - 82,MANICKAM. K.,Independent,255,1,256,0.12,23/23,11:27 PM,04/05/2026,82,ATTUR,Independent,8,208296,0.12290202404270845
S2282,ATTUR - 82,POOMALAI. C.,Independent,235,0,235,0.11,23/23,11:27 PM,04/05/2026,82,ATTUR,Independent,9,208296,0.11282021738295503
S2282,ATTUR - 82,PALANIYAMMAL. S.,Desiya Makkal Sakthi Katchi,211,4,215,0.1,23/23,11:27 PM,04/05/2026,82,ATTUR,-,10,208296,0.10321849675461843
S2282,ATTUR - 82,SELVAKANNAN. L.,Independent,172,1,173,0.08,23/23,11:27 PM,04/05/2026,82,ATTUR,Independent,11,208296,0.08305488343511157
S2282,ATTUR - 82,RAMESH. G.,Tamizhaga Vaazhvurimai Katchi,171,1,172,0.08,23/23,11:27 PM,04/05/2026,82,ATTUR,-,12,208296,0.08257479740369474
S2282,ATTUR - 82,JAGAN. T.,Independent,156,2,158,0.08,23/23,11:27 PM,04/05/2026,82,ATTUR,Independent,13,208296,0.07585359296385913
S2282,ATTUR - 82,VARATHARAJ. G.,Independent,140,1,141,0.07,23/23,11:27 PM,04/05/2026,82,ATTUR,Independent,14,208296,0.06769213042977301
S2282,ATTUR - 82,MANIMARAN. A.,Independent,107,0,107,0.05,23/23,11:27 PM,04/05/2026,82,ATTUR,Independent,15,208296,0.0513692053616008
S2282,ATTUR - 82,MANIKANDAN. M.,Independent,82,7,89,0.04,23/23,11:27 PM,04/05/2026,82,ATTUR,Independent,16,208296,0.042727656796097864
S2283,YERCAUD - 83,USHARANI. P,All India Anna Dravida Munnetra Kazhagam,86895,877,87772,34.61,25/25,11:30 PM,04/05/2026,83,YERCAUD,NDA,1,253592,34.61150194012429
S2283,YERCAUD - 83,LAKSHMI JANARTHANAN. J,Tamilaga Vettri Kazhagam,84951,632,85583,33.75,25/25,11:30 PM,04/05/2026,83,YERCAUD,Solo,2,253592,33.74830436291366
S2283,YERCAUD - 83,REVATHI. T.M,Dravida Munnetra Kazhagam,67152,893,68045,26.83,25/25,11:30 PM,04/05/2026,83,YERCAUD,INDIA/SPA,3,253592,26.83247105586927
S2283,YERCAUD - 83,PALANISAMY. M,Naam Tamilar Katchi,7472,129,7601,3.0,25/25,11:30 PM,04/05/2026,83,YERCAUD,Solo,4,253592,2.997334300766586
S2283,YERCAUD - 83,NOTA,None of the Above,1231,19,1250,0.49,25/25,11:30 PM,04/05/2026,83,YERCAUD,NOTA/Unaligned,5,253592,0.4929177576579703
S2283,YERCAUD - 83,PALANISAMY. K,Bahujan Samaj Party,900,10,910,0.36,25/25,11:30 PM,04/05/2026,83,YERCAUD,Solo,6,253592,0.3588441275750024
S2283,YERCAUD - 83,GOPI. C,Communist Party of India (Marxist-Leninist) (Liberation),653,5,658,0.26,25/25,11:30 PM,04/05/2026,83,YERCAUD,-,7,253592,0.2594719076311556
S2283,YERCAUD - 83,VENKATESAN. S,Independent,510,3,513,0.2,25/25,11:30 PM,04/05/2026,83,YERCAUD,Independent,8,253592,0.202293447742831
S2283,YERCAUD - 83,PAZHANIVEL. K,Independent,303,0,303,0.12,25/25,11:30 PM,04/05/2026,83,YERCAUD,Independent,9,253592,0.119483264456292
S2283,YERCAUD - 83,THANGADURAI. N,Independent,291,3,294,0.12,25/25,11:30 PM,04/05/2026,83,YERCAUD,Independent,10,253592,0.11593425660115461
S2283,YERCAUD - 83,VENGATESHSAN. T,Tamizhaga Vaazhvurimai Katchi,234,1,235,0.09,25/25,11:30 PM,04/05/2026,83,YERCAUD,-,11,253592,0.09266853843969841
S2283,YERCAUD - 83,VIJAYAKUMAR. N,Independent,210,1,211,0.08,25/25,11:30 PM,04/05/2026,83,YERCAUD,Independent,12,253592,0.08320451749266539
S2283,YERCAUD - 83,KALIYAPPAN. A,Independent,123,0,123,0.05,25/25,11:30 PM,04/05/2026,83,YERCAUD,Independent,13,253592,0.048503107353544274
S2283,YERCAUD - 83,KARTHIK. N,Independent,93,1,94,0.04,25/25,11:30 PM,04/05/2026,83,YERCAUD,Independent,14,253592,0.03706741537587937
S2284,OMALUR - 84,MANI. R,All India Anna Dravida Munnetra Kazhagam,110810,1436,112246,41.4,26/26,11:30 PM,04/05/2026,84,OMALUR,NDA,1,271119,41.401008413279776
S2284,OMALUR - 84,ADHIYAMAAN. R.V,Tamilaga Vettri Kazhagam,97026,681,97707,36.04,26/26,11:30 PM,04/05/2026,84,OMALUR,Solo,2,271119,36.0384185542142
S2284,OMALUR - 84,ELANGOVAN. A.R,Desiya Murpokku Dravida Kazhagam,45941,976,46917,17.3,26/26,11:30 PM,04/05/2026,84,OMALUR,INDIA/SPA,3,271119,17.30494727407522
S2284,OMALUR - 84,SIVASAKTHI. M,Naam Tamilar Katchi,8222,148,8370,3.09,26/26,11:30 PM,04/05/2026,84,OMALUR,Solo,4,271119,3.087205249355449
S2284,OMALUR - 84,GOBINATHAN. R,Independent,1542,2,1544,0.57,26/26,11:30 PM,04/05/2026,84,OMALUR,Independent,5,271119,0.5694916254486038
S2284,OMALUR - 84,NOTA,None of the Above,1417,16,1433,0.53,26/26,11:30 PM,04/05/2026,84,OMALUR,NOTA/Unaligned,6,271119,0.5285501938263272
S2284,OMALUR - 84,MAYAKKANNAN. R,Independent,629,0,629,0.23,26/26,11:30 PM,04/05/2026,84,OMALUR,Independent,7,271119,0.2320014458595672
S2284,OMALUR - 84,KRISHNAMOORTHY. D,Tamizhaga Vaazhvurimai Katchi,535,2,537,0.2,26/26,11:30 PM,04/05/2026,84,OMALUR,-,8,271119,0.19806800703750013
S2284,OMALUR - 84,MOHANRAJ. P.M,Independent,378,0,378,0.14,26/26,11:30 PM,04/05/2026,84,OMALUR,Independent,9,271119,0.1394221725515364
S2284,OMALUR - 84,SURESHKUMAR. S,Aanaithinthiya Jananayaka Pathukappu Kazhagam,354,9,363,0.13,26/26,11:30 PM,04/05/2026,84,OMALUR,-,10,271119,0.13388954665663416
S2284,OMALUR - 84,JEGANATHAN. A,Independent,207,0,207,0.08,26/26,11:30 PM,04/05/2026,84,OMALUR,Independent,11,271119,0.07635023734965089
S2284,OMALUR - 84,MANOKARAN. A,Independent,190,7,197,0.07,26/26,11:30 PM,04/05/2026,84,OMALUR,Independent,12,271119,0.07266182008638274
S2284,OMALUR - 84,SANTHALINGAM. C,Independent,163,1,164,0.06,26/26,11:30 PM,04/05/2026,84,OMALUR,Independent,13,271119,0.06049004311759781
S2284,OMALUR - 84,ARUL PRAKASH. T,Independent,144,5,149,0.05,26/26,11:30 PM,04/05/2026,84,OMALUR,Independent,14,271119,0.05495741722269557
S2284,OMALUR - 84,PERUMAL. S,Independent,132,10,142,0.05,26/26,11:30 PM,04/05/2026,84,OMALUR,Independent,15,271119,0.05237552513840786
S2284,OMALUR - 84,MANI. V,Independent,136,0,136,0.05,26/26,11:30 PM,04/05/2026,84,OMALUR,Independent,16,271119,0.05016247478044696
S2285,METTUR - 85,VENKATACHALAM. G,All India Anna Dravida Munnetra Kazhagam,85347,1151,86498,37.43,30/30,11:30 PM,04/05/2026,85,METTUR,NDA,1,231105,37.42800891369724
S2285,METTUR - 85,MIDHUN CHAKRAVARTHY. M,Dravida Munnetra Kazhagam,66296,1097,67393,29.16,30/30,11:30 PM,04/05/2026,85,METTUR,INDIA/SPA,2,231105,29.16120378183077
S2285,METTUR - 85,SELVAM. K,Tamilaga Vettri Kazhagam,64665,595,65260,28.24,30/30,11:30 PM,04/05/2026,85,METTUR,Solo,3,231105,28.23824668440752
S2285,METTUR - 85,VIDHYA VEERAPPAN,Naam Tamilar Katchi,6987,122,7109,3.08,30/30,11:30 PM,04/05/2026,85,METTUR,Solo,4,231105,3.0760909543281194
S2285,METTUR - 85,NOTA,None of the Above,782,12,794,0.34,30/30,11:30 PM,04/05/2026,85,METTUR,NOTA/Unaligned,5,231105,0.34356677700612276
S2285,METTUR - 85,RAMKUMAR. D.M,Independent,706,0,706,0.31,30/30,11:30 PM,04/05/2026,85,METTUR,Independent,6,231105,0.30548884706085977
S2285,METTUR - 85,DURAIRAJ. V,Independent,641,18,659,0.29,30/30,11:30 PM,04/05/2026,85,METTUR,Independent,7,231105,0.28515177084009435
S2285,METTUR - 85,VENKATASALAM. G,Independent,469,2,471,0.2,30/30,11:30 PM,04/05/2026,85,METTUR,Independent,8,231105,0.20380346595703253
S2285,METTUR - 85,PERIYAPONNU. O,Tamizhaga Vaazhvurimai Katchi,399,4,403,0.17,30/30,11:30 PM,04/05/2026,85,METTUR,-,9,231105,0.1743796109993293
S2285,METTUR - 85,DR.PADMARAJAN. K,Independent,385,5,390,0.17,30/30,11:30 PM,04/05/2026,85,METTUR,Independent,10,231105,0.16875446225741547
S2285,METTUR - 85,PRABAKARAN. S,Independent,251,0,251,0.11,30/30,11:30 PM,04/05/2026,85,METTUR,Independent,11,231105,0.10860864109387508
S2285,METTUR - 85,KRISHNAMOORTHY. P,Independent,237,0,237,0.1,30/30,11:30 PM,04/05/2026,85,METTUR,Independent,12,231105,0.10255078860258324
S2285,METTUR - 85,SARAVANAKUMAR. M,Independent,219,4,223,0.1,30/30,11:30 PM,04/05/2026,85,METTUR,Independent,13,231105,0.09649293611129141
S2285,METTUR - 85,MURUGAN. P,Independent,192,0,192,0.08,30/30,11:30 PM,04/05/2026,85,METTUR,Independent,14,231105,0.08307911988057376
S2285,METTUR - 85,JAGANATHAN. A,Independent,121,0,121,0.05,30/30,11:30 PM,04/05/2026,85,METTUR,Independent,15,231105,0.05235715367473659
S2285,METTUR - 85,VELU. A,Vada Tamil Nadu Munnetra Katchi,106,1,107,0.05,30/30,11:30 PM,04/05/2026,85,METTUR,-,16,231105,0.046299301183444753
S2285,METTUR - 85,CHIDAMBARAM. A,Independent,103,1,104,0.05,30/30,11:30 PM,04/05/2026,85,METTUR,Independent,17,231105,0.04500118993531079
S2285,METTUR - 85,KANNAN. M,Independent,98,1,99,0.04,30/30,11:30 PM,04/05/2026,85,METTUR,Independent,18,231105,0.04283767118842085
S2285,METTUR - 85,KANNAN. R,Independent,86,2,88,0.04,30/30,11:30 PM,04/05/2026,85,METTUR,Independent,19,231105,0.038077929945262975
S2286,EDAPPADI - 86,EDAPPADI PALANISWAMI. K,All India Anna Dravida Munnetra Kazhagam,146534,2399,148933,57.67,25/25,11:27 PM,04/05/2026,86,EDAPPADI,NDA,1,258263,57.66718422693146
S2286,EDAPPADI - 86,PREMKUMAR. K,Independent,50765,58,50823,19.68,25/25,11:27 PM,04/05/2026,86,EDAPPADI,Independent,2,258263,19.678777060593273
S2286,EDAPPADI - 86,KASI. C,Dravida Munnetra Kazhagam,42967,1044,44011,17.04,25/25,11:27 PM,04/05/2026,86,EDAPPADI,INDIA/SPA,3,258263,17.041155721106005
S2286,EDAPPADI - 86,PRIYADHARSHINI. A,Naam Tamilar Katchi,8311,139,8450,3.27,25/25,11:27 PM,04/05/2026,86,EDAPPADI,Solo,4,258263,3.2718585318067244
S2286,EDAPPADI - 86,GOVINDARAJ.V,Tamizhaga Vaazhvurimai Katchi,1652,10,1662,0.64,25/25,11:27 PM,04/05/2026,86,EDAPPADI,-,5,258263,0.6435300449541747
S2286,EDAPPADI - 86,NOTA,None of the Above,1284,57,1341,0.52,25/25,11:27 PM,04/05/2026,86,EDAPPADI,NOTA/Unaligned,6,258263,0.5192381409648305
S2286,EDAPPADI - 86,RAJA. K. B.SC. B.TECH. EX.INAS,Independent,734,5,739,0.29,25/25,11:27 PM,04/05/2026,86,EDAPPADI,Independent,7,258263,0.2861424207106709
S2286,EDAPPADI - 86,THULASIMANI. P,Independent,419,16,435,0.17,25/25,11:27 PM,04/05/2026,86,EDAPPADI,Independent,8,258263,0.16843295400425148
S2286,EDAPPADI - 86,SURESH. L,All India Puratchi Thalaivar Makkal Munnettra Kazhagam,426,3,429,0.17,25/25,11:27 PM,04/05/2026,86,EDAPPADI,-,9,258263,0.16610974084557215
S2286,EDAPPADI - 86,STUDENT'S FRIEND MURUGAN. M,Independent,387,12,399,0.15,25/25,11:27 PM,04/05/2026,86,EDAPPADI,Independent,10,258263,0.15449367505217548
S2286,EDAPPADI - 86,IYYAPPAN PERUMAL. P,Independent,289,7,296,0.11,25/25,11:27 PM,04/05/2026,86,EDAPPADI,Independent,11,258263,0.11461184916151365
S2286,EDAPPADI - 86,ELUMALAI. P,Independent,212,3,215,0.08,25/25,11:27 PM,04/05/2026,86,EDAPPADI,Independent,12,258263,0.08324847151934268
S2286,EDAPPADI - 86,KUMARESAN. M,Independent,205,2,207,0.08,25/25,11:27 PM,04/05/2026,86,EDAPPADI,Independent,13,258263,0.08015085397443691
S2286,EDAPPADI - 86,MURUGAN. C,Independent,158,1,159,0.06,25/25,11:27 PM,04/05/2026,86,EDAPPADI,Independent,14,258263,0.061565148705002265
S2286,EDAPPADI - 86,SUBRAMANI. P,Independent,91,6,97,0.04,25/25,11:27 PM,04/05/2026,86,EDAPPADI,Independent,15,258263,0.037558612731982514
S2286,EDAPPADI - 86,SAKTHIVEL. S,Independent,66,1,67,0.03,25/25,11:27 PM,04/05/2026,86,EDAPPADI,Independent,16,258263,0.02594254693858586
S2287,SANKARI - 87,VETRIVEL. S,All India Anna Dravida Munnetra Kazhagam,86200,1142,87342,35.83,25/25,11:30 PM,04/05/2026,87,SANKARI,NDA,1,243779,35.82835272931631
S2287,SANKARI - 87,SENTHILKUMAR. K,Tamilaga Vettri Kazhagam,77390,435,77825,31.92,25/25,11:30 PM,04/05/2026,87,SANKARI,Solo,2,243779,31.924406942353524
S2287,SANKARI - 87,MANIKANDAN. M,Dravida Munnetra Kazhagam,64752,964,65716,26.96,25/25,11:30 PM,04/05/2026,87,SANKARI,INDIA/SPA,3,243779,26.957203040458776
S2287,SANKARI - 87,NITHYA. A,Naam Tamilar Katchi,7435,99,7534,3.09,25/25,11:30 PM,04/05/2026,87,SANKARI,Solo,4,243779,3.0905041041270986
S2287,SANKARI - 87,DR. GURUNATHAN. S,Indhu Dravida Makkal Katchi,1006,3,1009,0.41,25/25,11:30 PM,04/05/2026,87,SANKARI,-,5,243779,0.4138994745240566
S2287,SANKARI - 87,NOTA,None of the Above,699,12,711,0.29,25/25,11:30 PM,04/05/2026,87,SANKARI,NOTA/Unaligned,6,243779,0.291657607915366
S2287,SANKARI - 87,PARAMASIVAM. R,Independent,470,3,473,0.19,25/25,11:30 PM,04/05/2026,87,SANKARI,Independent,7,243779,0.1940281976708412
S2287,SANKARI - 87,SETTUMUTHU. V,Bahujan Samaj Party,394,4,398,0.16,25/25,11:30 PM,04/05/2026,87,SANKARI,Solo,8,243779,0.16326262721563384
S2287,SANKARI - 87,MANIKANDAN. D,Independent,392,3,395,0.16,25/25,11:30 PM,04/05/2026,87,SANKARI,Independent,9,243779,0.16203200439742554
S2287,SANKARI - 87,MAYILKUMAR. M,Independent,338,2,340,0.14,25/25,11:30 PM,04/05/2026,87,SANKARI,Independent,10,243779,0.1394705860636068
S2287,SANKARI - 87,VIGNESH. A,Independent,289,0,289,0.12,25/25,11:30 PM,04/05/2026,87,SANKARI,Independent,11,243779,0.11854999815406578
S2287,SANKARI - 87,SENTHILKUMAR. R.S.,Tamizhaga Vaazhvurimai Katchi,284,3,287,0.12,25/25,11:30 PM,04/05/2026,87,SANKARI,-,12,243779,0.11772958294192691
S2287,SANKARI - 87,POOVARASAN. S,Independent,263,5,268,0.11,25/25,11:30 PM,04/05/2026,87,SANKARI,Independent,13,243779,0.10993563842660771
S2287,SANKARI - 87,DURAIRAJ. C,Independent,259,1,260,0.11,25/25,11:30 PM,04/05/2026,87,SANKARI,Independent,14,243779,0.10665397757805226
S2287,SANKARI - 87,VIJAYAKUMAR. M,Independent,244,0,244,0.1,25/25,11:30 PM,04/05/2026,87,SANKARI,Independent,15,243779,0.10009065588094135
S2287,SANKARI - 87,SALMAN. E,Independent,146,1,147,0.06,25/25,11:30 PM,04/05/2026,87,SANKARI,Independent,16,243779,0.06030051809220647
S2287,SANKARI - 87,SAKTHIVEL. D,Independent,139,1,140,0.06,25/25,11:30 PM,04/05/2026,87,SANKARI,Independent,17,243779,0.05742906484972044
S2287,SANKARI - 87,MANIKANDAN. P,Independent,135,1,136,0.06,25/25,11:30 PM,04/05/2026,87,SANKARI,Independent,18,243779,0.055788234425442715
S2287,SANKARI - 87,RANJITH KUMAR. V,Independent,96,0,96,0.04,25/25,11:30 PM,04/05/2026,87,SANKARI,Independent,19,243779,0.039379930182665446
S2287,SANKARI - 87,SAKTHIVEL. G,Independent,83,3,86,0.04,25/25,11:30 PM,04/05/2026,87,SANKARI,Independent,20,243779,0.03527785412197113
S2287,SANKARI - 87,RAMESHKUMAR. V,Independent,83,0,83,0.03,25/25,11:30 PM,04/05/2026,87,SANKARI,Independent,21,243779,0.03404723130376283
S2288,SALEM (WEST) - 88,LAKSHMANAN.S,Tamilaga Vettri Kazhagam,119587,820,120407,51.37,24/24,11:30 PM,04/05/2026,88,SALEM (WEST),Solo,1,234407,51.366640074741795
S2288,SALEM (WEST) - 88,KARTHE.M,Pattali Makkal Katchi,45006,534,45540,19.43,24/24,11:30 PM,04/05/2026,88,SALEM (WEST),NDA,2,234407,19.427747464879463
S2288,SALEM (WEST) - 88,ALAGAAPURAM. R. MOHANRAJ,Desiya Murpokku Dravida Kazhagam,41000,522,41522,17.71,24/24,11:30 PM,04/05/2026,88,SALEM (WEST),INDIA/SPA,3,234407,17.71363483172431
S2288,SALEM (WEST) - 88,ARUL RAMADAS,Aanaithinthiya Jananayaka Pathukappu Kazhagam,12391,141,12532,5.35,24/24,11:30 PM,04/05/2026,88,SALEM (WEST),-,4,234407,5.346256724415227
S2288,SALEM (WEST) - 88,SURESH KUMAR.R,Naam Tamilar Katchi,6726,94,6820,2.91,24/24,11:30 PM,04/05/2026,88,SALEM (WEST),Solo,5,234407,2.909469427107552
S2288,SALEM (WEST) - 88,NOTA,None of the Above,1026,26,1052,0.45,24/24,11:30 PM,04/05/2026,88,SALEM (WEST),NOTA/Unaligned,6,234407,0.4487920582576459
S2288,SALEM (WEST) - 88,RAJ KUMAR .G,Tamizhaga Vaazhvurimai Katchi,635,1,636,0.27,24/24,11:30 PM,04/05/2026,88,SALEM (WEST),-,7,234407,0.2713229553724931
S2288,SALEM (WEST) - 88,ER.PRABAKARAN.S,Independent,609,4,613,0.26,24/24,11:30 PM,04/05/2026,88,SALEM (WEST),Independent,8,234407,0.2615109617033621
S2288,SALEM (WEST) - 88,PRABU .K,Vishwa Tamil Kazhagam,404,0,404,0.17,24/24,11:30 PM,04/05/2026,88,SALEM (WEST),-,9,234407,0.17234980184038873
S2288,SALEM (WEST) - 88,GUNASEKARAN .R,Bahujan Samaj Party,391,4,395,0.17,24/24,11:30 PM,04/05/2026,88,SALEM (WEST),Solo,10,234407,0.1685103260568157
S2288,SALEM (WEST) - 88,BHARATH.S,Independent,395,0,395,0.17,24/24,11:30 PM,04/05/2026,88,SALEM (WEST),Independent,11,234407,0.1685103260568157
S2288,SALEM (WEST) - 88,CHANDRASEKARAN.G,Independent,392,1,393,0.17,24/24,11:30 PM,04/05/2026,88,SALEM (WEST),Independent,12,234407,0.1676571092160217
S2288,SALEM (WEST) - 88,VELMANIKANDAN. S,Independent,366,3,369,0.16,24/24,11:30 PM,04/05/2026,88,SALEM (WEST),Independent,13,234407,0.15741850712649366
S2288,SALEM (WEST) - 88,SRISABARINATHAN,Independent,359,0,359,0.15,24/24,11:30 PM,04/05/2026,88,SALEM (WEST),Independent,14,234407,0.15315242292252365
S2288,SALEM (WEST) - 88,AMIRTHALINGAM.N,Independent,316,2,318,0.14,24/24,11:30 PM,04/05/2026,88,SALEM (WEST),Independent,15,234407,0.13566147768624656
S2288,SALEM (WEST) - 88,ARUL.P,Independent,299,2,301,0.13,24/24,11:30 PM,04/05/2026,88,SALEM (WEST),Independent,16,234407,0.12840913453949754
S2288,SALEM (WEST) - 88,KUMAR.A.P,Independent,263,0,263,0.11,24/24,11:30 PM,04/05/2026,88,SALEM (WEST),Independent,17,234407,0.11219801456441147
S2288,SALEM (WEST) - 88,KARTHICK.M,Independent,240,3,243,0.1,24/24,11:30 PM,04/05/2026,88,SALEM (WEST),Independent,18,234407,0.10366584615647144
S2288,SALEM (WEST) - 88,ARUL.D,Independent,238,1,239,0.1,24/24,11:30 PM,04/05/2026,88,SALEM (WEST),Independent,19,234407,0.10195941247488342
S2288,SALEM (WEST) - 88,MANOHAR.C,Independent,214,0,214,0.09,24/24,11:30 PM,04/05/2026,88,SALEM (WEST),Independent,20,234407,0.09129420196495838
S2288,SALEM (WEST) - 88,THIYAGARAJAN.M,Independent,183,1,184,0.08,24/24,11:30 PM,04/05/2026,88,SALEM (WEST),Independent,21,234407,0.07849594935304834
S2288,SALEM (WEST) - 88,PERUMAL. A,Independent,181,0,181,0.08,24/24,11:30 PM,04/05/2026,88,SALEM (WEST),Independent,22,234407,0.07721612409185732
S2288,SALEM (WEST) - 88,SELVAM.R,Independent,147,0,147,0.06,24/24,11:30 PM,04/05/2026,88,SALEM (WEST),Independent,23,234407,0.06271143779835926
S2288,SALEM (WEST) - 88,RADHAKRISHNAN. R,Independent,136,1,137,0.06,24/24,11:30 PM,04/05/2026,88,SALEM (WEST),Independent,24,234407,0.058445353594389245
S2288,SALEM (WEST) - 88,BHARANITHARAN.D.K,Independent,117,1,118,0.05,24/24,11:30 PM,04/05/2026,88,SALEM (WEST),Independent,25,234407,0.05033979360684621
S2288,SALEM (WEST) - 88,VIJAYAKUMAR. S,Independent,108,3,111,0.05,24/24,11:30 PM,04/05/2026,88,SALEM (WEST),Independent,26,234407,0.0473535346640672
S2288,SALEM (WEST) - 88,ARUL. T,Independent,108,0,108,0.05,24/24,11:30 PM,04/05/2026,88,SALEM (WEST),Independent,27,234407,0.046073709402876195
S2288,SALEM (WEST) - 88,KARTHICK.R,Independent,89,2,91,0.04,24/24,11:30 PM,04/05/2026,88,SALEM (WEST),Independent,28,234407,0.038821366256127164
S2288,SALEM (WEST) - 88,MOHAN RAJ. R,Independent,86,2,88,0.04,24/24,11:30 PM,04/05/2026,88,SALEM (WEST),Independent,29,234407,0.03754154099493616
S2288,SALEM (WEST) - 88,ARUL .S,Independent,80,5,85,0.04,24/24,11:30 PM,04/05/2026,88,SALEM (WEST),Independent,30,234407,0.036261715733745155
S2288,SALEM (WEST) - 88,DHANAPAL,Independent,73,1,74,0.03,24/24,11:30 PM,04/05/2026,88,SALEM (WEST),Independent,31,234407,0.03156902310937813
S2288,SALEM (WEST) - 88,PANNEERSELVAM.P,Independent,67,1,68,0.03,24/24,11:30 PM,04/05/2026,88,SALEM (WEST),Independent,32,234407,0.02900937258699612
S2289,SALEM (NORTH) - 89,SIVAKUMAR. K,Tamilaga Vettri Kazhagam,85218,492,85710,40.68,23/23,11:30 PM,04/05/2026,89,SALEM (NORTH),Solo,1,210712,40.67637343862713
S2289,SALEM (NORTH) - 89,RAJENDRAN. R,Dravida Munnetra Kazhagam,70667,1009,71676,34.02,23/23,11:30 PM,04/05/2026,89,SALEM (NORTH),INDIA/SPA,2,210712,34.016097801738866
S2289,SALEM (NORTH) - 89,SADHASIVAM. S,Pattali Makkal Katchi,43753,485,44238,20.99,23/23,11:30 PM,04/05/2026,89,SALEM (NORTH),NDA,3,210712,20.99453282205095
S2289,SALEM (NORTH) - 89,GUNASEELA. M,Naam Tamilar Katchi,6375,75,6450,3.06,23/23,11:30 PM,04/05/2026,89,SALEM (NORTH),Solo,4,210712,3.0610501537643797
S2289,SALEM (NORTH) - 89,NOTA,None of the Above,1188,17,1205,0.57,23/23,11:30 PM,04/05/2026,89,SALEM (NORTH),NOTA/Unaligned,5,210712,0.5718706101218725
S2289,SALEM (NORTH) - 89,MOHANRAJ. S,Tamizhaga Vaazhvurimai Katchi,337,1,338,0.16,23/23,11:30 PM,04/05/2026,89,SALEM (NORTH),-,6,210712,0.16040851968563727
S2289,SALEM (NORTH) - 89,JOTHILAKSHMI. R.S,Vishwa Tamil Kazhagam,174,2,176,0.08,23/23,11:30 PM,04/05/2026,89,SALEM (NORTH),-,7,210712,0.08352632977713656
S2289,SALEM (NORTH) - 89,RAJA. A,Independent,150,1,151,0.07,23/23,11:30 PM,04/05/2026,89,SALEM (NORTH),Independent,8,210712,0.07166179429742967
S2289,SALEM (NORTH) - 89,SABAREESAN. D,Independent,137,0,137,0.07,23/23,11:30 PM,04/05/2026,89,SALEM (NORTH),Independent,9,210712,0.0650176544287938
S2289,SALEM (NORTH) - 89,RAJASEKAR. S,Independent,125,3,128,0.06,23/23,11:30 PM,04/05/2026,89,SALEM (NORTH),Independent,10,210712,0.06074642165609932
S2289,SALEM (NORTH) - 89,RAJENDRAN. A,Independent,121,1,122,0.06,23/23,11:30 PM,04/05/2026,89,SALEM (NORTH),Independent,11,210712,0.057898933140969666
S2289,SALEM (NORTH) - 89,MAHABUB JOHN. K,Independent,115,2,117,0.06,23/23,11:30 PM,04/05/2026,89,SALEM (NORTH),Independent,12,210712,0.055526026045028286
S2289,SALEM (NORTH) - 89,PRAVINA. G,Independent,96,1,97,0.05,23/23,11:30 PM,04/05/2026,89,SALEM (NORTH),Independent,13,210712,0.046034397661262765
S2289,SALEM (NORTH) - 89,MANIVANNAN. S,Independent,75,15,90,0.04,23/23,11:30 PM,04/05/2026,89,SALEM (NORTH),Independent,14,210712,0.04271232772694483
S2289,SALEM (NORTH) - 89,PALANISAMY. R,Independent,74,3,77,0.04,23/23,11:30 PM,04/05/2026,89,SALEM (NORTH),Independent,15,210712,0.03654276927749725
S2290,SALEM (SOUTH) - 90,VIJAY TAMILAN PARTHIBAN. A,Tamilaga Vettri Kazhagam,91008,363,91371,43.95,20/20,11:30 PM,04/05/2026,90,SALEM (SOUTH),Solo,1,207902,43.94907215899799
S2290,SALEM (SOUTH) - 90,LOGANATHAN. M,Dravida Munnetra Kazhagam,57443,559,58002,27.9,20/20,11:30 PM,04/05/2026,90,SALEM (SOUTH),INDIA/SPA,2,207902,27.898721513020558
S2290,SALEM (SOUTH) - 90,VINOTH. J,All India Anna Dravida Munnetra Kazhagam,49800,416,50216,24.15,20/20,11:30 PM,04/05/2026,90,SALEM (SOUTH),NDA,3,207902,24.153687795211205
S2290,SALEM (SOUTH) - 90,SOFIA. S,Naam Tamilar Katchi,5770,49,5819,2.8,20/20,11:30 PM,04/05/2026,90,SALEM (SOUTH),Solo,4,207902,2.798914873353792
S2290,SALEM (SOUTH) - 90,NOTA,None of the Above,728,17,745,0.36,20/20,11:30 PM,04/05/2026,90,SALEM (SOUTH),NOTA/Unaligned,5,207902,0.3583419110927264
S2290,SALEM (SOUTH) - 90,BAS MADHESWARAN,Tamizhaga Vaazhvurimai Katchi,407,0,407,0.2,20/20,11:30 PM,04/05/2026,90,SALEM (SOUTH),-,6,207902,0.19576531250300622
S2290,SALEM (SOUTH) - 90,VARATHARAJAN. S.P,Independent,166,0,166,0.08,20/20,11:30 PM,04/05/2026,90,SALEM (SOUTH),Independent,7,207902,0.07984531173341286
S2290,SALEM (SOUTH) - 90,LOGANATHAN. M,Independent,164,1,165,0.08,20/20,11:30 PM,04/05/2026,90,SALEM (SOUTH),Independent,8,207902,0.07936431587959712
S2290,SALEM (SOUTH) - 90,AMBEDKAR. C,Independent,157,1,158,0.08,20/20,11:30 PM,04/05/2026,90,SALEM (SOUTH),Independent,9,207902,0.07599734490288694
S2290,SALEM (SOUTH) - 90,JAYARAJ. S,Independent,117,0,117,0.06,20/20,11:30 PM,04/05/2026,90,SALEM (SOUTH),Independent,10,207902,0.056276514896441594
S2290,SALEM (SOUTH) - 90,MAYAKANNAN. N,Independent,99,0,99,0.05,20/20,11:30 PM,04/05/2026,90,SALEM (SOUTH),Independent,11,207902,0.04761858952775827
S2290,SALEM (SOUTH) - 90,PARTHIBAN. A,Independent,90,3,93,0.04,20/20,11:30 PM,04/05/2026,90,SALEM (SOUTH),Independent,12,207902,0.04473261440486383
S2290,SALEM (SOUTH) - 90,SANTHOSH. S,Independent,92,0,92,0.04,20/20,11:30 PM,04/05/2026,90,SALEM (SOUTH),Independent,13,207902,0.04425161855104809
S2290,SALEM (SOUTH) - 90,PRAVEEN KUMAR. M,Independent,91,0,91,0.04,20/20,11:30 PM,04/05/2026,90,SALEM (SOUTH),Independent,14,207902,0.04377062269723235
S2290,SALEM (SOUTH) - 90,PALANIAPPAN. M,Independent,74,1,75,0.04,20/20,11:30 PM,04/05/2026,90,SALEM (SOUTH),Independent,15,207902,0.03607468903618051
S2290,SALEM (SOUTH) - 90,LOGANATHAN. M,Independent,71,0,71,0.03,20/20,11:30 PM,04/05/2026,90,SALEM (SOUTH),Independent,16,207902,0.03415070562091755
S2290,SALEM (SOUTH) - 90,SUMATHI. P,Independent,61,0,61,0.03,20/20,11:30 PM,04/05/2026,90,SALEM (SOUTH),Independent,17,207902,0.029340747082760146
S2290,SALEM (SOUTH) - 90,PARTHIBAN. V,Independent,58,0,58,0.03,20/20,11:30 PM,04/05/2026,90,SALEM (SOUTH),Independent,18,207902,0.027897759521312928
S2290,SALEM (SOUTH) - 90,SUNDARAM. R,Independent,56,0,56,0.03,20/20,11:30 PM,04/05/2026,90,SALEM (SOUTH),Independent,19,207902,0.026935767813681444
S2290,SALEM (SOUTH) - 90,PADMANAPAN. M,Independent,40,0,40,0.02,20/20,11:30 PM,04/05/2026,90,SALEM (SOUTH),Independent,20,207902,0.019239834152629604
S2291,VEERAPANDI - 91,PALANIVEL. M.S,Tamilaga Vettri Kazhagam,79535,372,79907,33.88,23/23,11:30 PM,04/05/2026,91,VEERAPANDI,Solo,1,235875,33.876841547429784
S2291,VEERAPANDI - 91,SRI BALAJI SUGUMAR. S,All India Anna Dravida Munnetra Kazhagam,75091,745,75836,32.15,23/23,11:30 PM,04/05/2026,91,VEERAPANDI,NDA,2,235875,32.15092739798622
S2291,VEERAPANDI - 91,THARUN. A.K,Dravida Munnetra Kazhagam,68483,813,69296,29.38,23/23,11:30 PM,04/05/2026,91,VEERAPANDI,INDIA/SPA,3,235875,29.378272390037097
S2291,VEERAPANDI - 91,RAJESHKUMAR. S,Naam Tamilar Katchi,6741,79,6820,2.89,23/23,11:30 PM,04/05/2026,91,VEERAPANDI,Solo,4,235875,2.8913619501854795
S2291,VEERAPANDI - 91,BRAMAMOORTHI. M,Tamizhaga Vaazhvurimai Katchi,635,7,642,0.27,23/23,11:30 PM,04/05/2026,91,VEERAPANDI,-,5,235875,0.2721780604133545
S2291,VEERAPANDI - 91,NOTA,None of the Above,585,9,594,0.25,23/23,11:30 PM,04/05/2026,91,VEERAPANDI,NOTA/Unaligned,6,235875,0.25182829888712244
S2291,VEERAPANDI - 91,PALANISAMY. P,Independent,448,1,449,0.19,23/23,11:30 PM,04/05/2026,91,VEERAPANDI,Independent,7,235875,0.19035506094329624
S2291,VEERAPANDI - 91,ANBAZHAGAN. P,Communist Party of India (Marxist-Leninist) (Liberation),435,2,437,0.19,23/23,11:30 PM,04/05/2026,91,VEERAPANDI,-,8,235875,0.1852676205617382
S2291,VEERAPANDI - 91,SAKTHIVEL. M,Naadaalum Makkal Katchi,396,1,397,0.17,23/23,11:30 PM,04/05/2026,91,VEERAPANDI,-,9,235875,0.16830948595654477
S2291,VEERAPANDI - 91,PRABHU. V,Independent,348,1,349,0.15,23/23,11:30 PM,04/05/2026,91,VEERAPANDI,Independent,10,235875,0.14795972443031266
S2291,VEERAPANDI - 91,VAIDESSWARA PRASAD. N,Independent,197,0,197,0.08,23/23,11:30 PM,04/05/2026,91,VEERAPANDI,Independent,11,235875,0.08351881293057764
S2291,VEERAPANDI - 91,INDRAJITH GUPTHA. G,Independent,152,1,153,0.06,23/23,11:30 PM,04/05/2026,91,VEERAPANDI,Independent,12,235875,0.06486486486486487
S2291,VEERAPANDI - 91,TAMILARASAN. D,Independent,142,0,142,0.06,23/23,11:30 PM,04/05/2026,91,VEERAPANDI,Independent,13,235875,0.06020137784843667
S2291,VEERAPANDI - 91,SENTHILKUMAR. M,Independent,135,0,135,0.06,23/23,11:30 PM,04/05/2026,91,VEERAPANDI,Independent,14,235875,0.057233704292527825
S2291,VEERAPANDI - 91,DEVENDHIRAPRABU. M,Independent,103,0,103,0.04,23/23,11:30 PM,04/05/2026,91,VEERAPANDI,Independent,15,235875,0.04366719660837308
S2291,VEERAPANDI - 91,GOPI. R,Independent,96,0,96,0.04,23/23,11:30 PM,04/05/2026,91,VEERAPANDI,Independent,16,235875,0.04069952305246423
S2291,VEERAPANDI - 91,KARTHI. R,Independent,77,3,80,0.03,23/23,11:30 PM,04/05/2026,91,VEERAPANDI,Independent,17,235875,0.03391626921038686
S2291,VEERAPANDI - 91,JAYAVEL. M,Independent,79,0,79,0.03,23/23,11:30 PM,04/05/2026,91,VEERAPANDI,Independent,18,235875,0.03349231584525702
S2291,VEERAPANDI - 91,GOPINATH. B,Independent,56,2,58,0.02,23/23,11:30 PM,04/05/2026,91,VEERAPANDI,Independent,19,235875,0.02458929517753047
S2291,VEERAPANDI - 91,KAVITHA. M.P,Independent,56,0,56,0.02,23/23,11:30 PM,04/05/2026,91,VEERAPANDI,Independent,20,235875,0.0237413884472708
S2291,VEERAPANDI - 91,RANGANATHAN. D,Independent,49,0,49,0.02,23/23,11:30 PM,04/05/2026,91,VEERAPANDI,Independent,21,235875,0.02077371489136195
S2292,RASIPURAM - 92,LOGESH TAMILSELVAN D,Tamilaga Vettri Kazhagam,74050,758,74808,36.55,21/21,11:30 PM,04/05/2026,92,RASIPURAM,Solo,1,204680,36.54875903849912
S2292,RASIPURAM - 92,PREMKUMAR S D,Bharatiya Janata Party,59357,940,60297,29.46,21/21,11:30 PM,04/05/2026,92,RASIPURAM,NDA,2,204680,29.459155755325387
S2292,RASIPURAM - 92,MATHIVENTHAN M DR,Dravida Munnetra Kazhagam,56376,1478,57854,28.27,21/21,11:30 PM,04/05/2026,92,RASIPURAM,INDIA/SPA,3,204680,28.265585303888997
S2292,RASIPURAM - 92,SASIKALA S,Naam Tamilar Katchi,6283,132,6415,3.13,21/21,11:30 PM,04/05/2026,92,RASIPURAM,Solo,4,204680,3.1341606410005864
S2292,RASIPURAM - 92,MURUGESAN A,Independent,1292,0,1292,0.63,21/21,11:30 PM,04/05/2026,92,RASIPURAM,Independent,5,204680,0.6312292358803987
S2292,RASIPURAM - 92,NOTA,None of the Above,839,24,863,0.42,21/21,11:30 PM,04/05/2026,92,RASIPURAM,NOTA/Unaligned,6,204680,0.4216337697869846
S2292,RASIPURAM - 92,RAJESHKANNAN R,Independent,472,0,472,0.23,21/21,11:30 PM,04/05/2026,92,RASIPURAM,Independent,7,204680,0.23060386945475864
S2292,RASIPURAM - 92,ARULKUMAR P,Ganasangam Party of India,456,6,462,0.23,21/21,11:30 PM,04/05/2026,92,RASIPURAM,-,8,204680,0.22571819425444598
S2292,RASIPURAM - 92,NEPPOLIYAN K,Independent,427,1,428,0.21,21/21,11:30 PM,04/05/2026,92,RASIPURAM,Independent,9,204680,0.20910689857338285
S2292,RASIPURAM - 92,RAMADASS D,Samaniya Makkal Nala Katchi,348,0,348,0.17,21/21,11:30 PM,04/05/2026,92,RASIPURAM,-,10,204680,0.17002149697088137
S2292,RASIPURAM - 92,MUNIYAPPAN M,Puthiya Tamilagam,242,1,243,0.12,21/21,11:30 PM,04/05/2026,92,RASIPURAM,-,11,204680,0.1187219073675982
S2292,RASIPURAM - 92,ARULRAJU G,Anaithinthiya Anna Dravida Makkal Seyal katchi,182,1,183,0.09,21/21,11:30 PM,04/05/2026,92,RASIPURAM,-,12,204680,0.0894078561657221
S2292,RASIPURAM - 92,AMPULIMADHAN M,Independent,180,3,183,0.09,21/21,11:30 PM,04/05/2026,92,RASIPURAM,Independent,13,204680,0.0894078561657221
S2292,RASIPURAM - 92,NAGARAJAN K,Independent,179,0,179,0.09,21/21,11:30 PM,04/05/2026,92,RASIPURAM,Independent,14,204680,0.08745358608559703
S2292,RASIPURAM - 92,MANIKANDAN C,Independent,175,0,175,0.09,21/21,11:30 PM,04/05/2026,92,RASIPURAM,Independent,15,204680,0.08549931600547196
S2292,RASIPURAM - 92,THANGAMANI S,Independent,142,5,147,0.07,21/21,11:30 PM,04/05/2026,92,RASIPURAM,Independent,16,204680,0.07181942544459645
S2292,RASIPURAM - 92,KRISHNAMOORTHI P,Tamizhaga Vaazhvurimai Katchi,119,2,121,0.06,21/21,11:30 PM,04/05/2026,92,RASIPURAM,-,17,204680,0.05911666992378347
S2292,RASIPURAM - 92,JAYANTHI M,Independent,115,3,118,0.06,21/21,11:30 PM,04/05/2026,92,RASIPURAM,Independent,18,204680,0.05765096736368966
S2292,RASIPURAM - 92,TAMILAZHAGAN M,Independent,92,0,92,0.04,21/21,11:30 PM,04/05/2026,92,RASIPURAM,Independent,19,204680,0.04494821184287669
S2293,SENTHAMANGALAM - 93,P CHANDRASEKAR,Tamilaga Vettri Kazhagam,68124,691,68815,32.82,23/23,11:30 PM,04/05/2026,93,SENTHAMANGALAM,Solo,1,209687,32.817962010043544
S2293,SENTHAMANGALAM - 93,C CHANDRASEKARAN,All India Anna Dravida Munnetra Kazhagam,65161,999,66160,31.55,23/23,11:30 PM,04/05/2026,93,SENTHAMANGALAM,NDA,2,209687,31.551789095175188
S2293,SENTHAMANGALAM - 93,P POOMALAR,Dravida Munnetra Kazhagam,63891,1060,64951,30.98,23/23,11:30 PM,04/05/2026,93,SENTHAMANGALAM,INDIA/SPA,3,209687,30.975215440156042
S2293,SENTHAMANGALAM - 93,PONNUMANI C,Naam Tamilar Katchi,6354,124,6478,3.09,23/23,11:30 PM,04/05/2026,93,SENTHAMANGALAM,Solo,4,209687,3.0893665320215367
S2293,SENTHAMANGALAM - 93,NOTA,None of the Above,1198,13,1211,0.58,23/23,11:30 PM,04/05/2026,93,SENTHAMANGALAM,NOTA/Unaligned,5,209687,0.5775274575915531
S2293,SENTHAMANGALAM - 93,K RAMESH,Independent,603,2,605,0.29,23/23,11:30 PM,04/05/2026,93,SENTHAMANGALAM,Independent,6,209687,0.2885252781526752
S2293,SENTHAMANGALAM - 93,E MANIKANDAN,Independent,429,0,429,0.2,23/23,11:30 PM,04/05/2026,93,SENTHAMANGALAM,Independent,7,209687,0.20459065178098784
S2293,SENTHAMANGALAM - 93,M SWAMINATHAN,Independent,254,6,260,0.12,23/23,11:30 PM,04/05/2026,93,SENTHAMANGALAM,Independent,8,209687,0.12399433441271991
S2293,SENTHAMANGALAM - 93,A BALAMUGAN,Independent,251,8,259,0.12,23/23,11:30 PM,04/05/2026,93,SENTHAMANGALAM,Independent,9,209687,0.12351743312651714
S2293,SENTHAMANGALAM - 93,K DURAISAMY,Ganasangam Party of India,198,1,199,0.09,23/23,11:30 PM,04/05/2026,93,SENTHAMANGALAM,-,10,209687,0.09490335595435101
S2293,SENTHAMANGALAM - 93,C JAGANATHAN,All India Puratchi Thalaivar Makkal Munnettra Kazhagam,112,1,113,0.05,23/23,11:30 PM,04/05/2026,93,SENTHAMANGALAM,-,11,209687,0.05388984534091289
S2293,SENTHAMANGALAM - 93,P RAMASAMY,Tamizhaga Vaazhvurimai Katchi,111,0,111,0.05,23/23,11:30 PM,04/05/2026,93,SENTHAMANGALAM,-,12,209687,0.052936042768507344
S2293,SENTHAMANGALAM - 93,C SUTHAN,Independent,96,0,96,0.05,23/23,11:30 PM,04/05/2026,93,SENTHAMANGALAM,Independent,13,209687,0.04578252347546581
S2294,NAMAKKAL - 94,DILIP C S,Tamilaga Vettri Kazhagam,78916,828,79744,37.56,23/23,11:27 PM,04/05/2026,94,NAMAKKAL,Solo,1,212283,37.56494867700193
S2294,NAMAKKAL - 94,SRIDEVI MOHAN P S,All India Anna Dravida Munnetra Kazhagam,67350,1386,68736,32.38,23/23,11:27 PM,04/05/2026,94,NAMAKKAL,NDA,2,212283,32.37941804101129
S2294,NAMAKKAL - 94,RANI P,Dravida Munnetra Kazhagam,51502,1306,52808,24.88,23/23,11:27 PM,04/05/2026,94,NAMAKKAL,INDIA/SPA,3,212283,24.876226546638215
S2294,NAMAKKAL - 94,PRAVEENKUMAR K,Naam Tamilar Katchi,6172,114,6286,2.96,23/23,11:27 PM,04/05/2026,94,NAMAKKAL,Solo,4,212283,2.9611414950796813
S2294,NAMAKKAL - 94,NOTA,None of the Above,730,30,760,0.36,23/23,11:27 PM,04/05/2026,94,NAMAKKAL,NOTA/Unaligned,5,212283,0.3580126529208651
S2294,NAMAKKAL - 94,CHANDRA P,Independent,322,0,322,0.15,23/23,11:27 PM,04/05/2026,94,NAMAKKAL,Independent,6,212283,0.15168430821120862
S2294,NAMAKKAL - 94,THIYAGARAJAN R,Samaniya Makkal Nala Katchi,318,2,320,0.15,23/23,11:27 PM,04/05/2026,94,NAMAKKAL,-,7,212283,0.15074216965089055
S2294,NAMAKKAL - 94,RAMASAMY P,Bahujan Samaj Party,294,2,296,0.14,23/23,11:27 PM,04/05/2026,94,NAMAKKAL,Solo,8,212283,0.13943650692707377
S2294,NAMAKKAL - 94,AADITHIYAN A,Anna Puratchi Thalaivar Amma Dravida Munnetra Kazhagam,278,1,279,0.13,23/23,11:27 PM,04/05/2026,94,NAMAKKAL,NDA,9,212283,0.1314283291643702
S2294,NAMAKKAL - 94,NATARAJAN M,Independent,221,4,225,0.11,23/23,11:27 PM,04/05/2026,94,NAMAKKAL,Independent,10,212283,0.10599058803578243
S2294,NAMAKKAL - 94,GANDHIAN RAMESH T,Ahimsa Socialist Party,209,4,213,0.1,23/23,11:27 PM,04/05/2026,94,NAMAKKAL,-,11,212283,0.10033775667387403
S2294,NAMAKKAL - 94,ABINESHKUMAR T,Independent,212,1,213,0.1,23/23,11:27 PM,04/05/2026,94,NAMAKKAL,Independent,12,212283,0.10033775667387403
S2294,NAMAKKAL - 94,ARAVINTH S,Independent,191,2,193,0.09,23/23,11:27 PM,04/05/2026,94,NAMAKKAL,Independent,13,212283,0.09091637107069336
S2294,NAMAKKAL - 94,MANIKANDAN R,Independent,188,3,191,0.09,23/23,11:27 PM,04/05/2026,94,NAMAKKAL,Independent,14,212283,0.0899742325103753
S2294,NAMAKKAL - 94,MUTHUSAMY S,Independent,178,1,179,0.08,23/23,11:27 PM,04/05/2026,94,NAMAKKAL,Independent,15,212283,0.08432140114846691
S2294,NAMAKKAL - 94,JAYAKUMAR R,Independent,168,0,168,0.08,23/23,11:27 PM,04/05/2026,94,NAMAKKAL,Independent,16,212283,0.07913963906671755
S2294,NAMAKKAL - 94,KANAKARAJ K,Independent,157,2,159,0.07,23/23,11:27 PM,04/05/2026,94,NAMAKKAL,Independent,17,212283,0.07490001554528625
S2294,NAMAKKAL - 94,PALANISAMY M P,All India Puratchi Thalaivar Makkal Munnettra Kazhagam,147,2,149,0.07,23/23,11:27 PM,04/05/2026,94,NAMAKKAL,-,18,212283,0.07018932274369591
S2294,NAMAKKAL - 94,SURESHKANNAN P,Ganasangam Party of India,145,1,146,0.07,23/23,11:27 PM,04/05/2026,94,NAMAKKAL,-,19,212283,0.06877611490321882
S2294,NAMAKKAL - 94,MATHESWARAN C,Puthiya Tamilagam,143,3,146,0.07,23/23,11:27 PM,04/05/2026,94,NAMAKKAL,-,20,212283,0.06877611490321882
S2294,NAMAKKAL - 94,RAMESH A,Independent,113,1,114,0.05,23/23,11:27 PM,04/05/2026,94,NAMAKKAL,Independent,21,212283,0.05370189793812976
S2294,NAMAKKAL - 94,JAYARAMAN M,Independent,112,1,113,0.05,23/23,11:27 PM,04/05/2026,94,NAMAKKAL,Independent,22,212283,0.05323082865797073
S2294,NAMAKKAL - 94,MOHAN P,Independent,111,0,111,0.05,23/23,11:27 PM,04/05/2026,94,NAMAKKAL,Independent,23,212283,0.05228869009765266
S2294,NAMAKKAL - 94,STALIN R,Independent,98,1,99,0.05,23/23,11:27 PM,04/05/2026,94,NAMAKKAL,Independent,24,212283,0.046635858735744266
S2294,NAMAKKAL - 94,MAHENDRAN P,Anaithinthiya Anna Dravida Makkal Seyal katchi,95,1,96,0.05,23/23,11:27 PM,04/05/2026,94,NAMAKKAL,-,25,212283,0.04522265089526717
S2294,NAMAKKAL - 94,NETAJIKAVIARASU V,Independent,90,2,92,0.04,23/23,11:27 PM,04/05/2026,94,NAMAKKAL,Independent,26,212283,0.04333837377463103
S2294,NAMAKKAL - 94,MOHAN S,Independent,70,1,71,0.03,23/23,11:27 PM,04/05/2026,94,NAMAKKAL,Independent,27,212283,0.033445918891291344
S2294,NAMAKKAL - 94,MOHAN M,Independent,53,1,54,0.03,23/23,11:27 PM,04/05/2026,94,NAMAKKAL,Independent,28,212283,0.025437741128587783
S2295,PARAMATHI-VELUR - 95,SEKAR S,All India Anna Dravida Munnetra Kazhagam,60017,1332,61349,32.49,20/20,11:30 PM,04/05/2026,95,PARAMATHI-VELUR,NDA,1,188845,32.48643067065583
S2295,PARAMATHI-VELUR - 95,MOORTHIY K S,Dravida Munnetra Kazhagam,59402,1639,61041,32.32,20/20,11:30 PM,04/05/2026,95,PARAMATHI-VELUR,INDIA/SPA,2,188845,32.323333951123935
S2295,PARAMATHI-VELUR - 95,NANDAKUMAR A,Tamilaga Vettri Kazhagam,55408,659,56067,29.69,20/20,11:30 PM,04/05/2026,95,PARAMATHI-VELUR,Solo,3,188845,29.68942783764463
S2295,PARAMATHI-VELUR - 95,ARAVIND M,Naam Tamilar Katchi,5612,115,5727,3.03,20/20,11:30 PM,04/05/2026,95,PARAMATHI-VELUR,Solo,4,188845,3.032645820646562
S2295,PARAMATHI-VELUR - 95,NOTA,None of the Above,431,18,449,0.24,20/20,11:30 PM,04/05/2026,95,PARAMATHI-VELUR,NOTA/Unaligned,5,188845,0.23776112685006223
S2295,PARAMATHI-VELUR - 95,SHAILAJA,Tamizhaga Vaazhvurimai Katchi,438,6,444,0.24,20/20,11:30 PM,04/05/2026,95,PARAMATHI-VELUR,-,6,188845,0.23511345283168736
S2295,PARAMATHI-VELUR - 95,MANOJKUMAR M,Independent,337,1,338,0.18,20/20,11:30 PM,04/05/2026,95,PARAMATHI-VELUR,Independent,7,188845,0.17898276364214039
S2295,PARAMATHI-VELUR - 95,SELVARASU S,Anna Puratchi Thalaivar Amma Dravida Munnetra Kazhagam,330,4,334,0.18,20/20,11:30 PM,04/05/2026,95,PARAMATHI-VELUR,NDA,8,188845,0.1768646244274405
S2295,PARAMATHI-VELUR - 95,SEKAR C,Independent,308,1,309,0.16,20/20,11:30 PM,04/05/2026,95,PARAMATHI-VELUR,Independent,9,188845,0.1636262543355662
S2295,PARAMATHI-VELUR - 95,RAMAN V,Bahujan Samaj Party,257,2,259,0.14,20/20,11:30 PM,04/05/2026,95,PARAMATHI-VELUR,Solo,10,188845,0.13714951415181764
S2295,PARAMATHI-VELUR - 95,SEKAR V,Independent,246,3,249,0.13,20/20,11:30 PM,04/05/2026,95,PARAMATHI-VELUR,Independent,11,188845,0.13185416611506792
S2295,PARAMATHI-VELUR - 95,RAJA R,Independent,230,2,232,0.12,20/20,11:30 PM,04/05/2026,95,PARAMATHI-VELUR,Independent,12,188845,0.1228520744525934
S2295,PARAMATHI-VELUR - 95,GOPALAN G,Independent,231,0,231,0.12,20/20,11:30 PM,04/05/2026,95,PARAMATHI-VELUR,Independent,13,188845,0.12232253964891843
S2295,PARAMATHI-VELUR - 95,PARAMESHWARI S,Independent,192,0,192,0.1,20/20,11:30 PM,04/05/2026,95,PARAMATHI-VELUR,Independent,14,188845,0.10167068230559453
S2295,PARAMATHI-VELUR - 95,SUDHARSAN K,Independent,171,1,172,0.09,20/20,11:30 PM,04/05/2026,95,PARAMATHI-VELUR,Independent,15,188845,0.09107998623209511
S2295,PARAMATHI-VELUR - 95,PALANISAMY S,Independent,169,0,169,0.09,20/20,11:30 PM,04/05/2026,95,PARAMATHI-VELUR,Independent,16,188845,0.08949138182107019
S2295,PARAMATHI-VELUR - 95,KANDASAMY S,Independent,156,2,158,0.08,20/20,11:30 PM,04/05/2026,95,PARAMATHI-VELUR,Independent,17,188845,0.0836664989806455
S2295,PARAMATHI-VELUR - 95,VIJAY SURYABHALAAJI K R,All India Puratchi Thalaivar Makkal Munnettra Kazhagam,133,4,137,0.07,20/20,11:30 PM,04/05/2026,95,PARAMATHI-VELUR,-,18,188845,0.0725462681034711
S2295,PARAMATHI-VELUR - 95,BAKKIAM P,Anaithinthiya Anna Dravida Makkal Seyal katchi,114,2,116,0.06,20/20,11:30 PM,04/05/2026,95,PARAMATHI-VELUR,-,19,188845,0.0614260372262967
S2295,PARAMATHI-VELUR - 95,PRATHAP K,Independent,111,1,112,0.06,20/20,11:30 PM,04/05/2026,95,PARAMATHI-VELUR,Independent,20,188845,0.05930789801159681
S2295,PARAMATHI-VELUR - 95,THANGARASU M,Independent,100,0,100,0.05,20/20,11:30 PM,04/05/2026,95,PARAMATHI-VELUR,Independent,21,188845,0.052953480367497155
S2295,PARAMATHI-VELUR - 95,LATHA A,Independent,90,0,90,0.05,20/20,11:30 PM,04/05/2026,95,PARAMATHI-VELUR,Independent,22,188845,0.047658132330747435
S2295,PARAMATHI-VELUR - 95,KARTHIK R,Independent,78,5,83,0.04,20/20,11:30 PM,04/05/2026,95,PARAMATHI-VELUR,Independent,23,188845,0.04395138870502264
S2295,PARAMATHI-VELUR - 95,SURESH R,Independent,82,0,82,0.04,20/20,11:30 PM,04/05/2026,95,PARAMATHI-VELUR,Independent,24,188845,0.043421853901347666
S2295,PARAMATHI-VELUR - 95,RAMASAMY N,Independent,71,0,71,0.04,20/20,11:30 PM,04/05/2026,95,PARAMATHI-VELUR,Independent,25,188845,0.03759697106092298
S2295,PARAMATHI-VELUR - 95,MURTHI,Independent,53,0,53,0.03,20/20,11:30 PM,04/05/2026,95,PARAMATHI-VELUR,Independent,26,188845,0.02806534459477349
S2295,PARAMATHI-VELUR - 95,RAMESH R,Independent,53,0,53,0.03,20/20,11:30 PM,04/05/2026,95,PARAMATHI-VELUR,Independent,27,188845,0.02806534459477349
S2295,PARAMATHI-VELUR - 95,VIJAYAKUMAR A,Independent,53,0,53,0.03,20/20,11:30 PM,04/05/2026,95,PARAMATHI-VELUR,Independent,28,188845,0.02806534459477349
S2295,PARAMATHI-VELUR - 95,BALAJI R,Independent,52,0,52,0.03,20/20,11:30 PM,04/05/2026,95,PARAMATHI-VELUR,Independent,29,188845,0.02753580979109852
S2295,PARAMATHI-VELUR - 95,RANJITH K,Independent,50,0,50,0.03,20/20,11:30 PM,04/05/2026,95,PARAMATHI-VELUR,Independent,30,188845,0.026476740183748577
S2295,PARAMATHI-VELUR - 95,RAMESH P,Independent,37,0,37,0.02,20/20,11:30 PM,04/05/2026,95,PARAMATHI-VELUR,Independent,31,188845,0.019592787735973945
S2295,PARAMATHI-VELUR - 95,MOORTHI M,Independent,35,1,36,0.02,20/20,11:30 PM,04/05/2026,95,PARAMATHI-VELUR,Independent,32,188845,0.019063252932298977
S2296,TIRUCHENGODU - 96,ARUNRAJ K G,Tamilaga Vettri Kazhagam,78824,676,79500,41.6,22/22,11:30 PM,04/05/2026,96,TIRUCHENGODU,Solo,1,191122,41.59646717803288
S2296,TIRUCHENGODU - 96,SRMT SEKAR (A) CHANDRASEKAR R,All India Anna Dravida Munnetra Kazhagam,50439,889,51328,26.86,22/22,11:30 PM,04/05/2026,96,TIRUCHENGODU,NDA,2,191122,26.856144242944296
S2296,TIRUCHENGODU - 96,ESWARAN E R,Dravida Munnetra Kazhagam,48320,1145,49465,25.88,22/22,11:30 PM,04/05/2026,96,TIRUCHENGODU,INDIA/SPA,3,191122,25.88137420077228
S2296,TIRUCHENGODU - 96,REVATHI K,Naam Tamilar Katchi,6001,84,6085,3.18,22/22,11:30 PM,04/05/2026,96,TIRUCHENGODU,Solo,4,191122,3.1838302236267935
S2296,TIRUCHENGODU - 96,SARAVANASUNDARAM S,Independent,1173,17,1190,0.62,22/22,11:30 PM,04/05/2026,96,TIRUCHENGODU,Independent,5,191122,0.6226389426648947
S2296,TIRUCHENGODU - 96,NOTA,None of the Above,509,11,520,0.27,22/22,11:30 PM,04/05/2026,96,TIRUCHENGODU,NOTA/Unaligned,6,191122,0.2720775211644918
S2296,TIRUCHENGODU - 96,DEEPAKRAJAN V,Independent,496,1,497,0.26,22/22,11:30 PM,04/05/2026,96,TIRUCHENGODU,Independent,7,191122,0.26004332311298545
S2296,TIRUCHENGODU - 96,SHARAVANAN A K,Tamizhaga Vaazhvurimai Katchi,351,3,354,0.19,22/22,11:30 PM,04/05/2026,96,TIRUCHENGODU,-,8,191122,0.18522200479275017
S2296,TIRUCHENGODU - 96,PALANISAMY K,Independent,319,5,324,0.17,22/22,11:30 PM,04/05/2026,96,TIRUCHENGODU,Independent,9,191122,0.16952522472556797
S2296,TIRUCHENGODU - 96,RAMESH S,Independent,298,0,298,0.16,22/22,11:30 PM,04/05/2026,96,TIRUCHENGODU,Independent,10,191122,0.15592134866734336
S2296,TIRUCHENGODU - 96,CHINNATHAMBI K,Republican Party of India (Athawale),287,9,296,0.15,22/22,11:30 PM,04/05/2026,96,TIRUCHENGODU,-,11,191122,0.15487489666286455
S2296,TIRUCHENGODU - 96,SATHEESKUMAR P,Independent,249,2,251,0.13,22/22,11:30 PM,04/05/2026,96,TIRUCHENGODU,Independent,12,191122,0.13132972656209124
S2296,TIRUCHENGODU - 96,DHINESH KARIKALAN,Independent,246,1,247,0.13,22/22,11:30 PM,04/05/2026,96,TIRUCHENGODU,Independent,13,191122,0.1292368225531336
S2296,TIRUCHENGODU - 96,BALAJI CHEZHIAN P,Independent,189,0,189,0.1,22/22,11:30 PM,04/05/2026,96,TIRUCHENGODU,Independent,14,191122,0.09888971442324798
S2296,TIRUCHENGODU - 96,RAJAKUMAR P,Independent,96,0,96,0.05,22/22,11:30 PM,04/05/2026,96,TIRUCHENGODU,Independent,15,191122,0.0502296962149831
S2296,TIRUCHENGODU - 96,ESWARAN M,Independent,91,2,93,0.05,22/22,11:30 PM,04/05/2026,96,TIRUCHENGODU,Independent,16,191122,0.04866001820826488
S2296,TIRUCHENGODU - 96,DHANAPAL SUBRAMANIYAM,Anaithinthiya Anna Dravida Makkal Seyal katchi,91,0,91,0.05,22/22,11:30 PM,04/05/2026,96,TIRUCHENGODU,-,17,191122,0.04761356620378606
S2296,TIRUCHENGODU - 96,VISWANATHAN P,Independent,53,0,53,0.03,22/22,11:30 PM,04/05/2026,96,TIRUCHENGODU,Independent,18,191122,0.027730978118688587
S2296,TIRUCHENGODU - 96,THIRUKKUMARAN P,Makkal Munnetra Katchi,51,1,52,0.03,22/22,11:30 PM,04/05/2026,96,TIRUCHENGODU,-,19,191122,0.02720775211644918
S2296,TIRUCHENGODU - 96,ARULPRAKASAM S,Independent,49,0,49,0.03,22/22,11:30 PM,04/05/2026,96,TIRUCHENGODU,Independent,20,191122,0.025638074109730957
S2296,TIRUCHENGODU - 96,MAHESHKUMAR N,Independent,45,0,45,0.02,22/22,11:30 PM,04/05/2026,96,TIRUCHENGODU,Independent,21,191122,0.023545170100773328
S2296,TIRUCHENGODU - 96,MUNUSAMY A T,Samaniya Makkal Nala Katchi,36,2,38,0.02,22/22,11:30 PM,04/05/2026,96,TIRUCHENGODU,-,22,191122,0.019882588085097477
S2296,TIRUCHENGODU - 96,REVANTH S N,Independent,37,0,37,0.02,22/22,11:30 PM,04/05/2026,96,TIRUCHENGODU,Independent,23,191122,0.01935936208285807
S2296,TIRUCHENGODU - 96,ARJUNAN L K,Independent,24,0,24,0.01,22/22,11:30 PM,04/05/2026,96,TIRUCHENGODU,Independent,24,191122,0.012557424053745775
S2297,KUMARAPALAYAM - 97,C.VIJAYALAKSHMI,Tamilaga Vettri Kazhagam,80874,305,81179,39.54,24/24,11:27 PM,04/05/2026,97,KUMARAPALAYAM,Solo,1,205324,39.537024410200466
S2297,KUMARAPALAYAM - 97,P.THANGAMANI,All India Anna Dravida Munnetra Kazhagam,72783,700,73483,35.79,24/24,11:27 PM,04/05/2026,97,KUMARAPALAYAM,NDA,2,205324,35.78880208840662
S2297,KUMARAPALAYAM - 97,S.BALU,Dravida Munnetra Kazhagam,39520,473,39993,19.48,24/24,11:27 PM,04/05/2026,97,KUMARAPALAYAM,INDIA/SPA,3,205324,19.477995753053712
S2297,KUMARAPALAYAM - 97,UVARANI SURESH,Naam Tamilar Katchi,7611,52,7663,3.73,24/24,11:27 PM,04/05/2026,97,KUMARAPALAYAM,Solo,4,205324,3.7321501626697318
S2297,KUMARAPALAYAM - 97,NOTA,None of the Above,658,7,665,0.32,24/24,11:27 PM,04/05/2026,97,KUMARAPALAYAM,NOTA/Unaligned,5,205324,0.3238783581071867
S2297,KUMARAPALAYAM - 97,SELVARAJ,Independent,437,0,437,0.21,24/24,11:27 PM,04/05/2026,97,KUMARAPALAYAM,Independent,6,205324,0.21283434961329412
S2297,KUMARAPALAYAM - 97,K. PALANIVEL,Independent,326,0,326,0.16,24/24,11:27 PM,04/05/2026,97,KUMARAPALAYAM,Independent,7,205324,0.15877345074126745
S2297,KUMARAPALAYAM - 97,PANNERSELVAM,Anaithinthiya Anna Dravida Makkal Seyal katchi,233,0,233,0.11,24/24,11:27 PM,04/05/2026,97,KUMARAPALAYAM,-,8,205324,0.11347918411875864
S2297,KUMARAPALAYAM - 97,A.MURUGANANDHAN,Independent,184,1,185,0.09,24/24,11:27 PM,04/05/2026,97,KUMARAPALAYAM,Independent,9,205324,0.09010149812004442
S2297,KUMARAPALAYAM - 97,P.SENTHILKUMAR,Independent,183,1,184,0.09,24/24,11:27 PM,04/05/2026,97,KUMARAPALAYAM,Independent,10,205324,0.0896144629950712
S2297,KUMARAPALAYAM - 97,J KARTHI,Vishwa Tamil Kazhagam,142,0,142,0.07,24/24,11:27 PM,04/05/2026,97,KUMARAPALAYAM,-,11,205324,0.06915898774619625
S2297,KUMARAPALAYAM - 97,AMIRTHALINGAM,Independent,127,1,128,0.06,24/24,11:27 PM,04/05/2026,97,KUMARAPALAYAM,Independent,12,205324,0.06234049599657127
S2297,KUMARAPALAYAM - 97,KARTHI,Independent,116,4,120,0.06,24/24,11:27 PM,04/05/2026,97,KUMARAPALAYAM,Independent,13,205324,0.058444214996785565
S2297,KUMARAPALAYAM - 97,R.KUMARESAN,Independent,96,1,97,0.05,24/24,11:27 PM,04/05/2026,97,KUMARAPALAYAM,Independent,14,205324,0.047242407122401665
S2297,KUMARAPALAYAM - 97,S JAYAVEL,Independent,75,0,75,0.04,24/24,11:27 PM,04/05/2026,97,KUMARAPALAYAM,Independent,15,205324,0.03652763437299098
S2297,KUMARAPALAYAM - 97,G. SAMUELRAJ,Independent,71,1,72,0.04,24/24,11:27 PM,04/05/2026,97,KUMARAPALAYAM,Independent,16,205324,0.03506652899807134
S2297,KUMARAPALAYAM - 97,PALANISAMY,Samaniya Makkal Nala Katchi,71,0,71,0.03,24/24,11:27 PM,04/05/2026,97,KUMARAPALAYAM,-,17,205324,0.034579493873098124
S2297,KUMARAPALAYAM - 97,SIVARAJ,Independent,68,0,68,0.03,24/24,11:27 PM,04/05/2026,97,KUMARAPALAYAM,Independent,18,205324,0.03311838849817849
S2297,KUMARAPALAYAM - 97,R.RAJA,Independent,65,0,65,0.03,24/24,11:27 PM,04/05/2026,97,KUMARAPALAYAM,Independent,19,205324,0.03165728312325885
S2297,KUMARAPALAYAM - 97,SARAVANAN,Independent,56,0,56,0.03,24/24,11:27 PM,04/05/2026,97,KUMARAPALAYAM,Independent,20,205324,0.027273966998499932
S2297,KUMARAPALAYAM - 97,GOPALAKRISHNAN,Independent,52,0,52,0.03,24/24,11:27 PM,04/05/2026,97,KUMARAPALAYAM,Independent,21,205324,0.02532582649860708
S2297,KUMARAPALAYAM - 97,VENKATACHALAM,Independent,30,0,30,0.01,24/24,11:27 PM,04/05/2026,97,KUMARAPALAYAM,Independent,22,205324,0.014611053749196391
S2298,ERODE (EAST) - 98,M.VIJAY BALAJI,Tamilaga Vettri Kazhagam,69384,363,69747,42.93,20/20,11:27 PM,04/05/2026,98,ERODE (EAST),Solo,1,162453,42.93364850141272
S2298,ERODE (EAST) - 98,GOPINATH PALANIYAPPAN,Indian National Congress,45327,454,45781,28.18,20/20,11:27 PM,04/05/2026,98,ERODE (EAST),INDIA/SPA,2,162453,28.181073910607992
S2298,ERODE (EAST) - 98,R.MANOHARAN,All India Anna Dravida Munnetra Kazhagam,37904,279,38183,23.5,20/20,11:27 PM,04/05/2026,98,ERODE (EAST),NDA,3,162453,23.504028857577268
S2298,ERODE (EAST) - 98,S.THANDAVAMOORTHY,Naam Tamilar Katchi,4924,63,4987,3.07,20/20,11:27 PM,04/05/2026,98,ERODE (EAST),Solo,4,162453,3.0698109607086357
S2298,ERODE (EAST) - 98,NOTA,None of the Above,851,28,879,0.54,20/20,11:27 PM,04/05/2026,98,ERODE (EAST),NOTA/Unaligned,5,162453,0.5410795737844176
S2298,ERODE (EAST) - 98,J.MUTHU BAVA,Independent,854,4,858,0.53,20/20,11:27 PM,04/05/2026,98,ERODE (EAST),Independent,6,162453,0.5281527580284759
S2298,ERODE (EAST) - 98,H.MOHAMED GAIPEER,Independent,320,1,321,0.2,20/20,11:27 PM,04/05/2026,98,ERODE (EAST),Independent,7,162453,0.19759561226939484
S2298,ERODE (EAST) - 98,B.CHITRA,Bahujan Samaj Party,254,2,256,0.16,20/20,11:27 PM,04/05/2026,98,ERODE (EAST),Solo,8,162453,0.15758403969148
S2298,ERODE (EAST) - 98,M.KAMAL KUMAR,Vishwa Tamil Kazhagam,225,2,227,0.14,20/20,11:27 PM,04/05/2026,98,ERODE (EAST),-,9,162453,0.13973272269517953
S2298,ERODE (EAST) - 98,R.VAIRAM,Independent,194,2,196,0.12,20/20,11:27 PM,04/05/2026,98,ERODE (EAST),Independent,10,162453,0.12065028038878937
S2298,ERODE (EAST) - 98,K.MANIKANNAN,Samaniya Makkal Nala Katchi,172,1,173,0.11,20/20,11:27 PM,04/05/2026,98,ERODE (EAST),-,11,162453,0.10649233932275796
S2298,ERODE (EAST) - 98,NATHIYA.S,Independent,133,3,136,0.08,20/20,11:27 PM,04/05/2026,98,ERODE (EAST),Independent,12,162453,0.08371652108609876
S2298,ERODE (EAST) - 98,C.THIYAGARAJAN,Independent,131,1,132,0.08,20/20,11:27 PM,04/05/2026,98,ERODE (EAST),Independent,13,162453,0.08125427046591938
S2298,ERODE (EAST) - 98,M.DHARANI KUMAR,Independent,95,1,96,0.06,20/20,11:27 PM,04/05/2026,98,ERODE (EAST),Independent,14,162453,0.059094014884305
S2298,ERODE (EAST) - 98,A.MANIKANDAN,Tamizhaga Vaazhvurimai Katchi,85,1,86,0.05,20/20,11:27 PM,04/05/2026,98,ERODE (EAST),-,15,162453,0.05293838833385656
S2298,ERODE (EAST) - 98,K.DHAVASIAPPAN,Tamilaga Makkal Nala Katchi,79,1,80,0.05,20/20,11:27 PM,04/05/2026,98,ERODE (EAST),-,16,162453,0.0492450124035875
S2298,ERODE (EAST) - 98,R.DHANDAPANI,Veerath Thiyagi Viswanathadoss Thozhilalarkal Katchi,75,1,76,0.05,20/20,11:27 PM,04/05/2026,98,ERODE (EAST),-,17,162453,0.04678276178340812
S2298,ERODE (EAST) - 98,S.LAKSHMANATHAN,Independent,67,0,67,0.04,20/20,11:27 PM,04/05/2026,98,ERODE (EAST),Independent,18,162453,0.04124269788800453
S2298,ERODE (EAST) - 98,M.V.KARTHY,Independent,65,1,66,0.04,20/20,11:27 PM,04/05/2026,98,ERODE (EAST),Independent,19,162453,0.04062713523295969
S2298,ERODE (EAST) - 98,SHANMUGAM.P,Independent,53,2,55,0.03,20/20,11:27 PM,04/05/2026,98,ERODE (EAST),Independent,20,162453,0.03385594602746641
S2298,ERODE (EAST) - 98,M.MURUGESAN,Independent,48,3,51,0.03,20/20,11:27 PM,04/05/2026,98,ERODE (EAST),Independent,21,162453,0.03139369540728703
S2299,ERODE (WEST) - 99,ANANTH MOGHAN K.K.,Tamilaga Vettri Kazhagam,96364,472,96836,43.74,24/24,11:27 PM,04/05/2026,99,ERODE (WEST),Solo,1,221400,43.73803071364047
S2299,ERODE (WEST) - 99,S. MUTHUSAMY,Dravida Munnetra Kazhagam,73628,958,74586,33.69,24/24,11:27 PM,04/05/2026,99,ERODE (WEST),INDIA/SPA,2,221400,33.68834688346883
S2299,ERODE (WEST) - 99,M. YUVARAJA,Bharatiya Janata Party,37666,519,38185,17.25,24/24,11:27 PM,04/05/2026,99,ERODE (WEST),NDA,3,221400,17.24706413730804
S2299,ERODE (WEST) - 99,N. VIJAY,Naam Tamilar Katchi,8047,77,8124,3.67,24/24,11:27 PM,04/05/2026,99,ERODE (WEST),Solo,4,221400,3.669376693766938
S2299,ERODE (WEST) - 99,NOTA,None of the Above,1236,21,1257,0.57,24/24,11:27 PM,04/05/2026,99,ERODE (WEST),NOTA/Unaligned,5,221400,0.5677506775067751
S2299,ERODE (WEST) - 99,V . PALANI,Bahujan Samaj Party,515,1,516,0.23,24/24,11:27 PM,04/05/2026,99,ERODE (WEST),Solo,6,221400,0.23306233062330622
S2299,ERODE (WEST) - 99,K. KALAIYARASAN,Party for the Rights of Other backward Classes,434,5,439,0.2,24/24,11:27 PM,04/05/2026,99,ERODE (WEST),-,7,221400,0.19828364950316169
S2299,ERODE (WEST) - 99,C. RAJENDRAN,Independent,330,2,332,0.15,24/24,11:27 PM,04/05/2026,99,ERODE (WEST),Independent,8,221400,0.14995483288166214
S2299,ERODE (WEST) - 99,SHANMUGAM M.,Independent,234,1,235,0.11,24/24,11:27 PM,04/05/2026,99,ERODE (WEST),Independent,9,221400,0.1061427280939476
S2299,ERODE (WEST) - 99,A. RAMU,Independent,226,1,227,0.1,24/24,11:27 PM,04/05/2026,99,ERODE (WEST),Independent,10,221400,0.1025293586269196
S2299,ERODE (WEST) - 99,MOORTHI P.,Independent,202,3,205,0.09,24/24,11:27 PM,04/05/2026,99,ERODE (WEST),Independent,11,221400,0.09259259259259259
S2299,ERODE (WEST) - 99,M. NATARAJ,Vishwa Tamil Kazhagam,176,1,177,0.08,24/24,11:27 PM,04/05/2026,99,ERODE (WEST),-,12,221400,0.07994579945799458
S2299,ERODE (WEST) - 99,V. DHANALAKSHMI,Tamizhaga Vaazhvurimai Katchi,161,2,163,0.07,24/24,11:27 PM,04/05/2026,99,ERODE (WEST),-,13,221400,0.07362240289069558
S2299,ERODE (WEST) - 99,M. RUKMANI,Samaniya Makkal Nala Katchi,116,2,118,0.05,24/24,11:27 PM,04/05/2026,99,ERODE (WEST),-,14,221400,0.053297199638663056
S22100,MODAKKURICHI - 100,D.SHANMUGAN,Tamilaga Vettri Kazhagam,59978,737,60715,31.83,21/21,11:30 PM,04/05/2026,100,MODAKKURICHI,Solo,1,190759,31.828118201500324
S22100,MODAKKURICHI - 100,S.KIRTHIKA,Bharatiya Janata Party,57306,979,58285,30.55,21/21,11:30 PM,04/05/2026,100,MODAKKURICHI,NDA,2,190759,30.554259563113668
S22100,MODAKKURICHI - 100,S.SENTHILNATHAN,Dravida Munnetra Kazhagam,56989,1247,58236,30.53,21/21,11:30 PM,04/05/2026,100,MODAKKURICHI,INDIA/SPA,3,190759,30.528572701681178
S22100,MODAKKURICHI - 100,M.ARUNKUMAR,Naam Tamilar Katchi,6634,89,6723,3.52,21/21,11:30 PM,04/05/2026,100,MODAKKURICHI,Solo,4,190759,3.5243422328697465
S22100,MODAKKURICHI - 100,R.KARTHIKEYAN,Tamizhaga Vaazhvurimai Katchi,2192,47,2239,1.17,21/21,11:30 PM,04/05/2026,100,MODAKKURICHI,-,5,190759,1.1737323009661405
S22100,MODAKKURICHI - 100,NOTA,None of the Above,905,20,925,0.48,21/21,11:30 PM,04/05/2026,100,MODAKKURICHI,NOTA/Unaligned,6,190759,0.4849050372459491
S22100,MODAKKURICHI - 100,R.VELUSAMY,Independent,918,0,918,0.48,21/21,11:30 PM,04/05/2026,100,MODAKKURICHI,Independent,7,190759,0.4812354856127365
S22100,MODAKKURICHI - 100,K.MUNIYAPPAN,Bahujan Samaj Party,638,13,651,0.34,21/21,11:30 PM,04/05/2026,100,MODAKKURICHI,Solo,8,190759,0.34126830188877066
S22100,MODAKKURICHI - 100,L.BHARATHI,Independent,582,3,585,0.31,21/21,11:30 PM,04/05/2026,100,MODAKKURICHI,Independent,9,190759,0.30666967220419483
S22100,MODAKKURICHI - 100,A.DURAISAMY,Independent,297,6,303,0.16,21/21,11:30 PM,04/05/2026,100,MODAKKURICHI,Independent,10,190759,0.1588391635519163
S22100,MODAKKURICHI - 100,K.DHANABAL,Independent,281,3,284,0.15,21/21,11:30 PM,04/05/2026,100,MODAKKURICHI,Independent,11,190759,0.14887895197605355
S22100,MODAKKURICHI - 100,A.KATHIRVEL,Independent,243,2,245,0.13,21/21,11:30 PM,04/05/2026,100,MODAKKURICHI,Independent,12,190759,0.12843430716244056
S22100,MODAKKURICHI - 100,R.NATARAJAN,Independent,224,3,227,0.12,21/21,11:30 PM,04/05/2026,100,MODAKKURICHI,Independent,13,190759,0.11899831724846534
S22100,MODAKKURICHI - 100,M.RAVIKUMAR,Ganasangam Party of India,222,1,223,0.12,21/21,11:30 PM,04/05/2026,100,MODAKKURICHI,-,14,190759,0.11690143060091529
S22100,MODAKKURICHI - 100,M.RAMESH,Namathu Kongu Munnetra Kalagam,198,2,200,0.1,21/21,11:30 PM,04/05/2026,100,MODAKKURICHI,NOTA/Unaligned,15,190759,0.1048443323775025
S22101,DHARAPURAM - 101,SATHYABAMA.P,All India Anna Dravida Munnetra Kazhagam,80248,852,81100,40.56,24/24,11:27 PM,04/05/2026,101,DHARAPURAM,NDA,1,199944,40.561357180010404
S22101,DHARAPURAM - 101,INDIRANI.T,Dravida Munnetra Kazhagam,63336,1037,64373,32.2,24/24,11:27 PM,04/05/2026,101,DHARAPURAM,INDIA/SPA,2,199944,32.19551474412835
S22101,DHARAPURAM - 101,GOWRI CHITRA,Tamilaga Vettri Kazhagam,46099,339,46438,23.23,24/24,11:27 PM,04/05/2026,101,DHARAPURAM,Solo,3,199944,23.225503140879447
S22101,DHARAPURAM - 101,DHIVYA,Naam Tamilar Katchi,5936,90,6026,3.01,24/24,11:27 PM,04/05/2026,101,DHARAPURAM,Solo,4,199944,3.01384387628536
S22101,DHARAPURAM - 101,NOTA,None of the Above,1037,21,1058,0.53,24/24,11:27 PM,04/05/2026,101,DHARAPURAM,NOTA/Unaligned,5,199944,0.5291481614852158
S22101,DHARAPURAM - 101,ROHINI.S,Independent,357,0,357,0.18,24/24,11:27 PM,04/05/2026,101,DHARAPURAM,Independent,6,199944,0.17854999399831953
S22101,DHARAPURAM - 101,MOHANRAJ.M,Independent,173,1,174,0.09,24/24,11:27 PM,04/05/2026,101,DHARAPURAM,Independent,7,199944,0.08702436682271036
S22101,DHARAPURAM - 101,ANANTHI.S,Independent,149,2,151,0.08,24/24,11:27 PM,04/05/2026,101,DHARAPURAM,Independent,8,199944,0.07552114592085785
S22101,DHARAPURAM - 101,INDHIRANI.C,Independent,138,4,142,0.07,24/24,11:27 PM,04/05/2026,101,DHARAPURAM,Independent,9,199944,0.07101988556795903
S22101,DHARAPURAM - 101,GOWRI.P,Independent,120,5,125,0.06,24/24,11:27 PM,04/05/2026,101,DHARAPURAM,Independent,10,199944,0.06251750490137238
S22102,KANGAYAM - 102,NSN NATARAJ,All India Anna Dravida Munnetra Kazhagam,70352,770,71122,34.94,24/24,11:27 PM,04/05/2026,102,KANGAYAM,NDA,1,203534,34.943547515402834
S22102,KANGAYAM - 102,MANI GOUNDER,Tamilaga Vettri Kazhagam,62485,504,62989,30.95,24/24,11:27 PM,04/05/2026,102,KANGAYAM,Solo,2,203534,30.94765493725864
S22102,KANGAYAM - 102,M.P.SAMINATHAN,Dravida Munnetra Kazhagam,58184,1046,59230,29.1,24/24,11:27 PM,04/05/2026,102,KANGAYAM,INDIA/SPA,3,203534,29.10078905735651
S22102,KANGAYAM - 102,KARMEGAN.M,Naam Tamilar Katchi,6961,107,7068,3.47,24/24,11:27 PM,04/05/2026,102,KANGAYAM,Solo,4,203534,3.4726384780921125
S22102,KANGAYAM - 102,NOTA,None of the Above,683,23,706,0.35,24/24,11:27 PM,04/05/2026,102,KANGAYAM,NOTA/Unaligned,5,203534,0.3468707930861674
S22102,KANGAYAM - 102,P.THIRUGNANASAMBANTHAM,Party for the Rights of Other backward Classes,498,1,499,0.25,24/24,11:27 PM,04/05/2026,102,KANGAYAM,-,6,203534,0.2451678834985801
S22102,KANGAYAM - 102,P.PARTHIBAN,Independent,311,1,312,0.15,24/24,11:27 PM,04/05/2026,102,KANGAYAM,Independent,7,203534,0.15329134198708816
S22102,KANGAYAM - 102,R. IMMANUVEL,Independent,281,1,282,0.14,24/24,11:27 PM,04/05/2026,102,KANGAYAM,Independent,8,203534,0.13855178987294506
S22102,KANGAYAM - 102,P.MANI,Independent,273,1,274,0.13,24/24,11:27 PM,04/05/2026,102,KANGAYAM,Independent,9,203534,0.1346212426425069
S22102,KANGAYAM - 102,B.RAJENDRAN,Independent,264,1,265,0.13,24/24,11:27 PM,04/05/2026,102,KANGAYAM,Independent,10,203534,0.13019937700826398
S22102,KANGAYAM - 102,PALANISAMY,Independent,203,0,203,0.1,24/24,11:27 PM,04/05/2026,102,KANGAYAM,Independent,11,203534,0.09973763597236825
S22102,KANGAYAM - 102,R.VIJAYALAKSHMI,Ganasangam Party of India,172,4,176,0.09,24/24,11:27 PM,04/05/2026,102,KANGAYAM,-,12,203534,0.08647203906963948
S22102,KANGAYAM - 102,KARTHIKEYAN,Independent,163,1,164,0.08,24/24,11:27 PM,04/05/2026,102,KANGAYAM,Independent,13,203534,0.08057621822398224
S22102,KANGAYAM - 102,GOWTHAM,Independent,93,5,98,0.05,24/24,11:27 PM,04/05/2026,102,KANGAYAM,Independent,14,203534,0.048149203572867436
S22102,KANGAYAM - 102,T.NATARAJ,Independent,76,2,78,0.04,24/24,11:27 PM,04/05/2026,102,KANGAYAM,Independent,15,203534,0.03832283549677204
S22102,KANGAYAM - 102,K.ARUMUGAM,Independent,68,0,68,0.03,24/24,11:27 PM,04/05/2026,102,KANGAYAM,Independent,16,203534,0.03340965145872434
S22103,PERUNDURAI - 103,JAYAKUMAR. S,All India Anna Dravida Munnetra Kazhagam,69408,894,70302,35.03,22/22,11:30 PM,04/05/2026,103,PERUNDURAI,NDA,1,200686,35.03084420437898
S22103,PERUNDURAI - 103,THOPPU VENKATACHALAM (ALIAS) N.D. VENKATACHALAM,Dravida Munnetra Kazhagam,59662,947,60609,30.2,22/22,11:30 PM,04/05/2026,103,PERUNDURAI,INDIA/SPA,2,200686,30.200910875696362
S22103,PERUNDURAI - 103,ARUNACHALAM. V. P,Tamilaga Vettri Kazhagam,59030,453,59483,29.64,22/22,11:30 PM,04/05/2026,103,PERUNDURAI,Solo,3,200686,29.63983536469908
S22103,PERUNDURAI - 103,INGUR. C. LOGANATHAN,Naam Tamilar Katchi,6401,67,6468,3.22,22/22,11:30 PM,04/05/2026,103,PERUNDURAI,Solo,4,200686,3.222945297629132
S22103,PERUNDURAI - 103,VENKATACHALAM. C,Independent,869,9,878,0.44,22/22,11:30 PM,04/05/2026,103,PERUNDURAI,Independent,5,200686,0.43749937713642206
S22103,PERUNDURAI - 103,NOTA,None of the Above,792,20,812,0.4,22/22,11:30 PM,04/05/2026,103,PERUNDURAI,NOTA/Unaligned,6,200686,0.4046121802218391
S22103,PERUNDURAI - 103,ESWARAN. P,Bahujan Samaj Party,560,5,565,0.28,22/22,11:30 PM,04/05/2026,103,PERUNDURAI,Solo,7,200686,0.281534337223324
S22103,PERUNDURAI - 103,GEORGE STEPHEN. A,Independent,341,4,345,0.17,22/22,11:30 PM,04/05/2026,103,PERUNDURAI,Independent,8,200686,0.1719103475080474
S22103,PERUNDURAI - 103,JAYAPRAKASH. K,Independent,287,2,289,0.14,22/22,11:30 PM,04/05/2026,103,PERUNDURAI,Independent,9,200686,0.14400605921688608
S22103,PERUNDURAI - 103,SHANTHOSH KRISHNAN. S,Tamizhaga Vaazhvurimai Katchi,268,3,271,0.14,22/22,11:30 PM,04/05/2026,103,PERUNDURAI,-,10,200686,0.13503682369472708
S22103,PERUNDURAI - 103,SANTHOSH. S,Independent,257,2,259,0.13,22/22,11:30 PM,04/05/2026,103,PERUNDURAI,Independent,11,200686,0.1290573333466211
S22103,PERUNDURAI - 103,PALANISAMY. M,Independent,172,2,174,0.09,22/22,11:30 PM,04/05/2026,103,PERUNDURAI,Independent,12,200686,0.08670261004753695
S22103,PERUNDURAI - 103,SELVARAJU. M,Independent,152,2,154,0.08,22/22,11:30 PM,04/05/2026,103,PERUNDURAI,Independent,13,200686,0.07673679280069362
S22103,PERUNDURAI - 103,VALARMATHI. P,Samaniya Makkal Nala Katchi,77,0,77,0.04,22/22,11:30 PM,04/05/2026,103,PERUNDURAI,-,14,200686,0.03836839640034681
S22104,BHAVANI - 104,KARUPPANAN. K.C,All India Anna Dravida Munnetra Kazhagam,74402,1175,75577,36.28,22/22,11:27 PM,04/05/2026,104,BHAVANI,NDA,1,208323,36.27875942646755
S22104,BHAVANI - 104,BALAKRISHNAN,Tamilaga Vettri Kazhagam,67518,663,68181,32.73,22/22,11:27 PM,04/05/2026,104,BHAVANI,Solo,2,208323,32.72850333376535
S22104,BHAVANI - 104,CHANDRASEKAR. K.A,Dravida Munnetra Kazhagam,52906,1181,54087,25.96,22/22,11:27 PM,04/05/2026,104,BHAVANI,INDIA/SPA,3,208323,25.96304776716925
S22104,BHAVANI - 104,MOHANADEVI. R,Naam Tamilar Katchi,6075,120,6195,2.97,22/22,11:27 PM,04/05/2026,104,BHAVANI,Solo,4,208323,2.9737474978758947
S22104,BHAVANI - 104,NOTA,None of the Above,1386,23,1409,0.68,22/22,11:27 PM,04/05/2026,104,BHAVANI,NOTA/Unaligned,5,208323,0.676353547135938
S22104,BHAVANI - 104,MANIKKAM. P,Independent,524,2,526,0.25,22/22,11:27 PM,04/05/2026,104,BHAVANI,Independent,6,208323,0.252492523629172
S22104,BHAVANI - 104,SEKAR. K,Bahujan Samaj Party,449,7,456,0.22,22/22,11:27 PM,04/05/2026,104,BHAVANI,Solo,7,208323,0.21889085698650654
S22104,BHAVANI - 104,ARUMUGAM. P.V,Independent,378,4,382,0.18,22/22,11:27 PM,04/05/2026,104,BHAVANI,Independent,8,208323,0.18336909510711732
S22104,BHAVANI - 104,PALANISAMY. P.K,Tamizhaga Vaazhvurimai Katchi,350,4,354,0.17,22/22,11:27 PM,04/05/2026,104,BHAVANI,-,9,208323,0.16992842845005113
S22104,BHAVANI - 104,KANNAN. M,Independent,326,5,331,0.16,22/22,11:27 PM,04/05/2026,104,BHAVANI,Independent,10,208323,0.1588878808388896
S22104,BHAVANI - 104,VIMALRAJ. R,Makkal Munnetra Katchi,253,0,253,0.12,22/22,11:27 PM,04/05/2026,104,BHAVANI,-,11,208323,0.12144602372277664
S22104,BHAVANI - 104,PERUMAL. V.M,Independent,209,1,210,0.1,22/22,11:27 PM,04/05/2026,104,BHAVANI,Independent,12,208323,0.10080499992799642
S22104,BHAVANI - 104,BOOPATHI RAJARAJA CHOZHAN. M,Independent,134,0,134,0.06,22/22,11:27 PM,04/05/2026,104,BHAVANI,Independent,13,208323,0.06432319043024534
S22104,BHAVANI - 104,KARTHIKEYAN. P,Independent,123,4,127,0.06,22/22,11:27 PM,04/05/2026,104,BHAVANI,Independent,14,208323,0.06096302376597879
S22104,BHAVANI - 104,PARASAKTHI. P,Samaniya Makkal Nala Katchi,100,1,101,0.05,22/22,11:27 PM,04/05/2026,104,BHAVANI,-,15,208323,0.04848240472727447
S22105,ANTHIYUR - 105,HARIBASKAR.P,All India Anna Dravida Munnetra Kazhagam,59183,859,60042,32.32,20/20,11:27 PM,04/05/2026,105,ANTHIYUR,NDA,1,185775,32.31974162293096
S22105,ANTHIYUR - 105,SIVABALAN.M,Dravida Munnetra Kazhagam,57640,1142,58782,31.64,20/20,11:27 PM,04/05/2026,105,ANTHIYUR,INDIA/SPA,2,185775,31.641501816713767
S22105,ANTHIYUR - 105,VIJAY VENKATESH.M,Tamilaga Vettri Kazhagam,55726,646,56372,30.34,20/20,11:27 PM,04/05/2026,105,ANTHIYUR,Solo,3,185775,30.344233615933252
S22105,ANTHIYUR - 105,AALANGATTUR ANANDHI,Naam Tamilar Katchi,5164,123,5287,2.85,20/20,11:27 PM,04/05/2026,105,ANTHIYUR,Solo,4,185775,2.845915758309783
S22105,ANTHIYUR - 105,VEERAN.K,Independent,988,2,990,0.53,20/20,11:27 PM,04/05/2026,105,ANTHIYUR,Independent,5,185775,0.5329027048849415
S22105,ANTHIYUR - 105,DHANABAL.C,Independent,778,4,782,0.42,20/20,11:27 PM,04/05/2026,105,ANTHIYUR,Independent,6,185775,0.42093930830305476
S22105,ANTHIYUR - 105,NOTA,None of the Above,730,24,754,0.41,20/20,11:27 PM,04/05/2026,105,ANTHIYUR,NOTA/Unaligned,7,185775,0.4058673126093393
S22105,ANTHIYUR - 105,RAMASAMY.S,Samaniya Makkal Nala Katchi,611,0,611,0.33,20/20,11:27 PM,04/05/2026,105,ANTHIYUR,-,8,185775,0.3288924774592922
S22105,ANTHIYUR - 105,GOBAL.S.C.R,Aanaithinthiya Jananayaka Pathukappu Kazhagam,425,7,432,0.23,20/20,11:27 PM,04/05/2026,105,ANTHIYUR,-,9,185775,0.23253936213161083
S22105,ANTHIYUR - 105,EASWARAMURTHI.K,Tamizhaga Vaazhvurimai Katchi,381,9,390,0.21,20/20,11:27 PM,04/05/2026,105,ANTHIYUR,-,10,185775,0.20993136859103753
S22105,ANTHIYUR - 105,KAVIBHARATHI.K,Bahujan Samaj Party,374,6,380,0.2,20/20,11:27 PM,04/05/2026,105,ANTHIYUR,Solo,11,185775,0.20454851298613916
S22105,ANTHIYUR - 105,SANKARKUMAR.K.A,Independent,330,0,330,0.18,20/20,11:27 PM,04/05/2026,105,ANTHIYUR,Independent,12,185775,0.17763423496164715
S22105,ANTHIYUR - 105,SHEIK DAVOOD.A.M,Independent,249,1,250,0.13,20/20,11:27 PM,04/05/2026,105,ANTHIYUR,Independent,13,185775,0.13457139012245997
S22105,ANTHIYUR - 105,KARTHI.M,Independent,196,1,197,0.11,20/20,11:27 PM,04/05/2026,105,ANTHIYUR,Independent,14,185775,0.10604225541649845
S22105,ANTHIYUR - 105,SELVI.A,Independent,173,3,176,0.09,20/20,11:27 PM,04/05/2026,105,ANTHIYUR,Independent,15,185775,0.09473825864621181
S22106,GOBICHETTIPALAYAM - 106,SENGOTTAIYAN.K.A,Tamilaga Vettri Kazhagam,81628,984,82612,37.6,23/23,11:27 PM,04/05/2026,106,GOBICHETTIPALAYAM,Solo,1,219727,37.59756425018318
S22106,GOBICHETTIPALAYAM - 106,NALLASIVAM.N,Dravida Munnetra Kazhagam,64933,1059,65992,30.03,23/23,11:27 PM,04/05/2026,106,GOBICHETTIPALAYAM,INDIA/SPA,2,219727,30.03363264414478
S22106,GOBICHETTIPALAYAM - 106,PRABHU.V.B,All India Anna Dravida Munnetra Kazhagam,55660,572,56232,25.59,23/23,11:27 PM,04/05/2026,106,GOBICHETTIPALAYAM,NDA,3,219727,25.591757043968197
S22106,GOBICHETTIPALAYAM - 106,SEETHALAKSHMI.M.K,Naam Tamilar Katchi,8010,127,8137,3.7,23/23,11:27 PM,04/05/2026,106,GOBICHETTIPALAYAM,Solo,4,219727,3.7032317375652513
S22106,GOBICHETTIPALAYAM - 106,THIRUVENGATESH.M,Tamizhaga Vaazhvurimai Katchi,1717,29,1746,0.79,23/23,11:27 PM,04/05/2026,106,GOBICHETTIPALAYAM,-,5,219727,0.7946224178184748
S22106,GOBICHETTIPALAYAM - 106,NOTA,None of the Above,884,23,907,0.41,23/23,11:27 PM,04/05/2026,106,GOBICHETTIPALAYAM,NOTA/Unaligned,6,219727,0.41278495587706565
S22106,GOBICHETTIPALAYAM - 106,RAVIKUMAR.R,Bahujan Samaj Party,758,2,760,0.35,23/23,11:27 PM,04/05/2026,106,GOBICHETTIPALAYAM,Solo,7,219727,0.3458837557514552
S22106,GOBICHETTIPALAYAM - 106,PALANISAMYRAAJ.M,Independent,533,6,539,0.25,23/23,11:27 PM,04/05/2026,106,GOBICHETTIPALAYAM,Independent,8,219727,0.24530440046057153
S22106,GOBICHETTIPALAYAM - 106,BHUVANESHWARI.A,Independent,498,1,499,0.23,23/23,11:27 PM,04/05/2026,106,GOBICHETTIPALAYAM,Independent,9,219727,0.22709999226312652
S22106,GOBICHETTIPALAYAM - 106,VENKATACHALAM,Independent,468,2,470,0.21,23/23,11:27 PM,04/05/2026,106,GOBICHETTIPALAYAM,Independent,10,219727,0.21390179631997888
S22106,GOBICHETTIPALAYAM - 106,DHANAPAL.K,Independent,346,3,349,0.16,23/23,11:27 PM,04/05/2026,106,GOBICHETTIPALAYAM,Independent,11,219727,0.15883346152270772
S22106,GOBICHETTIPALAYAM - 106,SUMATHI.G,Independent,330,2,332,0.15,23/23,11:27 PM,04/05/2026,106,GOBICHETTIPALAYAM,Independent,12,219727,0.15109658803879358
S22106,GOBICHETTIPALAYAM - 106,SELVAKUMAR.R,Independent,289,3,292,0.13,23/23,11:27 PM,04/05/2026,106,GOBICHETTIPALAYAM,Independent,13,219727,0.13289217984134857
S22106,GOBICHETTIPALAYAM - 106,MALARVIZHI,Party for the Rights of Other backward Classes,197,0,197,0.09,23/23,11:27 PM,04/05/2026,106,GOBICHETTIPALAYAM,-,14,219727,0.08965671037241668
S22106,GOBICHETTIPALAYAM - 106,ANANDHAKUMAR.M,Independent,159,2,161,0.07,23/23,11:27 PM,04/05/2026,106,GOBICHETTIPALAYAM,Independent,15,219727,0.07327274299471617
S22106,GOBICHETTIPALAYAM - 106,RAMESH.P,Independent,148,1,149,0.07,23/23,11:27 PM,04/05/2026,106,GOBICHETTIPALAYAM,Independent,16,219727,0.06781142053548267
S22106,GOBICHETTIPALAYAM - 106,SEETHA.R,Independent,138,1,139,0.06,23/23,11:27 PM,04/05/2026,106,GOBICHETTIPALAYAM,Independent,17,219727,0.06326031848612142
S22106,GOBICHETTIPALAYAM - 106,SAKTHIVEL.G,Independent,113,1,114,0.05,23/23,11:27 PM,04/05/2026,106,GOBICHETTIPALAYAM,Independent,18,219727,0.051882563362718286
S22106,GOBICHETTIPALAYAM - 106,SHANMUGAM.G,Independent,100,0,100,0.05,23/23,11:27 PM,04/05/2026,106,GOBICHETTIPALAYAM,Independent,19,219727,0.045511020493612525
S22107,BHAVANISAGAR - 107,V.P.TAMILSELVI,Tamilaga Vettri Kazhagam,71879,512,72391,33.73,24/24,11:27 PM,04/05/2026,107,BHAVANISAGAR,Solo,1,214595,33.73377758102472
S22107,BHAVANISAGAR - 107,A.BANNARI,All India Anna Dravida Munnetra Kazhagam,67116,706,67822,31.6,24/24,11:27 PM,04/05/2026,107,BHAVANISAGAR,NDA,2,214595,31.604650620937115
S22107,BHAVANISAGAR - 107,P.L.SUNDARAM,Communist Party of India,62178,929,63107,29.41,24/24,11:27 PM,04/05/2026,107,BHAVANISAGAR,INDIA/SPA,3,214595,29.407488524895733
S22107,BHAVANISAGAR - 107,S.SOUNDARYA,Naam Tamilar Katchi,5766,66,5832,2.72,24/24,11:27 PM,04/05/2026,107,BHAVANISAGAR,Solo,4,214595,2.7176774854959342
S22107,BHAVANISAGAR - 107,NOTA,None of the Above,1787,17,1804,0.84,24/24,11:27 PM,04/05/2026,107,BHAVANISAGAR,NOTA/Unaligned,5,214595,0.840653323702789
S22107,BHAVANISAGAR - 107,B.PALANISWAMY,Bahujan Samaj Party,1021,8,1029,0.48,24/24,11:27 PM,04/05/2026,107,BHAVANISAGAR,Solo,6,214595,0.4795079102495398
S22107,BHAVANISAGAR - 107,DR.HANUMAIAH.C,Independent,551,5,556,0.26,24/24,11:27 PM,04/05/2026,107,BHAVANISAGAR,Independent,7,214595,0.25909270952258906
S22107,BHAVANISAGAR - 107,RAMAKRISHNAN,Independent,540,3,543,0.25,24/24,11:27 PM,04/05/2026,107,BHAVANISAGAR,Independent,8,214595,0.253034786458212
S22107,BHAVANISAGAR - 107,C.PALANICHAMY,Independent,476,5,481,0.22,24/24,11:27 PM,04/05/2026,107,BHAVANISAGAR,Independent,9,214595,0.22414315338195204
S22107,BHAVANISAGAR - 107,S.PALANISWAMY,Independent,329,4,333,0.16,24/24,11:27 PM,04/05/2026,107,BHAVANISAGAR,Independent,10,214595,0.15517602926442833
S22107,BHAVANISAGAR - 107,RAKKI,All India Puratchi Thalaivar Makkal Munnettra Kazhagam,323,4,327,0.15,24/24,11:27 PM,04/05/2026,107,BHAVANISAGAR,-,11,214595,0.1523800647731774
S22107,BHAVANISAGAR - 107,GOPALAN.M,Independent,192,1,193,0.09,24/24,11:27 PM,04/05/2026,107,BHAVANISAGAR,Independent,12,214595,0.08993685780190591
S22107,BHAVANISAGAR - 107,A.AMRISH,Independent,175,2,177,0.08,24/24,11:27 PM,04/05/2026,107,BHAVANISAGAR,Independent,13,214595,0.08248095249190335
S22108,UDHAGAMANDALAM - 108,BHOJARAJAN.M,Bharatiya Janata Party,47734,754,48488,32.61,21/21,11:30 PM,04/05/2026,108,UDHAGAMANDALAM,NDA,1,148704,32.60705831719389
S22108,UDHAGAMANDALAM - 108,IBRAHIM.R,Tamilaga Vettri Kazhagam,47002,510,47512,31.95,21/21,11:30 PM,04/05/2026,108,UDHAGAMANDALAM,Solo,2,148704,31.950720895201204
S22108,UDHAGAMANDALAM - 108,RAMACHANDRAN.B,Indian National Congress,44879,779,45658,30.7,21/21,11:30 PM,04/05/2026,108,UDHAGAMANDALAM,INDIA/SPA,3,148704,30.703948784161824
S22108,UDHAGAMANDALAM - 108,RAGUPATHY.B,Naam Tamilar Katchi,4551,90,4641,3.12,21/21,11:30 PM,04/05/2026,108,UDHAGAMANDALAM,Solo,4,148704,3.1209651387992254
S22108,UDHAGAMANDALAM - 108,NOTA,None of the Above,1502,23,1525,1.03,21/21,11:30 PM,04/05/2026,108,UDHAGAMANDALAM,NOTA/Unaligned,5,148704,1.0255272218635678
S22108,UDHAGAMANDALAM - 108,MANIAN.R,Independent,452,10,462,0.31,21/21,11:30 PM,04/05/2026,108,UDHAGAMANDALAM,Independent,6,148704,0.3106843124596514
S22108,UDHAGAMANDALAM - 108,SAVEETHA.R,Tamizhaga Vaazhvurimai Katchi,409,9,418,0.28,21/21,11:30 PM,04/05/2026,108,UDHAGAMANDALAM,-,7,148704,0.281095330320637
S22109,GUDALUR - 109,DHRAVIDAMANI.M,Dravida Munnetra Kazhagam,64926,664,65590,43.37,18/18,11:27 PM,04/05/2026,109,GUDALUR,INDIA/SPA,1,151241,43.36786982365893
S22109,GUDALUR - 109,PON.JAYASEELAN,All India Anna Dravida Munnetra Kazhagam,42268,489,42757,28.27,18/18,11:27 PM,04/05/2026,109,GUDALUR,NDA,2,151241,28.27077313691393
S22109,GUDALUR - 109,DEEPAK SAI KISHORE.A,Tamilaga Vettri Kazhagam,34756,206,34962,23.12,18/18,11:27 PM,04/05/2026,109,GUDALUR,Solo,3,151241,23.116747442823044
S22109,GUDALUR - 109,KARTHIK.R,Naam Tamilar Katchi,6148,51,6199,4.1,18/18,11:27 PM,04/05/2026,109,GUDALUR,Solo,4,151241,4.098756289630457
S22109,GUDALUR - 109,NOTA,None of the Above,863,8,871,0.58,18/18,11:27 PM,04/05/2026,109,GUDALUR,NOTA/Unaligned,5,151241,0.575902037146012
S22109,GUDALUR - 109,THILAGARAJ.N,Independent,442,1,443,0.29,18/18,11:27 PM,04/05/2026,109,GUDALUR,Independent,6,151241,0.29290999133832757
S22109,GUDALUR - 109,RAJ.S.K,Veerath Thiyagi Viswanathadoss Thozhilalarkal Katchi,417,2,419,0.28,18/18,11:27 PM,04/05/2026,109,GUDALUR,-,7,151241,0.27704127848929855
S22110,COONOOR - 110,M. RAJU,Dravida Munnetra Kazhagam,49583,887,50470,35.69,18/18,11:27 PM,04/05/2026,110,COONOOR,INDIA/SPA,1,141394,35.694583928596685
S22110,COONOOR - 110,A. RAMU,All India Anna Dravida Munnetra Kazhagam,41684,687,42371,29.97,18/18,11:27 PM,04/05/2026,110,COONOOR,NDA,2,141394,29.9666181026069
S22110,COONOOR - 110,C. THANGARAJU,Tamilaga Vettri Kazhagam,41844,381,42225,29.86,18/18,11:27 PM,04/05/2026,110,COONOOR,Solo,3,141394,29.863360538636716
S22110,COONOOR - 110,K. DEENU,Naam Tamilar Katchi,4631,64,4695,3.32,18/18,11:27 PM,04/05/2026,110,COONOOR,Solo,4,141394,3.3205086495890916
S22110,COONOOR - 110,NOTA,None of the Above,699,21,720,0.51,18/18,11:27 PM,04/05/2026,110,COONOOR,NOTA/Unaligned,5,141394,0.5092153839625444
S22110,COONOOR - 110,C. DINESH KUMAR,Independent,570,3,573,0.41,18/18,11:27 PM,04/05/2026,110,COONOOR,Independent,6,141394,0.4052505764035249
S22110,COONOOR - 110,D. VIDHYASAGAR,Independent,338,2,340,0.24,18/18,11:27 PM,04/05/2026,110,COONOOR,Independent,7,141394,0.24046282020453486
S22111,METTUPPALAYAM - 111,SUNILANAND,Tamilaga Vettri Kazhagam,75392,272,75664,30.97,27/27,11:30 PM,04/05/2026,111,METTUPPALAYAM,Solo,1,244319,30.969347451487604
S22111,METTUPPALAYAM - 111,SMT.KAVITHA KALYANASUNDARAM,Dravida Munnetra Kazhagam,67215,681,67896,27.79,27/27,11:30 PM,04/05/2026,111,METTUPPALAYAM,INDIA/SPA,2,244319,27.78989763383118
S22111,METTUPPALAYAM - 111,O.K.CHINNARAJ,All India Anna Dravida Munnetra Kazhagam,61151,585,61736,25.27,27/27,11:30 PM,04/05/2026,111,METTUPPALAYAM,NDA,3,244319,25.268603751652552
S22111,METTUPPALAYAM - 111,T.R.SHANMUGASUNDARAM,Independent,26535,221,26756,10.95,27/27,11:30 PM,04/05/2026,111,METTUPPALAYAM,Independent,4,244319,10.951256349281064
S22111,METTUPPALAYAM - 111,S.GOPALAKRISHNAN,Naam Tamilar Katchi,6450,58,6508,2.66,27/27,11:30 PM,04/05/2026,111,METTUPPALAYAM,Solo,5,244319,2.6637306144835238
S22111,METTUPPALAYAM - 111,NOTA,None of the Above,831,8,839,0.34,27/27,11:30 PM,04/05/2026,111,METTUPPALAYAM,NOTA/Unaligned,6,244319,0.3434035011603682
S22111,METTUPPALAYAM - 111,V.SENTHIL KUMAR,Independent,610,2,612,0.25,27/27,11:30 PM,04/05/2026,111,METTUPPALAYAM,Independent,7,244319,0.2504921843982662
S22111,METTUPPALAYAM - 111,V.ANANDKUMAR,Independent,596,0,596,0.24,27/27,11:30 PM,04/05/2026,111,METTUPPALAYAM,Independent,8,244319,0.24394336911988015
S22111,METTUPPALAYAM - 111,R.CHINNARAJ,Independent,585,1,586,0.24,27/27,11:30 PM,04/05/2026,111,METTUPPALAYAM,Independent,9,244319,0.23985035957088888
S22111,METTUPPALAYAM - 111,S.ABDUL RAHIMAN,Veerath Thiyagi Viswanathadoss Thozhilalarkal Katchi,449,9,458,0.19,27/27,11:30 PM,04/05/2026,111,METTUPPALAYAM,-,10,244319,0.18745983734380053
S22111,METTUPPALAYAM - 111,"SIVARAJ,R.",Anna Puratchi Thalaivar Amma Dravida Munnetra Kazhagam,385,2,387,0.16,27/27,11:30 PM,04/05/2026,111,METTUPPALAYAM,NDA,11,244319,0.15839946954596246
S22111,METTUPPALAYAM - 111,R.SANGEETHA,Naadaalum Makkal Katchi,350,6,356,0.15,27/27,11:30 PM,04/05/2026,111,METTUPPALAYAM,-,12,244319,0.1457111399440895
S22111,METTUPPALAYAM - 111,"DHAMOTHARAN,V.",All India Puratchi Thalaivar Makkal Munnettra Kazhagam,296,0,296,0.12,27/27,11:30 PM,04/05/2026,111,METTUPPALAYAM,-,13,244319,0.12115308265014182
S22111,METTUPPALAYAM - 111,S.KAVITHA,Independent,261,2,263,0.11,27/27,11:30 PM,04/05/2026,111,METTUPPALAYAM,Independent,14,244319,0.1076461511384706
S22111,METTUPPALAYAM - 111,N.SARAVANA KUMAR,Independent,250,2,252,0.1,27/27,11:30 PM,04/05/2026,111,METTUPPALAYAM,Independent,15,244319,0.1031438406345802
S22111,METTUPPALAYAM - 111,A.SATHIYALEELA,Independent,237,1,238,0.1,27/27,11:30 PM,04/05/2026,111,METTUPPALAYAM,Independent,16,244319,0.09741362726599241
S22111,METTUPPALAYAM - 111,C.MAHENDRAN,Independent,189,1,190,0.08,27/27,11:30 PM,04/05/2026,111,METTUPPALAYAM,Independent,17,244319,0.07776718143083428
S22111,METTUPPALAYAM - 111,C.NAGARAJ,Party for the Rights of Other backward Classes,157,4,161,0.07,27/27,11:30 PM,04/05/2026,111,METTUPPALAYAM,-,18,244319,0.06589745373875958
S22111,METTUPPALAYAM - 111,M.PALANICHAMI,Independent,120,0,120,0.05,27/27,11:30 PM,04/05/2026,111,METTUPPALAYAM,Independent,19,244319,0.04911611458789533
S22111,METTUPPALAYAM - 111,T.AMIRTHALINGAM,Independent,119,0,119,0.05,27/27,11:30 PM,04/05/2026,111,METTUPPALAYAM,Independent,20,244319,0.048706813632996206
S22111,METTUPPALAYAM - 111,"RANGASAMY,P.",Independent,96,3,99,0.04,27/27,11:30 PM,04/05/2026,111,METTUPPALAYAM,Independent,21,244319,0.04052079453501365
S22111,METTUPPALAYAM - 111,MANOHARAN,Independent,97,1,98,0.04,27/27,11:30 PM,04/05/2026,111,METTUPPALAYAM,Independent,22,244319,0.040111493580114524
S22111,METTUPPALAYAM - 111,P.RAVICHANDRAN,Independent,89,0,89,0.04,27/27,11:30 PM,04/05/2026,111,METTUPPALAYAM,Independent,23,244319,0.03642778498602237
S22112,AVANASHI - 112,KAMALI.S,Tamilaga Vettri Kazhagam,83730,479,84209,36.36,28/28,11:27 PM,04/05/2026,112,AVANASHI,Solo,1,231600,36.35967184801382
S22112,AVANASHI - 112,DR. L. MURUGAN,Bharatiya Janata Party,68138,698,68836,29.72,28/28,11:27 PM,04/05/2026,112,AVANASHI,NDA,2,231600,29.721934369602764
S22112,AVANASHI - 112,DR. GOKILAMANI.V,Dravida Munnetra Kazhagam,64706,824,65530,28.29,28/28,11:27 PM,04/05/2026,112,AVANASHI,INDIA/SPA,3,231600,28.29447322970639
S22112,AVANASHI - 112,MENAKA. V,Naam Tamilar Katchi,7623,81,7704,3.33,28/28,11:27 PM,04/05/2026,112,AVANASHI,Solo,4,231600,3.326424870466321
S22112,AVANASHI - 112,NOTA,None of the Above,1539,24,1563,0.67,28/28,11:27 PM,04/05/2026,112,AVANASHI,NOTA/Unaligned,5,231600,0.6748704663212435
S22112,AVANASHI - 112,GOKILAMANI. M,Independent,650,2,652,0.28,28/28,11:27 PM,04/05/2026,112,AVANASHI,Independent,6,231600,0.2815198618307427
S22112,AVANASHI - 112,GOVINDAN.P,Bahujan Samaj Party,576,9,585,0.25,28/28,11:27 PM,04/05/2026,112,AVANASHI,Solo,7,231600,0.25259067357512954
S22112,AVANASHI - 112,DHANABAL.R,Independent,546,0,546,0.24,28/28,11:27 PM,04/05/2026,112,AVANASHI,Independent,8,231600,0.23575129533678757
S22112,AVANASHI - 112,ARUMUGAM.R,Ganasangam Party of India,498,3,501,0.22,28/28,11:27 PM,04/05/2026,112,AVANASHI,-,9,231600,0.21632124352331605
S22112,AVANASHI - 112,MOORTHI.R,Independent,311,2,313,0.14,28/28,11:27 PM,04/05/2026,112,AVANASHI,Independent,10,231600,0.135146804835924
S22112,AVANASHI - 112,SUBRAMANI.C.K,Independent,261,3,264,0.11,28/28,11:27 PM,04/05/2026,112,AVANASHI,Independent,11,231600,0.11398963730569948
S22112,AVANASHI - 112,CHINNASAMY.V,Tamizhaga Vaazhvurimai Katchi,259,0,259,0.11,28/28,11:27 PM,04/05/2026,112,AVANASHI,-,12,231600,0.1118307426597582
S22112,AVANASHI - 112,ANANDHI.S,Independent,231,4,235,0.1,28/28,11:27 PM,04/05/2026,112,AVANASHI,Independent,13,231600,0.10146804835924007
S22112,AVANASHI - 112,SATHIYARASU. R,Independent,208,7,215,0.09,28/28,11:27 PM,04/05/2026,112,AVANASHI,Independent,14,231600,0.09283246977547496
S22112,AVANASHI - 112,ARUMUGAM. P,Independent,187,1,188,0.08,28/28,11:27 PM,04/05/2026,112,AVANASHI,Independent,15,231600,0.08117443868739206
S22113,TIRUPPUR (NORTH) - 113,V.SATHYABAMA,Tamilaga Vettri Kazhagam,130901,500,131401,49.88,34/34,11:30 PM,04/05/2026,113,TIRUPPUR (NORTH),Solo,1,263457,49.8756912892806
S22113,TIRUPPUR (NORTH) - 113,M.S.M.ANANDAN,All India Anna Dravida Munnetra Kazhagam,61082,327,61409,23.31,34/34,11:30 PM,04/05/2026,113,TIRUPPUR (NORTH),NDA,2,263457,23.308927073488274
S22113,TIRUPPUR (NORTH) - 113,M.RAVI ALIAS M.SUBRAMANIAN,Communist Party of India,53525,439,53964,20.48,34/34,11:30 PM,04/05/2026,113,TIRUPPUR (NORTH),INDIA/SPA,3,263457,20.48303897789772
S22113,TIRUPPUR (NORTH) - 113,R.ABINAYA,Naam Tamilar Katchi,13095,62,13157,4.99,34/34,11:30 PM,04/05/2026,113,TIRUPPUR (NORTH),Solo,4,263457,4.993983837969764
S22113,TIRUPPUR (NORTH) - 113,NOTA,None of the Above,1065,13,1078,0.41,34/34,11:30 PM,04/05/2026,113,TIRUPPUR (NORTH),NOTA/Unaligned,5,263457,0.4091749317725473
S22113,TIRUPPUR (NORTH) - 113,L.JAMES REYNOLD,Bahujan Samaj Party,378,2,380,0.14,34/34,11:30 PM,04/05/2026,113,TIRUPPUR (NORTH),Solo,6,263457,0.14423606129273467
S22113,TIRUPPUR (NORTH) - 113,T.KRISHNASWAMY,Anna Puratchi Thalaivar Amma Dravida Munnetra Kazhagam,349,2,351,0.13,34/34,11:30 PM,04/05/2026,113,TIRUPPUR (NORTH),NDA,7,263457,0.13322857240460492
S22113,TIRUPPUR (NORTH) - 113,G.BALAKRISHNAN,Independent,247,0,247,0.09,34/34,11:30 PM,04/05/2026,113,TIRUPPUR (NORTH),Independent,8,263457,0.09375343984027754
S22113,TIRUPPUR (NORTH) - 113,K.VENKADASWAMY,Independent,216,2,218,0.08,34/34,11:30 PM,04/05/2026,113,TIRUPPUR (NORTH),Independent,9,263457,0.08274595095214779
S22113,TIRUPPUR (NORTH) - 113,PY.DHATCHINAMURTHY,Tamizhaga Vaazhvurimai Katchi,213,1,214,0.08,34/34,11:30 PM,04/05/2026,113,TIRUPPUR (NORTH),-,10,263457,0.08122767662275059
S22113,TIRUPPUR (NORTH) - 113,R.VISHNUMOORTHY,Independent,198,0,198,0.08,34/34,11:30 PM,04/05/2026,113,TIRUPPUR (NORTH),Independent,11,263457,0.07515457930516176
S22113,TIRUPPUR (NORTH) - 113,P.RAVI,Independent,195,1,196,0.07,34/34,11:30 PM,04/05/2026,113,TIRUPPUR (NORTH),Independent,12,263457,0.07439544214046315
S22113,TIRUPPUR (NORTH) - 113,K.ANAND,Independent,191,2,193,0.07,34/34,11:30 PM,04/05/2026,113,TIRUPPUR (NORTH),Independent,13,263457,0.07325673639341525
S22113,TIRUPPUR (NORTH) - 113,M.RANGASAMY,Independent,179,0,179,0.07,34/34,11:30 PM,04/05/2026,113,TIRUPPUR (NORTH),Independent,14,263457,0.06794277624052501
S22113,TIRUPPUR (NORTH) - 113,GANISHKAR,Independent,170,2,172,0.07,34/34,11:30 PM,04/05/2026,113,TIRUPPUR (NORTH),Independent,15,263457,0.06528579616407991
S22113,TIRUPPUR (NORTH) - 113,S.ANANDHAKUMAR,Independent,99,1,100,0.04,34/34,11:30 PM,04/05/2026,113,TIRUPPUR (NORTH),Independent,16,263457,0.037956858234930176
S22114,TIRUPPUR (SOUTH) - 114,BALAMURUGAN. S,Tamilaga Vettri Kazhagam,73472,321,73793,41.04,21/21,11:30 PM,04/05/2026,114,TIRUPPUR (SOUTH),Solo,1,179814,41.038517579276366
S22114,TIRUPPUR (SOUTH) - 114,DINESHKUMAR. N,Dravida Munnetra Kazhagam,60392,500,60892,33.86,21/21,11:30 PM,04/05/2026,114,TIRUPPUR (SOUTH),INDIA/SPA,2,179814,33.863881566507615
S22114,TIRUPPUR (SOUTH) - 114,THANGARAJ. S,Bharatiya Janata Party,34399,218,34617,19.25,21/21,11:30 PM,04/05/2026,114,TIRUPPUR (SOUTH),NDA,3,179814,19.251559945276785
S22114,TIRUPPUR (SOUTH) - 114,DINESH. P.N,Naam Tamilar Katchi,6918,38,6956,3.87,21/21,11:30 PM,04/05/2026,114,TIRUPPUR (SOUTH),Solo,4,179814,3.868441834339929
S22114,TIRUPPUR (SOUTH) - 114,NOTA,None of the Above,636,8,644,0.36,21/21,11:30 PM,04/05/2026,114,TIRUPPUR (SOUTH),NOTA/Unaligned,5,179814,0.3581478639038117
S22114,TIRUPPUR (SOUTH) - 114,KALIMUTHU. K,All India Forward Bloc,625,1,626,0.35,21/21,11:30 PM,04/05/2026,114,TIRUPPUR (SOUTH),-,6,179814,0.3481375198816555
S22114,TIRUPPUR (SOUTH) - 114,DINESHKUMAR,Independent,235,0,235,0.13,21/21,11:30 PM,04/05/2026,114,TIRUPPUR (SOUTH),Independent,7,179814,0.1306906025114841
S22114,TIRUPPUR (SOUTH) - 114,RANGASAMY. S,Bahujan Samaj Party,231,3,234,0.13,21/21,11:30 PM,04/05/2026,114,TIRUPPUR (SOUTH),Solo,8,179814,0.13013447228803096
S22114,TIRUPPUR (SOUTH) - 114,DINESHKUMAR,Independent,202,1,203,0.11,21/21,11:30 PM,04/05/2026,114,TIRUPPUR (SOUTH),Independent,9,179814,0.11289443536098413
S22114,TIRUPPUR (SOUTH) - 114,KESAVAMURTHI. N,Independent,193,1,194,0.11,21/21,11:30 PM,04/05/2026,114,TIRUPPUR (SOUTH),Independent,10,179814,0.10788926334990602
S22114,TIRUPPUR (SOUTH) - 114,MALARVIZHI. G,Indhu Dravida Makkal Katchi,167,3,170,0.09,21/21,11:30 PM,04/05/2026,114,TIRUPPUR (SOUTH),-,11,179814,0.09454213798703104
S22114,TIRUPPUR (SOUTH) - 114,MAHALINGAM. V,Independent,167,0,167,0.09,21/21,11:30 PM,04/05/2026,114,TIRUPPUR (SOUTH),Independent,12,179814,0.09287374731667167
S22114,TIRUPPUR (SOUTH) - 114,VASANTHAMANI. K,Independent,141,1,142,0.08,21/21,11:30 PM,04/05/2026,114,TIRUPPUR (SOUTH),Independent,13,179814,0.07897049173034358
S22114,TIRUPPUR (SOUTH) - 114,VENKATACHALAM. G,Independent,138,1,139,0.08,21/21,11:30 PM,04/05/2026,114,TIRUPPUR (SOUTH),Independent,14,179814,0.07730210105998421
S22114,TIRUPPUR (SOUTH) - 114,DHANABAL. D,Independent,131,1,132,0.07,21/21,11:30 PM,04/05/2026,114,TIRUPPUR (SOUTH),Independent,15,179814,0.07340918949581234
S22114,TIRUPPUR (SOUTH) - 114,DINESHKUMAR. V,Independent,115,1,116,0.06,21/21,11:30 PM,04/05/2026,114,TIRUPPUR (SOUTH),Independent,16,179814,0.06451110592056236
S22114,TIRUPPUR (SOUTH) - 114,VIJAYAKUMAR. M,Anna Puratchi Thalaivar Amma Dravida Munnetra Kazhagam,78,3,81,0.05,21/21,11:30 PM,04/05/2026,114,TIRUPPUR (SOUTH),NDA,17,179814,0.04504654809970303
S22114,TIRUPPUR (SOUTH) - 114,JOHN BASHA. A,Tamizhaga Vaazhvurimai Katchi,75,1,76,0.04,21/21,11:30 PM,04/05/2026,114,TIRUPPUR (SOUTH),-,18,179814,0.042265896982437406
S22114,TIRUPPUR (SOUTH) - 114,RATHINAVEL. M,Independent,71,1,72,0.04,21/21,11:30 PM,04/05/2026,114,TIRUPPUR (SOUTH),Independent,19,179814,0.04004137608862491
S22114,TIRUPPUR (SOUTH) - 114,AMUTHAVEL. P,Independent,69,0,69,0.04,21/21,11:30 PM,04/05/2026,114,TIRUPPUR (SOUTH),Independent,20,179814,0.03837298541826554
S22114,TIRUPPUR (SOUTH) - 114,MOHAMED MUBARAK ALI,Ganasangam Party of India,60,0,60,0.03,21/21,11:30 PM,04/05/2026,114,TIRUPPUR (SOUTH),-,21,179814,0.033367813407187426
S22114,TIRUPPUR (SOUTH) - 114,VENKADASAMY. K,Independent,60,0,60,0.03,21/21,11:30 PM,04/05/2026,114,TIRUPPUR (SOUTH),Independent,22,179814,0.033367813407187426
S22114,TIRUPPUR (SOUTH) - 114,DR. RAMAKRISHNAN. S,Independent,49,1,50,0.03,21/21,11:30 PM,04/05/2026,114,TIRUPPUR (SOUTH),Independent,23,179814,0.02780651117265619
S22114,TIRUPPUR (SOUTH) - 114,KARTHIKADEVI. K,Independent,44,1,45,0.03,21/21,11:30 PM,04/05/2026,114,TIRUPPUR (SOUTH),Independent,24,179814,0.02502586005539057
S22114,TIRUPPUR (SOUTH) - 114,RAMESH. S,Independent,39,2,41,0.02,21/21,11:30 PM,04/05/2026,114,TIRUPPUR (SOUTH),Independent,25,179814,0.022801339161578074
S22115,PALLADAM - 115,K.RAMKUMAR,Tamilaga Vettri Kazhagam,120703,594,121297,40.3,35/35,11:30 PM,04/05/2026,115,PALLADAM,Solo,1,301014,40.29613240580172
S22115,PALLADAM - 115,K.P.PARAMASIVAM,All India Anna Dravida Munnetra Kazhagam,82761,639,83400,27.71,35/35,11:30 PM,04/05/2026,115,PALLADAM,NDA,2,301014,27.706352528453827
S22115,PALLADAM - 115,K.SELVARAJ,Dravida Munnetra Kazhagam,77804,821,78625,26.12,35/35,11:30 PM,04/05/2026,115,PALLADAM,INDIA/SPA,3,301014,26.120047572538155
S22115,PALLADAM - 115,K.V.THAMILINIYAN,Naam Tamilar Katchi,13038,103,13141,4.37,35/35,11:30 PM,04/05/2026,115,PALLADAM,Solo,4,301014,4.365577680772323
S22115,PALLADAM - 115,NOTA,None of the Above,1402,15,1417,0.47,35/35,11:30 PM,04/05/2026,115,PALLADAM,NOTA/Unaligned,5,301014,0.47074222461413756
S22115,PALLADAM - 115,K.RATHINASAMY,Bahujan Samaj Party,574,4,578,0.19,35/35,11:30 PM,04/05/2026,115,PALLADAM,Solo,6,301014,0.19201764701973995
S22115,PALLADAM - 115,V.MOHANRAJ,Independent,407,0,407,0.14,35/35,11:30 PM,04/05/2026,115,PALLADAM,Independent,7,301014,0.13520965802255044
S22115,PALLADAM - 115,A. RAMESH,Independent,362,2,364,0.12,35/35,11:30 PM,04/05/2026,115,PALLADAM,Independent,8,301014,0.1209246081577601
S22115,PALLADAM - 115,A.ANNADURAI,Independent,344,2,346,0.11,35/35,11:30 PM,04/05/2026,115,PALLADAM,Independent,9,301014,0.11494481984226647
S22115,PALLADAM - 115,S.DHARMARAJ,Tamilaga Makkal Nala Katchi,326,1,327,0.11,35/35,11:30 PM,04/05/2026,115,PALLADAM,-,10,301014,0.10863282106480097
S22115,PALLADAM - 115,ANNADURAI.R,Independent,284,1,285,0.09,35/35,11:30 PM,04/05/2026,115,PALLADAM,Independent,11,301014,0.09467998166198249
S22115,PALLADAM - 115,S.ARUMUGAM,Independent,274,0,274,0.09,35/35,11:30 PM,04/05/2026,115,PALLADAM,Independent,12,301014,0.09102566658029194
S22115,PALLADAM - 115,K.SAKTHIVEL,Anna Puratchi Thalaivar Amma Dravida Munnetra Kazhagam,180,4,184,0.06,35/35,11:30 PM,04/05/2026,115,PALLADAM,NDA,13,301014,0.06112672500282379
S22115,PALLADAM - 115,G.SELVARAJ,Independent,162,1,163,0.05,35/35,11:30 PM,04/05/2026,115,PALLADAM,Independent,14,301014,0.05415030530141455
S22115,PALLADAM - 115,M. SELVARAJ,Independent,123,0,123,0.04,35/35,11:30 PM,04/05/2026,115,PALLADAM,Independent,15,301014,0.040861886822539814
S22115,PALLADAM - 115,A.SARAVANAN,Independent,79,4,83,0.03,35/35,11:30 PM,04/05/2026,115,PALLADAM,Independent,16,301014,0.02757346834366508
S22116,SULUR - 116,NM.SUKUMAR,Tamilaga Vettri Kazhagam,90237,294,90531,33.1,30/30,11:30 PM,04/05/2026,116,SULUR,Solo,1,273544,33.09558974059018
S22116,SULUR - 116,V.P.KANDASAMY,All India Anna Dravida Munnetra Kazhagam,85040,701,85741,31.34,30/30,11:30 PM,04/05/2026,116,SULUR,NDA,2,273544,31.34450033632615
S22116,SULUR - 116,THALAPATHY MURUGESAN,Dravida Munnetra Kazhagam,82794,860,83654,30.58,30/30,11:30 PM,04/05/2026,116,SULUR,INDIA/SPA,3,273544,30.581551779604013
S22116,SULUR - 116,DR.S.RAJASEKARAN,Naam Tamilar Katchi,10067,80,10147,3.71,30/30,11:30 PM,04/05/2026,116,SULUR,Solo,4,273544,3.70945807621443
S22116,SULUR - 116,NOTA,None of the Above,1345,8,1353,0.49,30/30,11:30 PM,04/05/2026,116,SULUR,NOTA/Unaligned,5,273544,0.49461878162196943
S22116,SULUR - 116,MURUGESH.R.,Independent,436,1,437,0.16,30/30,11:30 PM,04/05/2026,116,SULUR,Independent,6,273544,0.15975492059778318
S22116,SULUR - 116,KANTHASAMY.K.,Anna Puratchi Thalaivar Amma Dravida Munnetra Kazhagam,282,1,283,0.1,30/30,11:30 PM,04/05/2026,116,SULUR,NDA,7,273544,0.10345684789284357
S22116,SULUR - 116,KANDASAMY.R.,Independent,268,3,271,0.1,30/30,11:30 PM,04/05/2026,116,SULUR,Independent,8,273544,0.09906998508466645
S22116,SULUR - 116,PAPPA MUTHULAKSHMI.P.,All India Puratchi Thalaivar Makkal Munnettra Kazhagam,211,5,216,0.08,30/30,11:30 PM,04/05/2026,116,SULUR,-,9,273544,0.07896353054718802
S22116,SULUR - 116,SUMAN SINGH.R.,Tamizhaga Vaazhvurimai Katchi,204,1,205,0.07,30/30,11:30 PM,04/05/2026,116,SULUR,-,10,273544,0.07494223963969233
S22116,SULUR - 116,PALANISAMY.M.,Party for the Rights of Other backward Classes,155,1,156,0.06,30/30,11:30 PM,04/05/2026,116,SULUR,-,11,273544,0.05702921650630246
S22116,SULUR - 116,MURUGESAN.N.,Independent,136,3,139,0.05,30/30,11:30 PM,04/05/2026,116,SULUR,Independent,12,273544,0.050814494194718215
S22116,SULUR - 116,NAGARAJ.K.,Ganasangam Party of India,137,0,137,0.05,30/30,11:30 PM,04/05/2026,116,SULUR,-,13,273544,0.05008335039335537
S22116,SULUR - 116,KANDASAMY.A.,Independent,107,2,109,0.04,30/30,11:30 PM,04/05/2026,116,SULUR,Independent,14,273544,0.03984733717427544
S22116,SULUR - 116,KANDASAMY.V.,Independent,89,1,90,0.03,30/30,11:30 PM,04/05/2026,116,SULUR,Independent,15,273544,0.03290147106132834
S22116,SULUR - 116,NELSON.W.,Tamilaga Makkal Nala Katchi,74,1,75,0.03,30/30,11:30 PM,04/05/2026,116,SULUR,-,16,273544,0.02741789255110695
S22117,KAVUNDAMPALAYAM - 117,KANIMOZHI SANTHOSH,Tamilaga Vettri Kazhagam,145888,578,146466,40.24,28/28,11:27 PM,04/05/2026,117,KAVUNDAMPALAYAM,Solo,1,363991,40.23890700594245
S22117,KAVUNDAMPALAYAM - 117,ARUNKUMAR PRG,All India Anna Dravida Munnetra Kazhagam,103189,1137,104326,28.66,28/28,11:27 PM,04/05/2026,117,KAVUNDAMPALAYAM,NDA,2,363991,28.661697679338225
S22117,KAVUNDAMPALAYAM - 117,SURYA PRAKASH K.P,Indian National Congress,89683,1043,90726,24.93,28/28,11:27 PM,04/05/2026,117,KAVUNDAMPALAYAM,INDIA/SPA,3,363991,24.925341560642984
S22117,KAVUNDAMPALAYAM - 117,KALAMANI JAGANATHAN,Naam Tamilar Katchi,16699,135,16834,4.62,28/28,11:27 PM,04/05/2026,117,KAVUNDAMPALAYAM,Solo,4,363991,4.624839625155567
S22117,KAVUNDAMPALAYAM - 117,NOTA,None of the Above,2092,24,2116,0.58,28/28,11:27 PM,04/05/2026,117,KAVUNDAMPALAYAM,NOTA/Unaligned,5,363991,0.5813330549381716
S22117,KAVUNDAMPALAYAM - 117,KANIMOZHI.K,Independent,552,15,567,0.16,28/28,11:27 PM,04/05/2026,117,KAVUNDAMPALAYAM,Independent,6,363991,0.15577308230148548
S22117,KAVUNDAMPALAYAM - 117,K.VELMURUGAN,Bahujan Samaj Party,515,9,524,0.14,28/28,11:27 PM,04/05/2026,117,KAVUNDAMPALAYAM,Solo,7,363991,0.1439596033967873
S22117,KAVUNDAMPALAYAM - 117,THOZHAR.N.ARUNKUMAR,Tamizhaga Vaazhvurimai Katchi,419,5,424,0.12,28/28,11:27 PM,04/05/2026,117,KAVUNDAMPALAYAM,-,8,363991,0.1164863966416752
S22117,KAVUNDAMPALAYAM - 117,S.THAMARAI KANNAN,Party for the Rights of Other backward Classes,353,3,356,0.1,28/28,11:27 PM,04/05/2026,117,KAVUNDAMPALAYAM,-,9,363991,0.097804616048199
S22117,KAVUNDAMPALAYAM - 117,A.BALAMURUGAN,Independent,333,7,340,0.09,28/28,11:27 PM,04/05/2026,117,KAVUNDAMPALAYAM,Independent,10,363991,0.09340890296738107
S22117,KAVUNDAMPALAYAM - 117,M.RAJALINGAM,Independent,336,2,338,0.09,28/28,11:27 PM,04/05/2026,117,KAVUNDAMPALAYAM,Independent,11,363991,0.09285943883227882
S22117,KAVUNDAMPALAYAM - 117,MALLIGA.M,All India Puratchi Thalaivar Makkal Munnettra Kazhagam,312,2,314,0.09,28/28,11:27 PM,04/05/2026,117,KAVUNDAMPALAYAM,-,12,363991,0.08626586921105192
S22117,KAVUNDAMPALAYAM - 117,M.JOHN BOSCO,Independent,305,1,306,0.08,28/28,11:27 PM,04/05/2026,117,KAVUNDAMPALAYAM,Independent,13,363991,0.08406801267064296
S22117,KAVUNDAMPALAYAM - 117,SURIYAKUMAR.K,Independent,232,3,235,0.06,28/28,11:27 PM,04/05/2026,117,KAVUNDAMPALAYAM,Independent,14,363991,0.06456203587451338
S22117,KAVUNDAMPALAYAM - 117,V.PUSHPANANTHAM,Tamizhaga Murpokku Makkal Katchi,119,0,119,0.03,28/28,11:27 PM,04/05/2026,117,KAVUNDAMPALAYAM,-,15,363991,0.032693116038583374
S22118,COIMBATORE (NORTH) - 118,V. SAMPATHKUMAR,Tamilaga Vettri Kazhagam,92136,364,92500,40.91,25/25,11:27 PM,04/05/2026,118,COIMBATORE (NORTH),Solo,1,226109,40.909472864857214
S22118,COIMBATORE (NORTH) - 118,DURAI. SENTHAMIL SELVAN B.E,Dravida Munnetra Kazhagam,69739,769,70508,31.18,25/25,11:27 PM,04/05/2026,118,COIMBATORE (NORTH),INDIA/SPA,2,226109,31.183190408165974
S22118,COIMBATORE (NORTH) - 118,VANATHI SRINIVASAN,Bharatiya Janata Party,49112,610,49722,21.99,25/25,11:27 PM,04/05/2026,118,COIMBATORE (NORTH),NDA,3,226109,21.990279024718166
S22118,COIMBATORE (NORTH) - 118,NARMADHA. G.,Naam Tamilar Katchi,8990,46,9036,4.0,25/25,11:27 PM,04/05/2026,118,COIMBATORE (NORTH),Solo,4,226109,3.99630266818216
S22118,COIMBATORE (NORTH) - 118,NOTA,None of the Above,998,22,1020,0.45,25/25,11:27 PM,04/05/2026,118,COIMBATORE (NORTH),NOTA/Unaligned,5,226109,0.4511098629422093
S22118,COIMBATORE (NORTH) - 118,P. KRISHNASAMY,Bahujan Samaj Party,379,4,383,0.17,25/25,11:27 PM,04/05/2026,118,COIMBATORE (NORTH),Solo,6,226109,0.16938733088908448
S22118,COIMBATORE (NORTH) - 118,A.K. SENTHAMIZH SELVAN,Independent,350,1,351,0.16,25/25,11:27 PM,04/05/2026,118,COIMBATORE (NORTH),Independent,7,226109,0.15523486460070143
S22118,COIMBATORE (NORTH) - 118,K. UDHAYAKUMAR,Thamizhaka Padaippalar Makkal Katchi,326,1,327,0.14,25/25,11:27 PM,04/05/2026,118,COIMBATORE (NORTH),-,8,226109,0.14462051488441416
S22118,COIMBATORE (NORTH) - 118,R. SAMPATH KUMAR,Independent,309,1,310,0.14,25/25,11:27 PM,04/05/2026,118,COIMBATORE (NORTH),Independent,9,226109,0.13710201716871068
S22118,COIMBATORE (NORTH) - 118,BALU. P.M.,Independent,275,1,276,0.12,25/25,11:27 PM,04/05/2026,118,COIMBATORE (NORTH),Independent,10,226109,0.12206502173730369
S22118,COIMBATORE (NORTH) - 118,PALANIKUMAR. V.,Independent,152,0,152,0.07,25/25,11:27 PM,04/05/2026,118,COIMBATORE (NORTH),Independent,11,226109,0.06722421486981943
S22118,COIMBATORE (NORTH) - 118,S. SAMPATHKUMAR,Independent,133,1,134,0.06,25/25,11:27 PM,04/05/2026,118,COIMBATORE (NORTH),Independent,12,226109,0.059263452582603966
S22118,COIMBATORE (NORTH) - 118,S. SENTHILKUMAR,Samaniya Makkal Nala Katchi,120,1,121,0.05,25/25,11:27 PM,04/05/2026,118,COIMBATORE (NORTH),-,13,226109,0.053514013152948355
S22118,COIMBATORE (NORTH) - 118,P. SARAVANAN,Independent,120,1,121,0.05,25/25,11:27 PM,04/05/2026,118,COIMBATORE (NORTH),Independent,14,226109,0.053514013152948355
S22118,COIMBATORE (NORTH) - 118,V. KRISHNAN,Independent,115,3,118,0.05,25/25,11:27 PM,04/05/2026,118,COIMBATORE (NORTH),Independent,15,226109,0.052187219438412445
S22118,COIMBATORE (NORTH) - 118,K. RAGHUL GANDHI,All India Puratchi Thalaivar Makkal Munnettra Kazhagam,112,0,112,0.05,25/25,11:27 PM,04/05/2026,118,COIMBATORE (NORTH),-,16,226109,0.04953363200934063
S22118,COIMBATORE (NORTH) - 118,G.D. KRISHNAKUMAR,Independent,104,0,104,0.05,25/25,11:27 PM,04/05/2026,118,COIMBATORE (NORTH),Independent,17,226109,0.045995515437244866
S22118,COIMBATORE (NORTH) - 118,RAJASEKARAN. B.,Tamizhaga Vaazhvurimai Katchi,93,3,96,0.04,25/25,11:27 PM,04/05/2026,118,COIMBATORE (NORTH),-,18,226109,0.04245739886514911
S22118,COIMBATORE (NORTH) - 118,RAVI. V,Independent,95,0,95,0.04,25/25,11:27 PM,04/05/2026,118,COIMBATORE (NORTH),Independent,19,226109,0.04201513429363714
S22118,COIMBATORE (NORTH) - 118,R. MANIAN,Independent,89,0,89,0.04,25/25,11:27 PM,04/05/2026,118,COIMBATORE (NORTH),Independent,20,226109,0.03936154686456532
S22118,COIMBATORE (NORTH) - 118,S. DHANA RAJ,Independent,86,1,87,0.04,25/25,11:27 PM,04/05/2026,118,COIMBATORE (NORTH),Independent,21,226109,0.03847701772154138
S22118,COIMBATORE (NORTH) - 118,S. MEENAKSHI SUNDARAM,Tamizhaga Murpokku Makkal Katchi,75,0,75,0.03,25/25,11:27 PM,04/05/2026,118,COIMBATORE (NORTH),-,22,226109,0.03316984286339774
S22118,COIMBATORE (NORTH) - 118,K. SAMPATH KUMAR,Independent,71,0,71,0.03,25/25,11:27 PM,04/05/2026,118,COIMBATORE (NORTH),Independent,23,226109,0.03140078457734986
S22118,COIMBATORE (NORTH) - 118,V. LINGARAJA,Independent,65,0,65,0.03,25/25,11:27 PM,04/05/2026,118,COIMBATORE (NORTH),Independent,24,226109,0.02874719714827804
S22118,COIMBATORE (NORTH) - 118,R. SETHURAGUNATHAN,Independent,59,1,60,0.03,25/25,11:27 PM,04/05/2026,118,COIMBATORE (NORTH),Independent,25,226109,0.026535874290718194
S22118,COIMBATORE (NORTH) - 118,R. SATHISH KUMAR,Independent,54,0,54,0.02,25/25,11:27 PM,04/05/2026,118,COIMBATORE (NORTH),Independent,26,226109,0.023882286861646375
S22118,COIMBATORE (NORTH) - 118,A. MARIMUTHU,Independent,54,0,54,0.02,25/25,11:27 PM,04/05/2026,118,COIMBATORE (NORTH),Independent,27,226109,0.023882286861646375
S22118,COIMBATORE (NORTH) - 118,G. RAJKUMAR,Independent,41,1,42,0.02,25/25,11:27 PM,04/05/2026,118,COIMBATORE (NORTH),Independent,28,226109,0.018575112003502734
S22118,COIMBATORE (NORTH) - 118,A. RAMESH,Independent,26,0,26,0.01,25/25,11:27 PM,04/05/2026,118,COIMBATORE (NORTH),Independent,29,226109,0.011498878859311217
S22119,THONDAMUTHUR - 119,S.P.VELUMANI,All India Anna Dravida Munnetra Kazhagam,92372,944,93316,36.09,28/28,11:30 PM,04/05/2026,119,THONDAMUTHUR,NDA,1,258549,36.09219142212888
S22119,THONDAMUTHUR - 119,SATHISH RAJU (ALIAS) K.P.R. SATHISH,Tamilaga Vettri Kazhagam,78365,226,78591,30.4,28/28,11:30 PM,04/05/2026,119,THONDAMUTHUR,Solo,2,258549,30.396946033440468
S22119,THONDAMUTHUR - 119,N.R.KARTHIKEYAN,Dravida Munnetra Kazhagam,75335,582,75917,29.36,28/28,11:30 PM,04/05/2026,119,THONDAMUTHUR,INDIA/SPA,3,258549,29.362712677287476
S22119,THONDAMUTHUR - 119,RAJABU NISHA.Z,Naam Tamilar Katchi,6931,45,6976,2.7,28/28,11:30 PM,04/05/2026,119,THONDAMUTHUR,Solo,4,258549,2.698134589574897
S22119,THONDAMUTHUR - 119,NOTA,None of the Above,994,6,1000,0.39,28/28,11:30 PM,04/05/2026,119,THONDAMUTHUR,NOTA/Unaligned,5,258549,0.3867738803863098
S22119,THONDAMUTHUR - 119,RAFEEQ.A.M.,Independent,317,0,317,0.12,28/28,11:30 PM,04/05/2026,119,THONDAMUTHUR,Independent,6,258549,0.1226073200824602
S22119,THONDAMUTHUR - 119,BALAMANI.V,Independent,304,0,304,0.12,28/28,11:30 PM,04/05/2026,119,THONDAMUTHUR,Independent,7,258549,0.11757925963743816
S22119,THONDAMUTHUR - 119,NIRMALKUMAR.R,Independent,258,0,258,0.1,28/28,11:30 PM,04/05/2026,119,THONDAMUTHUR,Independent,8,258549,0.09978766113966792
S22119,THONDAMUTHUR - 119,KARTHIKEYAN.R-POOLUVAPATTI,Independent,234,7,241,0.09,28/28,11:30 PM,04/05/2026,119,THONDAMUTHUR,Independent,9,258549,0.09321250517310065
S22119,THONDAMUTHUR - 119,SHAJAHAN.S,Tamizhaga Vaazhvurimai Katchi,214,1,215,0.08,28/28,11:30 PM,04/05/2026,119,THONDAMUTHUR,-,10,258549,0.08315638428305659
S22119,THONDAMUTHUR - 119,DEEPA.G.S,Independent,194,1,195,0.08,28/28,11:30 PM,04/05/2026,119,THONDAMUTHUR,Independent,11,258549,0.0754209066753304
S22119,THONDAMUTHUR - 119,SIVARAMAN.C,Independent,185,0,185,0.07,28/28,11:30 PM,04/05/2026,119,THONDAMUTHUR,Independent,12,258549,0.0715531678714673
S22119,THONDAMUTHUR - 119,VIJAYA.K,Independent,183,0,183,0.07,28/28,11:30 PM,04/05/2026,119,THONDAMUTHUR,Independent,13,258549,0.07077962011069469
S22119,THONDAMUTHUR - 119,MANOKARAN.K,Independent,142,0,142,0.05,28/28,11:30 PM,04/05/2026,119,THONDAMUTHUR,Independent,14,258549,0.054921891014855985
S22119,THONDAMUTHUR - 119,KALAIVANI.S,Independent,123,2,125,0.05,28/28,11:30 PM,04/05/2026,119,THONDAMUTHUR,Independent,15,258549,0.04834673504828872
S22119,THONDAMUTHUR - 119,KARTHIKEYAN.R-THONDAMUTHUR,Independent,105,3,108,0.04,28/28,11:30 PM,04/05/2026,119,THONDAMUTHUR,Independent,16,258549,0.04177157908172145
S22119,THONDAMUTHUR - 119,ARULKUMAR.P,Independent,99,5,104,0.04,28/28,11:30 PM,04/05/2026,119,THONDAMUTHUR,Independent,17,258549,0.040224483560176216
S22119,THONDAMUTHUR - 119,DEVADASS.K,Independent,98,1,99,0.04,28/28,11:30 PM,04/05/2026,119,THONDAMUTHUR,Independent,18,258549,0.03829061415824467
S22119,THONDAMUTHUR - 119,KARTHIKEYAN.M,Independent,90,0,90,0.03,28/28,11:30 PM,04/05/2026,119,THONDAMUTHUR,Independent,19,258549,0.03480964923476788
S22119,THONDAMUTHUR - 119,KOWSALYA.V,Independent,75,2,77,0.03,28/28,11:30 PM,04/05/2026,119,THONDAMUTHUR,Independent,20,258549,0.02978158878974585
S22119,THONDAMUTHUR - 119,KARTHIKEYAN.R,Independent,54,0,54,0.02,28/28,11:30 PM,04/05/2026,119,THONDAMUTHUR,Independent,21,258549,0.020885789540860726
S22119,THONDAMUTHUR - 119,VISWANATHAN.M,Independent,51,1,52,0.02,28/28,11:30 PM,04/05/2026,119,THONDAMUTHUR,Independent,22,258549,0.020112241780088108
S22120,COIMBATORE (SOUTH) - 120,V SENTHILBALAJI,Dravida Munnetra Kazhagam,59167,557,59724,38.16,20/20,11:27 PM,04/05/2026,120,COIMBATORE (SOUTH),INDIA/SPA,1,156499,38.16254416961131
S22120,COIMBATORE (SOUTH) - 120,V. SENTHILKUMAR,Tamilaga Vettri Kazhagam,57176,277,57453,36.71,20/20,11:27 PM,04/05/2026,120,COIMBATORE (SOUTH),Solo,2,156499,36.7114166863686
S22120,COIMBATORE (SOUTH) - 120,AMMAN K.ARJUNAN,All India Anna Dravida Munnetra Kazhagam,31236,453,31689,20.25,20/20,11:27 PM,04/05/2026,120,COIMBATORE (SOUTH),NDA,3,156499,20.248691684930893
S22120,COIMBATORE (SOUTH) - 120,PERARIVALAN. V,Naam Tamilar Katchi,5017,45,5062,3.23,20/20,11:27 PM,04/05/2026,120,COIMBATORE (SOUTH),Solo,4,156499,3.2345254602265827
S22120,COIMBATORE (SOUTH) - 120,NOTA,None of the Above,747,12,759,0.48,20/20,11:27 PM,04/05/2026,120,COIMBATORE (SOUTH),NOTA/Unaligned,5,156499,0.4849871245183675
S22120,COIMBATORE (SOUTH) - 120,J. PRAVEENKUMAR,Independent,170,0,170,0.11,20/20,11:27 PM,04/05/2026,120,COIMBATORE (SOUTH),Independent,6,156499,0.1086268921846146
S22120,COIMBATORE (SOUTH) - 120,GOKULA KRISHNAN.S,Tamizhaga Vaazhvurimai Katchi,155,3,158,0.1,20/20,11:27 PM,04/05/2026,120,COIMBATORE (SOUTH),-,7,156499,0.10095911155981828
S22120,COIMBATORE (SOUTH) - 120,M. SENTHILKUMAR,Independent,154,4,158,0.1,20/20,11:27 PM,04/05/2026,120,COIMBATORE (SOUTH),Independent,8,156499,0.10095911155981828
S22120,COIMBATORE (SOUTH) - 120,B. DHANDAPANI,New Generation People's Party,152,5,157,0.1,20/20,11:27 PM,04/05/2026,120,COIMBATORE (SOUTH),-,9,156499,0.10032012984108525
S22120,COIMBATORE (SOUTH) - 120,P. PALANIVEL,Independent,153,1,154,0.1,20/20,11:27 PM,04/05/2026,120,COIMBATORE (SOUTH),Independent,10,156499,0.09840318468488617
S22120,COIMBATORE (SOUTH) - 120,K. DINESH KUMAR,Independent,115,2,117,0.07,20/20,11:27 PM,04/05/2026,120,COIMBATORE (SOUTH),Independent,11,156499,0.07476086109176416
S22120,COIMBATORE (SOUTH) - 120,B. YUVARAJ,Independent,105,0,105,0.07,20/20,11:27 PM,04/05/2026,120,COIMBATORE (SOUTH),Independent,12,156499,0.06709308046696784
S22120,COIMBATORE (SOUTH) - 120,V. SENTHILKUMAR,Independent,91,1,92,0.06,20/20,11:27 PM,04/05/2026,120,COIMBATORE (SOUTH),Independent,13,156499,0.058786318123438486
S22120,COIMBATORE (SOUTH) - 120,S. RANGARAJ,Independent,66,1,67,0.04,20/20,11:27 PM,04/05/2026,120,COIMBATORE (SOUTH),Independent,14,156499,0.042811775155112815
S22120,COIMBATORE (SOUTH) - 120,IMTHIYAS,Independent,63,2,65,0.04,20/20,11:27 PM,04/05/2026,120,COIMBATORE (SOUTH),Independent,15,156499,0.04153381171764676
S22120,COIMBATORE (SOUTH) - 120,V. VELMURUGAN,Independent,46,2,48,0.03,20/20,11:27 PM,04/05/2026,120,COIMBATORE (SOUTH),Independent,16,156499,0.0306711224991853
S22120,COIMBATORE (SOUTH) - 120,VENKATACHALAM PARAMASIVAM,Independent,42,1,43,0.03,20/20,11:27 PM,04/05/2026,120,COIMBATORE (SOUTH),Independent,17,156499,0.02747621390552016
S22120,COIMBATORE (SOUTH) - 120,T. MAGIZHAN,Independent,40,0,40,0.03,20/20,11:27 PM,04/05/2026,120,COIMBATORE (SOUTH),Independent,18,156499,0.02555926874932108
S22120,COIMBATORE (SOUTH) - 120,K. RAJAPANDIAN,Independent,40,0,40,0.03,20/20,11:27 PM,04/05/2026,120,COIMBATORE (SOUTH),Independent,19,156499,0.02555926874932108
S22120,COIMBATORE (SOUTH) - 120,L. HAKKIM,Independent,38,0,38,0.02,20/20,11:27 PM,04/05/2026,120,COIMBATORE (SOUTH),Independent,20,156499,0.024281305311855027
S22120,COIMBATORE (SOUTH) - 120,J. SURIYAKUMAR,Independent,37,0,37,0.02,20/20,11:27 PM,04/05/2026,120,COIMBATORE (SOUTH),Independent,21,156499,0.023642323593122
S22120,COIMBATORE (SOUTH) - 120,G. MAHESHWARAN,Tamizhaga Murpokku Makkal Katchi,35,1,36,0.02,20/20,11:27 PM,04/05/2026,120,COIMBATORE (SOUTH),-,22,156499,0.023003341874388974
S22120,COIMBATORE (SOUTH) - 120,P. SANGARARAJ,Independent,35,1,36,0.02,20/20,11:27 PM,04/05/2026,120,COIMBATORE (SOUTH),Independent,23,156499,0.023003341874388974
S22120,COIMBATORE (SOUTH) - 120,M. JOHN BOSCO,Independent,32,1,33,0.02,20/20,11:27 PM,04/05/2026,120,COIMBATORE (SOUTH),Independent,24,156499,0.021086396718189893
S22120,COIMBATORE (SOUTH) - 120,D. VIGNESHWARAN,Independent,32,0,32,0.02,20/20,11:27 PM,04/05/2026,120,COIMBATORE (SOUTH),Independent,25,156499,0.020447414999456865
S22120,COIMBATORE (SOUTH) - 120,K. VIJAYAN,Independent,32,0,32,0.02,20/20,11:27 PM,04/05/2026,120,COIMBATORE (SOUTH),Independent,26,156499,0.020447414999456865
S22120,COIMBATORE (SOUTH) - 120,N. ABILAZAN,Independent,31,0,31,0.02,20/20,11:27 PM,04/05/2026,120,COIMBATORE (SOUTH),Independent,27,156499,0.019808433280723837
S22120,COIMBATORE (SOUTH) - 120,P. MANOJ,Independent,27,1,28,0.02,20/20,11:27 PM,04/05/2026,120,COIMBATORE (SOUTH),Independent,28,156499,0.017891488124524756
S22120,COIMBATORE (SOUTH) - 120,K.S. RAJAGOPAL,Independent,26,1,27,0.02,20/20,11:27 PM,04/05/2026,120,COIMBATORE (SOUTH),Independent,29,156499,0.01725250640579173
S22120,COIMBATORE (SOUTH) - 120,GOPALAKRISHNAN,Independent,24,0,24,0.02,20/20,11:27 PM,04/05/2026,120,COIMBATORE (SOUTH),Independent,30,156499,0.01533556124959265
S22120,COIMBATORE (SOUTH) - 120,P. KATHIRAVAN,Independent,22,1,23,0.01,20/20,11:27 PM,04/05/2026,120,COIMBATORE (SOUTH),Independent,31,156499,0.014696579530859621
S22120,COIMBATORE (SOUTH) - 120,M. RAVICHANDRAN,Independent,21,0,21,0.01,20/20,11:27 PM,04/05/2026,120,COIMBATORE (SOUTH),Independent,32,156499,0.013418616093393568
S22121,SINGANALLUR - 121,K.S.SRI GIRI PRASATH,Tamilaga Vettri Kazhagam,83725,438,84163,38.08,27/27,11:30 PM,04/05/2026,121,SINGANALLUR,Solo,1,221033,38.07711970610723
S22121,SINGANALLUR - 121,V.SRINIDHI,Indian National Congress,64162,862,65024,29.42,27/27,11:30 PM,04/05/2026,121,SINGANALLUR,INDIA/SPA,2,221033,29.41823166676469
S22121,SINGANALLUR - 121,K.R.JAYARAM,All India Anna Dravida Munnetra Kazhagam,57073,710,57783,26.14,27/27,11:30 PM,04/05/2026,121,SINGANALLUR,NDA,3,221033,26.14225025222478
S22121,SINGANALLUR - 121,NEHRUJI GUNASEKARAN,Naam Tamilar Katchi,9119,84,9203,4.16,27/27,11:30 PM,04/05/2026,121,SINGANALLUR,Solo,4,221033,4.163631674908272
S22121,SINGANALLUR - 121,NOTA,None of the Above,1320,26,1346,0.61,27/27,11:30 PM,04/05/2026,121,SINGANALLUR,NOTA/Unaligned,5,221033,0.6089588432496505
S22121,SINGANALLUR - 121,SIVAJI PERUMAL,Bahujan Samaj Party,423,5,428,0.19,27/27,11:30 PM,04/05/2026,121,SINGANALLUR,Solo,6,221033,0.19363624436170165
S22121,SINGANALLUR - 121,N.R.APPATHURAI,All India Puratchi Thalaivar Makkal Munnettra Kazhagam,315,3,318,0.14,27/27,11:30 PM,04/05/2026,121,SINGANALLUR,-,7,221033,0.14386991987621758
S22121,SINGANALLUR - 121,THAHIR HUSSAIN,Independent,278,0,278,0.13,27/27,11:30 PM,04/05/2026,121,SINGANALLUR,Independent,8,221033,0.12577307460876883
S22121,SINGANALLUR - 121,AKBAR ALI,Independent,250,5,255,0.12,27/27,11:30 PM,04/05/2026,121,SINGANALLUR,Independent,9,221033,0.1153673885799858
S22121,SINGANALLUR - 121,MURUGAN.O,Ganasangam Party of India,228,0,228,0.1,27/27,11:30 PM,04/05/2026,121,SINGANALLUR,-,10,221033,0.10315201802445789
S22121,SINGANALLUR - 121,S.S.SUNDHARAM,Rashtriya Samaj Dal (R),200,1,201,0.09,27/27,11:30 PM,04/05/2026,121,SINGANALLUR,-,11,221033,0.09093664746892997
S22121,SINGANALLUR - 121,P.TAMILSELVI,Independent,171,3,174,0.08,27/27,11:30 PM,04/05/2026,121,SINGANALLUR,Independent,12,221033,0.07872127691340207
S22121,SINGANALLUR - 121,JANANI.D,Independent,166,2,168,0.08,27/27,11:30 PM,04/05/2026,121,SINGANALLUR,Independent,13,221033,0.07600675012328476
S22121,SINGANALLUR - 121,S.SATHEESH,Independent,160,0,160,0.07,27/27,11:30 PM,04/05/2026,121,SINGANALLUR,Independent,14,221033,0.072387381069795
S22121,SINGANALLUR - 121,SARVESWARAN,Party for the Rights of Other backward Classes,150,1,151,0.07,27/27,11:30 PM,04/05/2026,121,SINGANALLUR,-,15,221033,0.06831559088461904
S22121,SINGANALLUR - 121,N.RAJASEKARAN,Independent,129,1,130,0.06,27/27,11:30 PM,04/05/2026,121,SINGANALLUR,Independent,16,221033,0.05881474711920844
S22121,SINGANALLUR - 121,K.KUMAR BABU,Independent,127,0,127,0.06,27/27,11:30 PM,04/05/2026,121,SINGANALLUR,Independent,17,221033,0.057457483724149785
S22121,SINGANALLUR - 121,UMA PARAMASIVAM,Independent,114,1,115,0.05,27/27,11:30 PM,04/05/2026,121,SINGANALLUR,Independent,18,221033,0.052028430143915165
S22121,SINGANALLUR - 121,RAJKUMAR.M,Independent,108,3,111,0.05,27/27,11:30 PM,04/05/2026,121,SINGANALLUR,Independent,19,221033,0.05021874561717029
S22121,SINGANALLUR - 121,SUBARAMANIAN.N,Independent,101,1,102,0.05,27/27,11:30 PM,04/05/2026,121,SINGANALLUR,Independent,20,221033,0.04614695543199432
S22121,SINGANALLUR - 121,V.BALAMURUGAN,Independent,91,0,91,0.04,27/27,11:30 PM,04/05/2026,121,SINGANALLUR,Independent,21,221033,0.04117032298344591
S22121,SINGANALLUR - 121,M.ASHOK KUMAR,Independent,82,0,82,0.04,27/27,11:30 PM,04/05/2026,121,SINGANALLUR,Independent,22,221033,0.03709853279826994
S22121,SINGANALLUR - 121,VIJAYAKUMAR,Independent,63,3,66,0.03,27/27,11:30 PM,04/05/2026,121,SINGANALLUR,Independent,23,221033,0.02985979469129044
S22121,SINGANALLUR - 121,DR.K.RAJKUMAR,Independent,65,0,65,0.03,27/27,11:30 PM,04/05/2026,121,SINGANALLUR,Independent,24,221033,0.02940737355960422
S22121,SINGANALLUR - 121,VASANTHI,Independent,59,0,59,0.03,27/27,11:30 PM,04/05/2026,121,SINGANALLUR,Independent,25,221033,0.026692846769486907
S22121,SINGANALLUR - 121,KARTHIK,Independent,54,0,54,0.02,27/27,11:30 PM,04/05/2026,121,SINGANALLUR,Independent,26,221033,0.024430741111055816
S22121,SINGANALLUR - 121,R.MANIKANDABRABHU,Independent,51,2,53,0.02,27/27,11:30 PM,04/05/2026,121,SINGANALLUR,Independent,27,221033,0.023978319979369597
S22121,SINGANALLUR - 121,AYOOB RIYAS,Independent,49,1,50,0.02,27/27,11:30 PM,04/05/2026,121,SINGANALLUR,Independent,28,221033,0.02262105658431094
S22121,SINGANALLUR - 121,A.MOUNAKUMAR,Independent,48,0,48,0.02,27/27,11:30 PM,04/05/2026,121,SINGANALLUR,Independent,29,221033,0.021716214320938503
S22122,KINATHUKADAVU - 122,VIGNESH K,Tamilaga Vettri Kazhagam,99661,289,99950,37.31,31/31,11:27 PM,04/05/2026,122,KINATHUKADAVU,Solo,1,267917,37.306329945468185
S22122,KINATHUKADAVU - 122,SABARI KARTHIKEYAN K.V.K.S,Dravida Munnetra Kazhagam,87547,693,88240,32.94,31/31,11:27 PM,04/05/2026,122,KINATHUKADAVU,INDIA/SPA,2,267917,32.9355733305464
S22122,KINATHUKADAVU - 122,DAMODARAN S,All India Anna Dravida Munnetra Kazhagam,67333,456,67789,25.3,31/31,11:27 PM,04/05/2026,122,KINATHUKADAVU,NDA,3,267917,25.302239126296577
S22122,KINATHUKADAVU - 122,BANUPRIYA M,Naam Tamilar Katchi,9614,53,9667,3.61,31/31,11:27 PM,04/05/2026,122,KINATHUKADAVU,Solo,4,267917,3.6082070193380784
S22122,KINATHUKADAVU - 122,NOTA,None of the Above,1703,14,1717,0.64,31/31,11:27 PM,04/05/2026,122,KINATHUKADAVU,NOTA/Unaligned,5,267917,0.6408701202238006
S22122,KINATHUKADAVU - 122,MARIYAPPAN R,Ganasangam Party of India,548,6,554,0.21,31/31,11:27 PM,04/05/2026,122,KINATHUKADAVU,-,6,267917,0.20678045812695722
S22123,POLLACHI - 123,K. NITHYANANDHAN,Dravida Munnetra Kazhagam,61347,666,62013,34.22,22/22,11:30 PM,04/05/2026,123,POLLACHI,INDIA/SPA,1,181196,34.2242654363231
S22123,POLLACHI - 123,POLLACHI V. JAYARAMAN,All India Anna Dravida Munnetra Kazhagam,56842,544,57386,31.67,22/22,11:30 PM,04/05/2026,123,POLLACHI,NDA,2,181196,31.670677056888675
S22123,POLLACHI - 123,G. RAMANATHAN,Tamilaga Vettri Kazhagam,53605,214,53819,29.7,22/22,11:30 PM,04/05/2026,123,POLLACHI,Solo,3,181196,29.70209055387536
S22123,POLLACHI - 123,N. SENTHIL KUMAR,Naam Tamilar Katchi,4826,40,4866,2.69,22/22,11:30 PM,04/05/2026,123,POLLACHI,Solo,4,181196,2.685489745910506
S22123,POLLACHI - 123,NOTA,None of the Above,841,8,849,0.47,22/22,11:30 PM,04/05/2026,123,POLLACHI,NOTA/Unaligned,5,181196,0.46855338969955185
S22123,POLLACHI - 123,M. JAYARAM,Independent,593,3,596,0.33,22/22,11:30 PM,04/05/2026,123,POLLACHI,Independent,6,181196,0.32892558334621075
S22123,POLLACHI - 123,C.M. ARUCHAMY,Bahujan Samaj Party,327,2,329,0.18,22/22,11:30 PM,04/05/2026,123,POLLACHI,Solo,7,181196,0.1815713371156096
S22123,POLLACHI - 123,S. JEYARAM,Independent,322,1,323,0.18,22/22,11:30 PM,04/05/2026,123,POLLACHI,Independent,8,181196,0.17826000573964104
S22123,POLLACHI - 123,M. JAYARAMAN,Independent,264,5,269,0.15,22/22,11:30 PM,04/05/2026,123,POLLACHI,Independent,9,181196,0.14845802335592398
S22123,POLLACHI - 123,M. JAYAPRATHAP,Independent,225,2,227,0.13,22/22,11:30 PM,04/05/2026,123,POLLACHI,Independent,10,181196,0.125278703724144
S22123,POLLACHI - 123,V. KARTHIKEYAN,Independent,190,2,192,0.11,22/22,11:30 PM,04/05/2026,123,POLLACHI,Independent,11,181196,0.10596260403099406
S22123,POLLACHI - 123,T. NITHYANANTHAM,Independent,122,4,126,0.07,22/22,11:30 PM,04/05/2026,123,POLLACHI,Independent,12,181196,0.06953795889533985
S22123,POLLACHI - 123,K. NITHYANANDAN,Independent,113,1,114,0.06,22/22,11:30 PM,04/05/2026,123,POLLACHI,Independent,13,181196,0.06291529614340273
S22123,POLLACHI - 123,P. NAGARAJ,Independent,85,2,87,0.05,22/22,11:30 PM,04/05/2026,123,POLLACHI,Independent,14,181196,0.048014304951544184
S22124,VALPARAI - 124,KUTTY (ALIAS) SUDHAKAR. A,Dravida Munnetra Kazhagam,54096,575,54671,36.34,19/19,11:30 PM,04/05/2026,124,VALPARAI,INDIA/SPA,1,150431,36.34290804421961
S22124,VALPARAI - 124,DR. SRIDHARAN. A,Tamilaga Vettri Kazhagam,45099,201,45300,30.11,19/19,11:30 PM,04/05/2026,124,VALPARAI,Solo,2,150431,30.113473951512653
S22124,VALPARAI - 124,LEKSHMANA SINGH. D,All India Anna Dravida Munnetra Kazhagam,43393,335,43728,29.07,19/19,11:30 PM,04/05/2026,124,VALPARAI,NDA,3,150431,29.068476577301222
S22124,VALPARAI - 124,UMADEVI. P,Naam Tamilar Katchi,5203,53,5256,3.49,19/19,11:30 PM,04/05/2026,124,VALPARAI,Solo,4,150431,3.493960686294713
S22124,VALPARAI - 124,NOTA,None of the Above,671,4,675,0.45,19/19,11:30 PM,04/05/2026,124,VALPARAI,NOTA/Unaligned,5,150431,0.44871070457551965
S22124,VALPARAI - 124,PERUMAL. K,Independent,479,0,479,0.32,19/19,11:30 PM,04/05/2026,124,VALPARAI,Independent,6,150431,0.31841841109877617
S22124,VALPARAI - 124,LAKSHMI. N,Independent,319,3,322,0.21,19/19,11:30 PM,04/05/2026,124,VALPARAI,Independent,7,150431,0.21405162499750716
S22125,UDUMALAIPETTAI - 125,JAYAKUMAR M.,Dravida Munnetra Kazhagam,67727,822,68549,33.67,22/22,11:30 PM,04/05/2026,125,UDUMALAIPETTAI,INDIA/SPA,1,203575,33.67260223504851
S22125,UDUMALAIPETTAI - 125,RADHAKRISHNAN K.,All India Anna Dravida Munnetra Kazhagam,65156,511,65667,32.26,22/22,11:30 PM,04/05/2026,125,UDUMALAIPETTAI,NDA,2,203575,32.25690777354783
S22125,UDUMALAIPETTAI - 125,SANKAR K.,Tamilaga Vettri Kazhagam,59506,325,59831,29.39,22/22,11:30 PM,04/05/2026,125,UDUMALAIPETTAI,Solo,3,203575,29.39015104998158
S22125,UDUMALAIPETTAI - 125,RAM KUMAR M.,Naam Tamilar Katchi,6629,73,6702,3.29,22/22,11:30 PM,04/05/2026,125,UDUMALAIPETTAI,Solo,4,203575,3.2921527692496624
S22125,UDUMALAIPETTAI - 125,NOTA,None of the Above,1128,21,1149,0.56,22/22,11:30 PM,04/05/2026,125,UDUMALAIPETTAI,NOTA/Unaligned,5,203575,0.564411150681567
S22125,UDUMALAIPETTAI - 125,PADMENDRAPRAKASH A.,Independent,462,8,470,0.23,22/22,11:30 PM,04/05/2026,125,UDUMALAIPETTAI,Independent,6,203575,0.23087314257644603
S22125,UDUMALAIPETTAI - 125,MAHENDRAN A.,Independent,322,0,322,0.16,22/22,11:30 PM,04/05/2026,125,UDUMALAIPETTAI,Independent,7,203575,0.15817266363748003
S22125,UDUMALAIPETTAI - 125,UMAR ALI D.,Independent,314,1,315,0.15,22/22,11:30 PM,04/05/2026,125,UDUMALAIPETTAI,Independent,8,203575,0.15473412747144788
S22125,UDUMALAIPETTAI - 125,RAMASAMY S.,Independent,223,4,227,0.11,22/22,11:30 PM,04/05/2026,125,UDUMALAIPETTAI,Independent,9,203575,0.11150681566990053
S22125,UDUMALAIPETTAI - 125,KALIMUTHU S.,Independent,135,0,135,0.07,22/22,11:30 PM,04/05/2026,125,UDUMALAIPETTAI,Independent,10,203575,0.06631462605919194
S22125,UDUMALAIPETTAI - 125,GANESH S.,Independent,120,4,124,0.06,22/22,11:30 PM,04/05/2026,125,UDUMALAIPETTAI,Independent,11,203575,0.06091121208399853
S22125,UDUMALAIPETTAI - 125,ELSY C.,Independent,82,2,84,0.04,22/22,11:30 PM,04/05/2026,125,UDUMALAIPETTAI,Independent,12,203575,0.0412624339923861
S22126,MADATHUKULAM - 126,R JAYARAMAKRISHNAN,Dravida Munnetra Kazhagam,69595,863,70458,37.43,22/22,11:27 PM,04/05/2026,126,MADATHUKULAM,INDIA/SPA,1,188249,37.428087267395846
S22126,MADATHUKULAM - 126,C SHANMUGAVELU,Amma Makkal Munnettra Kazagam,53982,508,54490,28.95,22/22,11:27 PM,04/05/2026,126,MADATHUKULAM,NDA,2,188249,28.945704890862633
S22126,MADATHUKULAM - 126,R THIRUMALAI,Tamilaga Vettri Kazhagam,52419,265,52684,27.99,22/22,11:27 PM,04/05/2026,126,MADATHUKULAM,Solo,3,188249,27.98633724481936
S22126,MADATHUKULAM - 126,M RADHAMANI,Naam Tamilar Katchi,6497,81,6578,3.49,22/22,11:27 PM,04/05/2026,126,MADATHUKULAM,Solo,4,188249,3.4943080706936027
S22126,MADATHUKULAM - 126,NOTA,None of the Above,897,14,911,0.48,22/22,11:27 PM,04/05/2026,126,MADATHUKULAM,NOTA/Unaligned,5,188249,0.48393351359104164
S22126,MADATHUKULAM - 126,K VADIVAZHAGAN BALAJI,Independent,662,2,664,0.35,22/22,11:27 PM,04/05/2026,126,MADATHUKULAM,Independent,6,188249,0.35272431726064946
S22126,MADATHUKULAM - 126,AK SENTHILKUMAR,Puthiya Tamilagam,615,6,621,0.33,22/22,11:27 PM,04/05/2026,126,MADATHUKULAM,-,7,188249,0.32988223045009535
S22126,MADATHUKULAM - 126,SP MAHENDRAN,Independent,464,0,464,0.25,22/22,11:27 PM,04/05/2026,126,MADATHUKULAM,Independent,8,188249,0.24648205302551407
S22126,MADATHUKULAM - 126,M SHANUGAVEL,Independent,395,2,397,0.21,22/22,11:27 PM,04/05/2026,126,MADATHUKULAM,Independent,9,188249,0.21089089450674373
S22126,MADATHUKULAM - 126,S SHANMUGAVEL,Independent,297,4,301,0.16,22/22,11:27 PM,04/05/2026,126,MADATHUKULAM,Independent,10,188249,0.15989460767387875
S22126,MADATHUKULAM - 126,P THANGARAJ,Independent,263,0,263,0.14,22/22,11:27 PM,04/05/2026,126,MADATHUKULAM,Independent,11,188249,0.139708577469203
S22126,MADATHUKULAM - 126,M AHAMED ALI,Independent,206,0,206,0.11,22/22,11:27 PM,04/05/2026,126,MADATHUKULAM,Independent,12,188249,0.10942953216218944
S22126,MADATHUKULAM - 126,A SHANMUGAVEL,Independent,119,1,120,0.06,22/22,11:27 PM,04/05/2026,126,MADATHUKULAM,Independent,13,188249,0.06374535854108122
S22126,MADATHUKULAM - 126,K SHANMUGAVEL,Independent,92,0,92,0.05,22/22,11:27 PM,04/05/2026,126,MADATHUKULAM,Independent,14,188249,0.048871441548162274
S22127,PALANI - 127,RAVIMANOHARAN. K,All India Anna Dravida Munnetra Kazhagam,66426,560,66986,32.11,27/27,11:30 PM,04/05/2026,127,PALANI,NDA,1,208619,32.109251793940146
S22127,PALANI - 127,DR. PRAVEEN KUMAR. M,Tamilaga Vettri Kazhagam,65742,551,66293,31.78,27/27,11:30 PM,04/05/2026,127,PALANI,Solo,2,208619,31.777067285338344
S22127,PALANI - 127,PANDI. N,Communist Party of India (Marxist),64942,592,65534,31.41,27/27,11:30 PM,04/05/2026,127,PALANI,INDIA/SPA,3,208619,31.4132461568697
S22127,PALANI - 127,MURUGESWARI. B,Naam Tamilar Katchi,6195,105,6300,3.02,27/27,11:30 PM,04/05/2026,127,PALANI,Solo,4,208619,3.01985916910732
S22127,PALANI - 127,NOTA,None of the Above,738,12,750,0.36,27/27,11:30 PM,04/05/2026,127,PALANI,NOTA/Unaligned,5,208619,0.35950704394134764
S22127,PALANI - 127,NACHIMUTHU. S,Bahujan Samaj Party,580,5,585,0.28,27/27,11:30 PM,04/05/2026,127,PALANI,Solo,6,208619,0.28041549427425116
S22127,PALANI - 127,JAYAKUMAR. T,Independent,519,1,520,0.25,27/27,11:30 PM,04/05/2026,127,PALANI,Independent,7,208619,0.2492582171326677
S22127,PALANI - 127,PRAVEENKUMAR. R,Independent,283,0,283,0.14,27/27,11:30 PM,04/05/2026,127,PALANI,Independent,8,208619,0.13565399124720184
S22127,PALANI - 127,RAMAMOORTHI. G,Rashtriya Samaj Dal (R),271,2,273,0.13,27/27,11:30 PM,04/05/2026,127,PALANI,-,9,208619,0.13086056399465054
S22127,PALANI - 127,ASHOKKUMAR. G,Independent,253,1,254,0.12,27/27,11:30 PM,04/05/2026,127,PALANI,Independent,10,208619,0.12175305221480306
S22127,PALANI - 127,BALACHANDRAN. M,Independent,214,0,214,0.1,27/27,11:30 PM,04/05/2026,127,PALANI,Independent,11,208619,0.10257934320459786
S22127,PALANI - 127,MADHESWARI. R,Independent,178,0,178,0.09,27/27,11:30 PM,04/05/2026,127,PALANI,Independent,12,208619,0.08532300509541317
S22127,PALANI - 127,VAYKKALDURAI. K,Puthiya Tamilagam,148,3,151,0.07,27/27,11:30 PM,04/05/2026,127,PALANI,-,13,208619,0.07238075151352466
S22127,PALANI - 127,THANNASIAPPAN. P,Independent,135,1,136,0.07,27/27,11:30 PM,04/05/2026,127,PALANI,Independent,14,208619,0.06519061063469771
S22127,PALANI - 127,THIRUMALAISAMY. B,Independent,90,2,92,0.04,27/27,11:30 PM,04/05/2026,127,PALANI,Independent,15,208619,0.044099530723471975
S22127,PALANI - 127,ANBARASU. R,Independent,70,0,70,0.03,27/27,11:30 PM,04/05/2026,127,PALANI,Independent,16,208619,0.03355399076785911
S22128,ODDANCHATRAM - 128,SAKKARAPANI. R,Dravida Munnetra Kazhagam,92068,1031,93099,46.17,26/26,11:27 PM,04/05/2026,128,ODDANCHATRAM,INDIA/SPA,1,201624,46.174562552077134
S22128,ODDANCHATRAM - 128,VIDIYAL S. SEKAR,Bharatiya Janata Party,49494,356,49850,24.72,26/26,11:27 PM,04/05/2026,128,ODDANCHATRAM,NDA,2,201624,24.72423917787565
S22128,ODDANCHATRAM - 128,MOHAN. S,Tamilaga Vettri Kazhagam,48906,249,49155,24.38,26/26,11:27 PM,04/05/2026,128,ODDANCHATRAM,Solo,3,201624,24.379538150220213
S22128,ODDANCHATRAM - 128,RAGUPATHI. P,Naam Tamilar Katchi,5382,72,5454,2.71,26/26,11:27 PM,04/05/2026,128,ODDANCHATRAM,Solo,4,201624,2.7050351148672775
S22128,ODDANCHATRAM - 128,NOTA,None of the Above,1478,13,1491,0.74,26/26,11:27 PM,04/05/2026,128,ODDANCHATRAM,NOTA/Unaligned,5,201624,0.7394952981787882
S22128,ODDANCHATRAM - 128,PRABAHARAN. M,Independent,646,0,646,0.32,26/26,11:27 PM,04/05/2026,128,ODDANCHATRAM,Independent,6,201624,0.3203983652739753
S22128,ODDANCHATRAM - 128,MURUGARAJ. P,Bahujan Samaj Party,508,8,516,0.26,26/26,11:27 PM,04/05/2026,128,ODDANCHATRAM,Solo,7,201624,0.25592191405785025
S22128,ODDANCHATRAM - 128,ALAGIYANNAN. A,Independent,298,3,301,0.15,26/26,11:27 PM,04/05/2026,128,ODDANCHATRAM,Independent,8,201624,0.14928778320041264
S22128,ODDANCHATRAM - 128,NAGUL PRAKASH. A,Independent,240,0,240,0.12,26/26,11:27 PM,04/05/2026,128,ODDANCHATRAM,Independent,9,201624,0.11903344839900012
S22128,ODDANCHATRAM - 128,RAGHUNATH. K,Independent,216,0,216,0.11,26/26,11:27 PM,04/05/2026,128,ODDANCHATRAM,Independent,10,201624,0.1071301035591001
S22128,ODDANCHATRAM - 128,MANIKANNAN. A,Independent,191,1,192,0.1,26/26,11:27 PM,04/05/2026,128,ODDANCHATRAM,Independent,11,201624,0.0952267587192001
S22128,ODDANCHATRAM - 128,KUMARRATHINAM. M,Independent,174,1,175,0.09,26/26,11:27 PM,04/05/2026,128,ODDANCHATRAM,Independent,12,201624,0.08679522279093758
S22128,ODDANCHATRAM - 128,CHELLAMUTHU. K,Independent,101,0,101,0.05,26/26,11:27 PM,04/05/2026,128,ODDANCHATRAM,Independent,13,201624,0.05009324286791255
S22128,ODDANCHATRAM - 128,ANANTHRAJ. T,Independent,99,0,99,0.05,26/26,11:27 PM,04/05/2026,128,ODDANCHATRAM,Independent,14,201624,0.04910129746458755
S22128,ODDANCHATRAM - 128,ARUMUGAM. M,Independent,89,0,89,0.04,26/26,11:27 PM,04/05/2026,128,ODDANCHATRAM,Independent,15,201624,0.04414157044796255
S22129,ATHOOR - 129,I. PERIASAMY,Dravida Munnetra Kazhagam,104467,1773,106240,44.79,26/26,11:27 PM,04/05/2026,129,ATHOOR,INDIA/SPA,1,237183,44.79241766905722
S22129,ATHOOR - 129,N. KALAISELVI,Tamilaga Vettri Kazhagam,83113,759,83872,35.36,26/26,11:27 PM,04/05/2026,129,ATHOOR,Solo,2,237183,35.36172491283102
S22129,ATHOOR - 129,A. VISWANATHAN,All India Anna Dravida Munnetra Kazhagam,32172,305,32477,13.69,26/26,11:27 PM,04/05/2026,129,ATHOOR,NDA,3,237183,13.692802603896569
S22129,ATHOOR - 129,DR. A. SIMON JUSTIN,Naam Tamilar Katchi,9759,187,9946,4.19,26/26,11:27 PM,04/05/2026,129,ATHOOR,Solo,4,237183,4.193386541193931
S22129,ATHOOR - 129,NOTA,None of the Above,797,15,812,0.34,26/26,11:27 PM,04/05/2026,129,ATHOOR,NOTA/Unaligned,5,237183,0.34235168625070095
S22129,ATHOOR - 129,D. SANKAR,Naadaalum Makkal Katchi,719,1,720,0.3,26/26,11:27 PM,04/05/2026,129,ATHOOR,-,6,237183,0.30356307155234563
S22129,ATHOOR - 129,M.K. NAGENDRAN,Aanaithinthiya Jananayaka Pathukappu Kazhagam,575,1,576,0.24,26/26,11:27 PM,04/05/2026,129,ATHOOR,-,7,237183,0.24285045724187654
S22129,ATHOOR - 129,K. VISVANATHAN,Independent,538,0,538,0.23,26/26,11:27 PM,04/05/2026,129,ATHOOR,Independent,8,237183,0.22682907290994717
S22129,ATHOOR - 129,S. KARTHIGAISELVAN,Bahujan Samaj Party,525,6,531,0.22,26/26,11:27 PM,04/05/2026,129,ATHOOR,Solo,9,237183,0.22387776526985492
S22129,ATHOOR - 129,P. MANIVEL,Independent,353,0,353,0.15,26/26,11:27 PM,04/05/2026,129,ATHOOR,Independent,10,237183,0.14883022813608057
S22129,ATHOOR - 129,M. PERIYASAMY,Independent,225,11,236,0.1,26/26,11:27 PM,04/05/2026,129,ATHOOR,Independent,11,237183,0.09950122900882441
S22129,ATHOOR - 129,K. JAYAPRAKASH,Puthiya Tamilagam,226,4,230,0.1,26/26,11:27 PM,04/05/2026,129,ATHOOR,-,12,237183,0.0969715367458882
S22129,ATHOOR - 129,K. KATHIRESAN,Independent,200,0,200,0.08,26/26,11:27 PM,04/05/2026,129,ATHOOR,Independent,13,237183,0.08432307543120712
S22129,ATHOOR - 129,S. BALA MURUGAN,Tamizhaga Vaazhvurimai Katchi,177,6,183,0.08,26/26,11:27 PM,04/05/2026,129,ATHOOR,-,14,237183,0.07715561401955452
S22129,ATHOOR - 129,D. NAGARAJ,Independent,154,1,155,0.07,26/26,11:27 PM,04/05/2026,129,ATHOOR,Independent,15,237183,0.06535038345918552
S22129,ATHOOR - 129,K. VELMURUGAN,Independent,114,0,114,0.05,26/26,11:27 PM,04/05/2026,129,ATHOOR,Independent,16,237183,0.04806415299578806
S22130,NILAKKOTTAI - 130,AYYANAR.R,Tamilaga Vettri Kazhagam,67953,627,68580,34.71,25/25,11:27 PM,04/05/2026,130,NILAKKOTTAI,Solo,1,197593,34.707707256836024
S22130,NILAKKOTTAI - 130,NAGAJOTHI.S,Dravida Munnetra Kazhagam,64944,711,65655,33.23,25/25,11:27 PM,04/05/2026,130,NILAKKOTTAI,INDIA/SPA,2,197593,33.22739165861139
S22130,NILAKKOTTAI - 130,THENMOZHI.S,All India Anna Dravida Munnetra Kazhagam,49510,414,49924,25.27,25/25,11:27 PM,04/05/2026,130,NILAKKOTTAI,NDA,3,197593,25.266077239578326
S22130,NILAKKOTTAI - 130,DR.KAILAI RAJAN.D,Naam Tamilar Katchi,8486,129,8615,4.36,25/25,11:27 PM,04/05/2026,130,NILAKKOTTAI,Solo,4,197593,4.359972266224006
S22130,NILAKKOTTAI - 130,SELVAM.P B.A. B.L.,Republican Party of India (A),738,25,763,0.39,25/25,11:27 PM,04/05/2026,130,NILAKKOTTAI,-,5,197593,0.3861472825454343
S22130,NILAKKOTTAI - 130,NOTA,None of the Above,624,18,642,0.32,25/25,11:27 PM,04/05/2026,130,NILAKKOTTAI,NOTA/Unaligned,6,197593,0.3249102954052016
S22130,NILAKKOTTAI - 130,MANIKANDAN.P,Independent,515,0,515,0.26,25/25,11:27 PM,04/05/2026,130,NILAKKOTTAI,Independent,7,197593,0.26063676344809783
S22130,NILAKKOTTAI - 130,RAJALAKSHMI.M,Bahujan Samaj Party,501,4,505,0.26,25/25,11:27 PM,04/05/2026,130,NILAKKOTTAI,Solo,8,197593,0.25557585541997946
S22130,NILAKKOTTAI - 130,SANKAR.P,Puthiya Tamilagam,427,14,441,0.22,25/25,11:27 PM,04/05/2026,130,NILAKKOTTAI,-,9,197593,0.22318604404002165
S22130,NILAKKOTTAI - 130,VIJAYAPANDIYAN.M,Independent,413,2,415,0.21,25/25,11:27 PM,04/05/2026,130,NILAKKOTTAI,Independent,10,197593,0.2100276831669138
S22130,NILAKKOTTAI - 130,ANBALAGAN.G,All India Puratchi Thalaivar Makkal Munnettra Kazhagam,390,9,399,0.2,25/25,11:27 PM,04/05/2026,130,NILAKKOTTAI,-,11,197593,0.20193023032192436
S22130,NILAKKOTTAI - 130,MANOHARAN.M,Independent,349,0,349,0.18,25/25,11:27 PM,04/05/2026,130,NILAKKOTTAI,Independent,12,197593,0.17662569018133234
S22130,NILAKKOTTAI - 130,ALAPPAN.A,Independent,330,1,331,0.17,25/25,11:27 PM,04/05/2026,130,NILAKKOTTAI,Independent,13,197593,0.1675160557307192
S22130,NILAKKOTTAI - 130,PERUMAL.N,Independent,237,1,238,0.12,25/25,11:27 PM,04/05/2026,130,NILAKKOTTAI,Independent,14,197593,0.12044961106921803
S22130,NILAKKOTTAI - 130,CHELLAM.K,Independent,160,2,162,0.08,25/25,11:27 PM,04/05/2026,130,NILAKKOTTAI,Independent,15,197593,0.08198671005551816
S22130,NILAKKOTTAI - 130,KARUPPAIAH.S,Independent,59,0,59,0.03,25/25,11:27 PM,04/05/2026,130,NILAKKOTTAI,Independent,16,197593,0.02985935736589859
S22131,NATHAM - 131,NATHAM VISWANATHAN R,All India Anna Dravida Munnetra Kazhagam,85215,493,85708,35.84,27/27,11:27 PM,04/05/2026,131,NATHAM,NDA,1,239140,35.840093668980515
S22131,NATHAM - 131,SELVAKUMAR K,Dravida Munnetra Kazhagam,73336,503,73839,30.88,27/27,11:27 PM,04/05/2026,131,NATHAM,INDIA/SPA,2,239140,30.876892197039393
S22131,NATHAM - 131,RAMESH L N,Tamilaga Vettri Kazhagam,64603,394,64997,27.18,27/27,11:27 PM,04/05/2026,131,NATHAM,Solo,3,239140,27.179476457305345
S22131,NATHAM - 131,ALAGAMMAL A,Naam Tamilar Katchi,9570,107,9677,4.05,27/27,11:27 PM,04/05/2026,131,NATHAM,Solo,4,239140,4.046583591201807
S22131,NATHAM - 131,ALEX S,Tamizhaga Vaazhvurimai Katchi,715,0,715,0.3,27/27,11:27 PM,04/05/2026,131,NATHAM,-,5,239140,0.29898804047838085
S22131,NATHAM - 131,NOTA,None of the Above,585,11,596,0.25,27/27,11:27 PM,04/05/2026,131,NATHAM,NOTA/Unaligned,6,239140,0.2492263945805804
S22131,NATHAM - 131,VADIVEL K,Independent,584,0,584,0.24,27/27,11:27 PM,04/05/2026,131,NATHAM,Independent,7,239140,0.24420841348164254
S22131,NATHAM - 131,VIJAYAKUMAR S,Independent,465,0,465,0.19,27/27,11:27 PM,04/05/2026,131,NATHAM,Independent,8,239140,0.1944467675838421
S22131,NATHAM - 131,GOPAL R,Independent,307,0,307,0.13,27/27,11:27 PM,04/05/2026,131,NATHAM,Independent,9,239140,0.1283766831144936
S22131,NATHAM - 131,MURUGESAN C,Independent,289,0,289,0.12,27/27,11:27 PM,04/05/2026,131,NATHAM,Independent,10,239140,0.1208497114660868
S22131,NATHAM - 131,MURUGAN K,Independent,273,0,273,0.11,27/27,11:27 PM,04/05/2026,131,NATHAM,Independent,11,239140,0.11415907000083633
S22131,NATHAM - 131,RAJASEKARAN P,Aanaithinthiya Jananayaka Pathukappu Kazhagam,246,1,247,0.1,27/27,11:27 PM,04/05/2026,131,NATHAM,-,12,239140,0.1032867776198043
S22131,NATHAM - 131,MARIA AROCKIAM S,Independent,245,0,245,0.1,27/27,11:27 PM,04/05/2026,131,NATHAM,Independent,13,239140,0.10245044743664798
S22131,NATHAM - 131,RAMA JANARTHANAN S,Independent,233,0,233,0.1,27/27,11:27 PM,04/05/2026,131,NATHAM,Independent,14,239140,0.09743246633771013
S22131,NATHAM - 131,VENKATESH P,Independent,175,0,175,0.07,27/27,11:27 PM,04/05/2026,131,NATHAM,Independent,15,239140,0.07317889102617714
S22131,NATHAM - 131,SATHAM USAIN M,Independent,154,1,155,0.06,27/27,11:27 PM,04/05/2026,131,NATHAM,Independent,16,239140,0.06481558919461404
S22131,NATHAM - 131,VENKATESAN G,Independent,148,1,149,0.06,27/27,11:27 PM,04/05/2026,131,NATHAM,Independent,17,239140,0.0623065986451451
S22131,NATHAM - 131,MANIKANDAN V,Independent,137,1,138,0.06,27/27,11:27 PM,04/05/2026,131,NATHAM,Independent,18,239140,0.0577067826377854
S22131,NATHAM - 131,TAMILSELVAN C,Independent,108,3,111,0.05,27/27,11:27 PM,04/05/2026,131,NATHAM,Independent,19,239140,0.04641632516517521
S22131,NATHAM - 131,VIJAYAKUMAR S,Puthiya Tamilagam,103,0,103,0.04,27/27,11:27 PM,04/05/2026,131,NATHAM,-,20,239140,0.04307100443254997
S22131,NATHAM - 131,DHANDABANI K,Independent,79,2,81,0.03,27/27,11:27 PM,04/05/2026,131,NATHAM,Independent,21,239140,0.03387137241783056
S22131,NATHAM - 131,SUNDAR C,Independent,53,0,53,0.02,27/27,11:27 PM,04/05/2026,131,NATHAM,Independent,22,239140,0.02216274985364222
S22132,DINDIGUL - 132,SENTHILKUMAR. I.P,Dravida Munnetra Kazhagam,73160,1329,74489,35.13,26/26,11:27 PM,04/05/2026,132,DINDIGUL,INDIA/SPA,1,212024,35.132343508282084
S22132,DINDIGUL - 132,NAZEER RAJA. G,Tamilaga Vettri Kazhagam,72510,848,73358,34.6,26/26,11:27 PM,04/05/2026,132,DINDIGUL,Solo,2,212024,34.598913330566354
S22132,DINDIGUL - 132,SREENIVASAN. C,All India Anna Dravida Munnetra Kazhagam,53228,758,53986,25.46,26/26,11:27 PM,04/05/2026,132,DINDIGUL,NDA,3,212024,25.462211825076405
S22132,DINDIGUL - 132,MUTHARASI. S,Naam Tamilar Katchi,7142,157,7299,3.44,26/26,11:27 PM,04/05/2026,132,DINDIGUL,Solo,4,212024,3.4425348073802966
S22132,DINDIGUL - 132,NOTA,None of the Above,804,29,833,0.39,26/26,11:27 PM,04/05/2026,132,DINDIGUL,NOTA/Unaligned,5,212024,0.39288005131494547
S22132,DINDIGUL - 132,SELVADHAYANITHI. M,Independent,252,0,252,0.12,26/26,11:27 PM,04/05/2026,132,DINDIGUL,Independent,6,212024,0.11885446930536166
S22132,DINDIGUL - 132,SHEIK BAREETH.B,Tamizhaga Vaazhvurimai Katchi,246,3,249,0.12,26/26,11:27 PM,04/05/2026,132,DINDIGUL,-,7,212024,0.1174395351469645
S22132,DINDIGUL - 132,NAGARAJ. N,Independent,211,0,211,0.1,26/26,11:27 PM,04/05/2026,132,DINDIGUL,Independent,8,212024,0.0995170358072671
S22132,DINDIGUL - 132,PRADEEP. M,Puthiya Tamilagam,193,10,203,0.1,26/26,11:27 PM,04/05/2026,132,DINDIGUL,-,9,212024,0.09574387805154133
S22132,DINDIGUL - 132,BABU. S,Independent,197,0,197,0.09,26/26,11:27 PM,04/05/2026,132,DINDIGUL,Independent,10,212024,0.092914009734747
S22132,DINDIGUL - 132,RAMUTHEVAR. P,All India Puratchi Thalaivar Makkal Munnettra Kazhagam,179,5,184,0.09,26/26,11:27 PM,04/05/2026,132,DINDIGUL,-,11,212024,0.08678262838169264
S22132,DINDIGUL - 132,SEENIVASAN. P,Independent,175,1,176,0.08,26/26,11:27 PM,04/05/2026,132,DINDIGUL,Independent,12,212024,0.08300947062596688
S22132,DINDIGUL - 132,UMAR ALI. R,Independent,100,3,103,0.05,26/26,11:27 PM,04/05/2026,132,DINDIGUL,Independent,13,212024,0.04857940610496925
S22132,DINDIGUL - 132,GOPI KRISHNAN PILLAI. S,Rashtriya Samaj Dal (R),95,1,96,0.05,26/26,11:27 PM,04/05/2026,132,DINDIGUL,-,14,212024,0.045277893068709205
S22132,DINDIGUL - 132,SARANYA. M,Independent,87,1,88,0.04,26/26,11:27 PM,04/05/2026,132,DINDIGUL,Independent,15,212024,0.04150473531298344
S22132,DINDIGUL - 132,ANIS BABU. M,Independent,75,0,75,0.04,26/26,11:27 PM,04/05/2026,132,DINDIGUL,Independent,16,212024,0.03537335395992906
S22132,DINDIGUL - 132,AROCKIA DASS. J,Independent,54,2,56,0.03,26/26,11:27 PM,04/05/2026,132,DINDIGUL,Independent,17,212024,0.026412104290080368
S22132,DINDIGUL - 132,KARMEGAM. R,Independent,54,0,54,0.03,26/26,11:27 PM,04/05/2026,132,DINDIGUL,Independent,18,212024,0.025468814851148925
S22132,DINDIGUL - 132,GANESH PERUMAL. D,Independent,44,1,45,0.02,26/26,11:27 PM,04/05/2026,132,DINDIGUL,Independent,19,212024,0.02122401237595744
S22132,DINDIGUL - 132,RAJENDRAN. G,Independent,37,1,38,0.02,26/26,11:27 PM,04/05/2026,132,DINDIGUL,Independent,20,212024,0.017922499339697393
S22132,DINDIGUL - 132,MUNIYAPPAN. M,Independent,32,0,32,0.02,26/26,11:27 PM,04/05/2026,132,DINDIGUL,Independent,21,212024,0.015092631022903067
S22133,VEDASANDUR - 133,SAMINATHAN. T,Dravida Munnetra Kazhagam,84196,752,84948,37.5,27/27,11:30 PM,04/05/2026,133,VEDASANDUR,INDIA/SPA,1,226554,37.49569639026457
S22133,VEDASANDUR - 133,PARAMASIVAM. V.P.B.,All India Anna Dravida Munnetra Kazhagam,74188,697,74885,33.05,27/27,11:30 PM,04/05/2026,133,VEDASANDUR,NDA,2,226554,33.05392974743328
S22133,VEDASANDUR - 133,DR.NAKAJOTHI. N,Tamilaga Vettri Kazhagam,56444,360,56804,25.07,27/27,11:30 PM,04/05/2026,133,VEDASANDUR,Solo,3,226554,25.073051016534688
S22133,VEDASANDUR - 133,KHAJA HUSSAIN AHAMED. A,Naam Tamilar Katchi,7000,95,7095,3.13,27/27,11:30 PM,04/05/2026,133,VEDASANDUR,Solo,4,226554,3.131703699780185
S22133,VEDASANDUR - 133,MURUGAN. V,Independent,727,0,727,0.32,27/27,11:30 PM,04/05/2026,133,VEDASANDUR,Independent,5,226554,0.3208947977082726
S22133,VEDASANDUR - 133,NOTA,None of the Above,466,8,474,0.21,27/27,11:30 PM,04/05/2026,133,VEDASANDUR,NOTA/Unaligned,6,226554,0.20922164252231257
S22133,VEDASANDUR - 133,MARIMUTHU. S,Independent,355,0,355,0.16,27/27,11:30 PM,04/05/2026,133,VEDASANDUR,Independent,7,226554,0.1566955339565843
S22133,VEDASANDUR - 133,MANIKANDAPRABHU. N C,Independent,292,2,294,0.13,27/27,11:30 PM,04/05/2026,133,VEDASANDUR,Independent,8,226554,0.1297703858682698
S22133,VEDASANDUR - 133,MANEESHANKAR. M.G.,Independent,205,0,205,0.09,27/27,11:30 PM,04/05/2026,133,VEDASANDUR,Independent,9,226554,0.09048615341154868
S22133,VEDASANDUR - 133,BOOMIRAJ. K,Samaniya Makkal Nala Katchi,183,1,184,0.08,27/27,11:30 PM,04/05/2026,133,VEDASANDUR,-,10,226554,0.08121684013524369
S22133,VEDASANDUR - 133,RAVI. R,Communist Party of India (Marxist-Leninist) (Liberation),151,2,153,0.07,27/27,11:30 PM,04/05/2026,133,VEDASANDUR,-,11,226554,0.06753356815593634
S22133,VEDASANDUR - 133,RAMESH. T,Tamizhaga Vaazhvurimai Katchi,131,0,131,0.06,27/27,11:30 PM,04/05/2026,133,VEDASANDUR,-,12,226554,0.05782285900933111
S22133,VEDASANDUR - 133,SELVARAJ. V,Independent,94,0,94,0.04,27/27,11:30 PM,04/05/2026,133,VEDASANDUR,Independent,13,226554,0.04149121180822232
S22133,VEDASANDUR - 133,NATCHIMUTHU. R,Independent,77,1,78,0.03,27/27,11:30 PM,04/05/2026,133,VEDASANDUR,Independent,14,226554,0.03442887788341852
S22133,VEDASANDUR - 133,SURESH. B,Independent,71,1,72,0.03,27/27,11:30 PM,04/05/2026,133,VEDASANDUR,Independent,15,226554,0.0317805026616171
S22133,VEDASANDUR - 133,DHIVAKAR. A,Independent,54,1,55,0.02,27/27,11:30 PM,04/05/2026,133,VEDASANDUR,Independent,16,226554,0.02427677286651306
S22134,ARAVAKURICHI - 134,ELANGO. R,Dravida Munnetra Kazhagam,70058,769,70827,39.11,22/22,11:27 PM,04/05/2026,134,ARAVAKURICHI,INDIA/SPA,1,181078,39.11408343365842
S22134,ARAVAKURICHI - 134,KARTHIKEYAN. P,Tamilaga Vettri Kazhagam,51118,327,51445,28.41,22/22,11:27 PM,04/05/2026,134,ARAVAKURICHI,Solo,2,181078,28.41040877411944
S22134,ARAVAKURICHI - 134,SELVAKUMAR. K,All India Anna Dravida Munnetra Kazhagam,48823,466,49289,27.22,22/22,11:27 PM,04/05/2026,134,ARAVAKURICHI,NDA,3,181078,27.21976164967583
S22134,ARAVAKURICHI - 134,NAREN. S,Naam Tamilar Katchi,5083,71,5154,2.85,22/22,11:27 PM,04/05/2026,134,ARAVAKURICHI,Solo,4,181078,2.846287235335049
S22134,ARAVAKURICHI - 134,NOTA,None of the Above,626,11,637,0.35,22/22,11:27 PM,04/05/2026,134,ARAVAKURICHI,NOTA/Unaligned,5,181078,0.3517821049492484
S22134,ARAVAKURICHI - 134,RAVI. AG,Tamizhaga Vaazhvurimai Katchi,392,6,398,0.22,22/22,11:27 PM,04/05/2026,134,ARAVAKURICHI,-,6,181078,0.21979478456797624
S22134,ARAVAKURICHI - 134,SUGANYA. S,Bahujan Samaj Party,354,5,359,0.2,22/22,11:27 PM,04/05/2026,134,ARAVAKURICHI,Solo,7,181078,0.1982571046731243
S22134,ARAVAKURICHI - 134,TAMILARASAN. M,Independent,346,0,346,0.19,22/22,11:27 PM,04/05/2026,134,ARAVAKURICHI,Independent,8,181078,0.19107787804150697
S22134,ARAVAKURICHI - 134,NATARAJAN. P,Independent,326,0,326,0.18,22/22,11:27 PM,04/05/2026,134,ARAVAKURICHI,Independent,9,181078,0.18003291399286495
S22134,ARAVAKURICHI - 134,ASIYA BEGUM,All India Puratchi Thalaivar Makkal Munnettra Kazhagam,290,0,290,0.16,22/22,11:27 PM,04/05/2026,134,ARAVAKURICHI,-,10,181078,0.1601519787053093
S22134,ARAVAKURICHI - 134,SOWMIYA. R,Independent,284,0,284,0.16,22/22,11:27 PM,04/05/2026,134,ARAVAKURICHI,Independent,11,181078,0.15683848949071671
S22134,ARAVAKURICHI - 134,BOOPATHY. S,Independent,283,1,284,0.16,22/22,11:27 PM,04/05/2026,134,ARAVAKURICHI,Independent,12,181078,0.15683848949071671
S22134,ARAVAKURICHI - 134,SAKTHIVEL. R,Viduthalai Kalam Katchi,210,1,211,0.12,22/22,11:27 PM,04/05/2026,134,ARAVAKURICHI,-,13,181078,0.11652437071317333
S22134,ARAVAKURICHI - 134,NARENDRAKUMAR. G,Independent,158,0,158,0.09,22/22,11:27 PM,04/05/2026,134,ARAVAKURICHI,Independent,14,181078,0.08725521598427197
S22134,ARAVAKURICHI - 134,SIVALINGAM. T,Independent,120,2,122,0.07,22/22,11:27 PM,04/05/2026,134,ARAVAKURICHI,Independent,15,181078,0.06737428069671633
S22134,ARAVAKURICHI - 134,SILAMBARASAN. P,Independent,114,0,114,0.06,22/22,11:27 PM,04/05/2026,134,ARAVAKURICHI,Independent,16,181078,0.06295629507725953
S22134,ARAVAKURICHI - 134,NATCHIMUTHU. V,Independent,92,0,92,0.05,22/22,11:27 PM,04/05/2026,134,ARAVAKURICHI,Independent,17,181078,0.0508068346237533
S22134,ARAVAKURICHI - 134,MANIKANDAN. T,Independent,86,0,86,0.05,22/22,11:27 PM,04/05/2026,134,ARAVAKURICHI,Independent,18,181078,0.04749334540916069
S22134,ARAVAKURICHI - 134,RAJASEKARAN. N,Independent,70,0,70,0.04,22/22,11:27 PM,04/05/2026,134,ARAVAKURICHI,Independent,19,181078,0.038657374170247075
S22134,ARAVAKURICHI - 134,ARASUMANI. G,Independent,61,0,61,0.03,22/22,11:27 PM,04/05/2026,134,ARAVAKURICHI,Independent,20,181078,0.033687140348358166
S22134,ARAVAKURICHI - 134,KIRUBANANTH. S,Independent,61,0,61,0.03,22/22,11:27 PM,04/05/2026,134,ARAVAKURICHI,Independent,21,181078,0.033687140348358166
S22134,ARAVAKURICHI - 134,MATHIYALAGAN. P,Independent,58,0,58,0.03,22/22,11:27 PM,04/05/2026,134,ARAVAKURICHI,Independent,22,181078,0.03203039574106186
S22134,ARAVAKURICHI - 134,RAJENDARAN. N,Independent,56,0,56,0.03,22/22,11:27 PM,04/05/2026,134,ARAVAKURICHI,Independent,23,181078,0.03092589933619766
S22134,ARAVAKURICHI - 134,ARIVALAGAN. M,Independent,51,0,51,0.03,22/22,11:27 PM,04/05/2026,134,ARAVAKURICHI,Independent,24,181078,0.028164658324037157
S22134,ARAVAKURICHI - 134,KAVIYARASU. T,Independent,49,1,50,0.03,22/22,11:27 PM,04/05/2026,134,ARAVAKURICHI,Independent,25,181078,0.027612410121605053
S22134,ARAVAKURICHI - 134,KATHIRESAN. M,Independent,49,0,49,0.03,22/22,11:27 PM,04/05/2026,134,ARAVAKURICHI,Independent,26,181078,0.027060161919172952
S22134,ARAVAKURICHI - 134,PRAVEEN. S,Independent,47,0,47,0.03,22/22,11:27 PM,04/05/2026,134,ARAVAKURICHI,Independent,27,181078,0.02595566551430875
S22134,ARAVAKURICHI - 134,MOHANKUMAR. K,Independent,47,0,47,0.03,22/22,11:27 PM,04/05/2026,134,ARAVAKURICHI,Independent,28,181078,0.02595566551430875
S22134,ARAVAKURICHI - 134,RAMALINGAM. V,Independent,38,0,38,0.02,22/22,11:27 PM,04/05/2026,134,ARAVAKURICHI,Independent,29,181078,0.020985431692419843
S22134,ARAVAKURICHI - 134,RAGUPATHI. S,Independent,35,0,35,0.02,22/22,11:27 PM,04/05/2026,134,ARAVAKURICHI,Independent,30,181078,0.019328687085123537
S22134,ARAVAKURICHI - 134,MURUGESAN. R,Independent,33,0,33,0.02,22/22,11:27 PM,04/05/2026,134,ARAVAKURICHI,Independent,31,181078,0.018224190680259336
S22135,KARUR - 135,M.R. VIJAYABHASKAR,All India Anna Dravida Munnetra Kazhagam,70887,655,71542,32.99,21/21,11:30 PM,04/05/2026,135,KARUR,NDA,1,216829,32.99466399789696
S22135,KARUR - 135,MATHIYALAGAN V.P,Tamilaga Vettri Kazhagam,69333,388,69721,32.15,21/21,11:30 PM,04/05/2026,135,KARUR,Solo,2,216829,32.15483168764326
S22135,KARUR - 135,AASEE.M. THIAGARAJAN,Dravida Munnetra Kazhagam,66432,824,67256,31.02,21/21,11:30 PM,04/05/2026,135,KARUR,INDIA/SPA,3,216829,31.017991135872048
S22135,KARUR - 135,KARUPPAIYA. R,Naam Tamilar Katchi,5390,75,5465,2.52,21/21,11:30 PM,04/05/2026,135,KARUR,Solo,4,216829,2.520419316604329
S22135,KARUR - 135,NOTA,None of the Above,524,15,539,0.25,21/21,11:30 PM,04/05/2026,135,KARUR,NOTA/Unaligned,5,216829,0.24858298474835008
S22135,KARUR - 135,JAYAGOPAL. P,Bahujan Samaj Party,301,1,302,0.14,21/21,11:30 PM,04/05/2026,135,KARUR,Solo,6,216829,0.13928026232653382
S22135,KARUR - 135,GUNASEKARAN. K,Tamizhaga Vaazhvurimai Katchi,250,2,252,0.12,21/21,11:30 PM,04/05/2026,135,KARUR,-,7,216829,0.11622061624598186
S22135,KARUR - 135,KATHIRVEL. K,Independent,143,0,143,0.07,21/21,11:30 PM,04/05/2026,135,KARUR,Independent,8,216829,0.06595058779037859
S22135,KARUR - 135,KANDASAMY. P,Independent,133,1,134,0.06,21/21,11:30 PM,04/05/2026,135,KARUR,Independent,9,216829,0.06179985149587924
S22135,KARUR - 135,KATHIRAVAN. P,Independent,103,0,103,0.05,21/21,11:30 PM,04/05/2026,135,KARUR,Independent,10,216829,0.04750287092593703
S22135,KARUR - 135,RAMACHANDRAN. A,Ganasangam Party of India,99,2,101,0.05,21/21,11:30 PM,04/05/2026,135,KARUR,-,11,216829,0.04658048508271495
S22135,KARUR - 135,ANBAZHAGAN. T,Independent,65,2,67,0.03,21/21,11:30 PM,04/05/2026,135,KARUR,Independent,12,216829,0.03089992574793962
S22135,KARUR - 135,ELAMATHI. S,Independent,59,0,59,0.03,21/21,11:30 PM,04/05/2026,135,KARUR,Independent,13,216829,0.027210382375051308
S22135,KARUR - 135,KRISHNAKUMAR. K,Independent,53,0,53,0.02,21/21,11:30 PM,04/05/2026,135,KARUR,Independent,14,216829,0.024443224845385074
S22135,KARUR - 135,KALIMUTHU. V,Samaniya Makkal Nala Katchi,51,0,51,0.02,21/21,11:30 PM,04/05/2026,135,KARUR,-,15,216829,0.023520839002162994
S22135,KARUR - 135,MURALI. M,Independent,47,0,47,0.02,21/21,11:30 PM,04/05/2026,135,KARUR,Independent,16,216829,0.021676067315718837
S22135,KARUR - 135,ASARUDHEEN. A,Independent,44,1,45,0.02,21/21,11:30 PM,04/05/2026,135,KARUR,Independent,17,216829,0.02075368147249676
S22135,KARUR - 135,ARULMANIARASU. P,Independent,43,0,43,0.02,21/21,11:30 PM,04/05/2026,135,KARUR,Independent,18,216829,0.019831295629274683
S22135,KARUR - 135,SUBASH MALAYALAM. T,Independent,38,1,39,0.02,21/21,11:30 PM,04/05/2026,135,KARUR,Independent,19,216829,0.017986523942830526
S22135,KARUR - 135,PRAVEENKUMAR. J,Independent,36,1,37,0.02,21/21,11:30 PM,04/05/2026,135,KARUR,Independent,20,216829,0.017064138099608446
S22135,KARUR - 135,KALAIRAJ. K,Independent,35,0,35,0.02,21/21,11:30 PM,04/05/2026,135,KARUR,Independent,21,216829,0.01614175225638637
S22135,KARUR - 135,KARUNAMOORTHY. S,Independent,34,0,34,0.02,21/21,11:30 PM,04/05/2026,135,KARUR,Independent,22,216829,0.01568055933477533
S22135,KARUR - 135,ANBARASAN. N,Independent,30,0,30,0.01,21/21,11:30 PM,04/05/2026,135,KARUR,Independent,23,216829,0.013835787648331174
S22135,KARUR - 135,SAMPATH. S,Independent,28,0,28,0.01,21/21,11:30 PM,04/05/2026,135,KARUR,Independent,24,216829,0.012913401805109095
S22135,KARUR - 135,SEETHA LAKSHMI. D,Independent,28,0,28,0.01,21/21,11:30 PM,04/05/2026,135,KARUR,Independent,25,216829,0.012913401805109095
S22135,KARUR - 135,SENBAGAKUMAR. L,Independent,27,1,28,0.01,21/21,11:30 PM,04/05/2026,135,KARUR,Independent,26,216829,0.012913401805109095
S22135,KARUR - 135,MAILVAGANAN. B,Independent,28,0,28,0.01,21/21,11:30 PM,04/05/2026,135,KARUR,Independent,27,216829,0.012913401805109095
S22135,KARUR - 135,KANAGARAJ. S,Independent,27,0,27,0.01,21/21,11:30 PM,04/05/2026,135,KARUR,Independent,28,216829,0.012452208883498055
S22135,KARUR - 135,SIVAKUMAR. N,Independent,24,3,27,0.01,21/21,11:30 PM,04/05/2026,135,KARUR,Independent,29,216829,0.012452208883498055
S22135,KARUR - 135,BABU. G,Independent,22,2,24,0.01,21/21,11:30 PM,04/05/2026,135,KARUR,Independent,30,216829,0.011068630118664938
S22135,KARUR - 135,MUTHU. K.R,Independent,23,0,23,0.01,21/21,11:30 PM,04/05/2026,135,KARUR,Independent,31,216829,0.0106074371970539
S22135,KARUR - 135,SIVAKUMAR. V,Independent,19,2,21,0.01,21/21,11:30 PM,04/05/2026,135,KARUR,Independent,32,216829,0.009685051353831822
S22135,KARUR - 135,MOHAMAD ISMAIL. M,Independent,21,0,21,0.01,21/21,11:30 PM,04/05/2026,135,KARUR,Independent,33,216829,0.009685051353831822
S22135,KARUR - 135,PARAMESWARI,Independent,20,0,20,0.01,21/21,11:30 PM,04/05/2026,135,KARUR,Independent,34,216829,0.009223858432220781
S22135,KARUR - 135,HARIHARAN. S,Independent,20,0,20,0.01,21/21,11:30 PM,04/05/2026,135,KARUR,Independent,35,216829,0.009223858432220781
S22135,KARUR - 135,BHARATHI. P,Independent,19,0,19,0.01,21/21,11:30 PM,04/05/2026,135,KARUR,Independent,36,216829,0.008762665510609743
S22135,KARUR - 135,DEVASTIN AUGUSTIN. G,Independent,18,0,18,0.01,21/21,11:30 PM,04/05/2026,135,KARUR,Independent,37,216829,0.008301472588998705
S22135,KARUR - 135,SIVAKUMAR. A,Independent,17,0,17,0.01,21/21,11:30 PM,04/05/2026,135,KARUR,Independent,38,216829,0.007840279667387665
S22135,KARUR - 135,PALAMUTHIR SELVAN. O,Independent,17,0,17,0.01,21/21,11:30 PM,04/05/2026,135,KARUR,Independent,39,216829,0.007840279667387665
S22135,KARUR - 135,KALIMUTHU. R,Independent,16,0,16,0.01,21/21,11:30 PM,04/05/2026,135,KARUR,Independent,40,216829,0.007379086745776626
S22135,KARUR - 135,SURIYAKUMAR. J,Independent,16,0,16,0.01,21/21,11:30 PM,04/05/2026,135,KARUR,Independent,41,216829,0.007379086745776626
S22135,KARUR - 135,MARIAMMAL. P.M,Independent,16,0,16,0.01,21/21,11:30 PM,04/05/2026,135,KARUR,Independent,42,216829,0.007379086745776626
S22135,KARUR - 135,SATHISH KUMAR. S,Independent,15,0,15,0.01,21/21,11:30 PM,04/05/2026,135,KARUR,Independent,43,216829,0.006917893824165587
S22135,KARUR - 135,STEPHENRAJ. L,Independent,15,0,15,0.01,21/21,11:30 PM,04/05/2026,135,KARUR,Independent,44,216829,0.006917893824165587
S22135,KARUR - 135,DINESH KUMAR. K,Independent,14,0,14,0.01,21/21,11:30 PM,04/05/2026,135,KARUR,Independent,45,216829,0.006456700902554548
S22135,KARUR - 135,NANDHAKUMAR. A,Independent,14,0,14,0.01,21/21,11:30 PM,04/05/2026,135,KARUR,Independent,46,216829,0.006456700902554548
S22135,KARUR - 135,VANITHA. K.M,Independent,14,0,14,0.01,21/21,11:30 PM,04/05/2026,135,KARUR,Independent,47,216829,0.006456700902554548
S22135,KARUR - 135,SOUNDARYAN. K,Independent,13,0,13,0.01,21/21,11:30 PM,04/05/2026,135,KARUR,Independent,48,216829,0.0059955079809435085
S22135,KARUR - 135,HARI RAAJ. B,Independent,12,1,13,0.01,21/21,11:30 PM,04/05/2026,135,KARUR,Independent,49,216829,0.0059955079809435085
S22135,KARUR - 135,SATHISH. P,Independent,12,0,12,0.01,21/21,11:30 PM,04/05/2026,135,KARUR,Independent,50,216829,0.005534315059332469
S22135,KARUR - 135,KANAGARAJ. P,Independent,11,0,11,0.01,21/21,11:30 PM,04/05/2026,135,KARUR,Independent,51,216829,0.00507312213772143
S22135,KARUR - 135,THIYAGARAJAN. M,Independent,11,0,11,0.01,21/21,11:30 PM,04/05/2026,135,KARUR,Independent,52,216829,0.00507312213772143
S22135,KARUR - 135,PALANIRAJAN. K,Independent,11,0,11,0.01,21/21,11:30 PM,04/05/2026,135,KARUR,Independent,53,216829,0.00507312213772143
S22135,KARUR - 135,MANOJ. P,Independent,11,0,11,0.01,21/21,11:30 PM,04/05/2026,135,KARUR,Independent,54,216829,0.00507312213772143
S22135,KARUR - 135,YOONUS ALI. R,Independent,11,0,11,0.01,21/21,11:30 PM,04/05/2026,135,KARUR,Independent,55,216829,0.00507312213772143
S22135,KARUR - 135,THIRUGNANAM. M,Independent,10,0,10,0.0,21/21,11:30 PM,04/05/2026,135,KARUR,Independent,56,216829,0.004611929216110391
S22135,KARUR - 135,SARAVANAN. R,Independent,9,0,9,0.0,21/21,11:30 PM,04/05/2026,135,KARUR,Independent,57,216829,0.004150736294499352
S22135,KARUR - 135,THAMILALAGAN. A,Independent,9,0,9,0.0,21/21,11:30 PM,04/05/2026,135,KARUR,Independent,58,216829,0.004150736294499352
S22135,KARUR - 135,VIJAYA BASKAR. R.V,Independent,9,0,9,0.0,21/21,11:30 PM,04/05/2026,135,KARUR,Independent,59,216829,0.004150736294499352
S22135,KARUR - 135,KARTHIKPERUMAL. R,Independent,8,0,8,0.0,21/21,11:30 PM,04/05/2026,135,KARUR,Independent,60,216829,0.003689543372888313
S22135,KARUR - 135,GOPALA KRISHNAN. A,Independent,8,0,8,0.0,21/21,11:30 PM,04/05/2026,135,KARUR,Independent,61,216829,0.003689543372888313
S22135,KARUR - 135,SENTHILKUMAR. G,Independent,8,0,8,0.0,21/21,11:30 PM,04/05/2026,135,KARUR,Independent,62,216829,0.003689543372888313
S22135,KARUR - 135,SENTHILKUMAR. M,Independent,8,0,8,0.0,21/21,11:30 PM,04/05/2026,135,KARUR,Independent,63,216829,0.003689543372888313
S22135,KARUR - 135,THANGAVELRAJ. S,Independent,8,0,8,0.0,21/21,11:30 PM,04/05/2026,135,KARUR,Independent,64,216829,0.003689543372888313
S22135,KARUR - 135,DINESH. B,Independent,8,0,8,0.0,21/21,11:30 PM,04/05/2026,135,KARUR,Independent,65,216829,0.003689543372888313
S22135,KARUR - 135,RAJAPANDIAN. K,Independent,8,0,8,0.0,21/21,11:30 PM,04/05/2026,135,KARUR,Independent,66,216829,0.003689543372888313
S22135,KARUR - 135,DANIYA. P,Independent,7,0,7,0.0,21/21,11:30 PM,04/05/2026,135,KARUR,Independent,67,216829,0.003228350451277274
S22135,KARUR - 135,DURAISAMY. J,Independent,5,0,5,0.0,21/21,11:30 PM,04/05/2026,135,KARUR,Independent,68,216829,0.0023059646080551954
S22135,KARUR - 135,PRASANTH. S,Independent,5,0,5,0.0,21/21,11:30 PM,04/05/2026,135,KARUR,Independent,69,216829,0.0023059646080551954
S22135,KARUR - 135,MANIKANDAN,Independent,5,0,5,0.0,21/21,11:30 PM,04/05/2026,135,KARUR,Independent,70,216829,0.0023059646080551954
S22135,KARUR - 135,MATHANRAJ. P,Independent,5,0,5,0.0,21/21,11:30 PM,04/05/2026,135,KARUR,Independent,71,216829,0.0023059646080551954
S22135,KARUR - 135,VINOTHKUMAR. N,Independent,4,1,5,0.0,21/21,11:30 PM,04/05/2026,135,KARUR,Independent,72,216829,0.0023059646080551954
S22135,KARUR - 135,PALANIVEL. P,Independent,4,0,4,0.0,21/21,11:30 PM,04/05/2026,135,KARUR,Independent,73,216829,0.0018447716864441565
S22135,KARUR - 135,BASKAR. P,Independent,4,0,4,0.0,21/21,11:30 PM,04/05/2026,135,KARUR,Independent,74,216829,0.0018447716864441565
S22135,KARUR - 135,RAGURAMAN MURUGANANTHAM,Independent,3,1,4,0.0,21/21,11:30 PM,04/05/2026,135,KARUR,Independent,75,216829,0.0018447716864441565
S22135,KARUR - 135,VIJAYAN. K,Independent,4,0,4,0.0,21/21,11:30 PM,04/05/2026,135,KARUR,Independent,76,216829,0.0018447716864441565
S22135,KARUR - 135,SOUNDARA RAJAN. R,Independent,2,1,3,0.0,21/21,11:30 PM,04/05/2026,135,KARUR,Independent,77,216829,0.0013835787648331173
S22135,KARUR - 135,PRAKASH. N,Independent,3,0,3,0.0,21/21,11:30 PM,04/05/2026,135,KARUR,Independent,78,216829,0.0013835787648331173
S22135,KARUR - 135,VINEETH. B,Independent,3,0,3,0.0,21/21,11:30 PM,04/05/2026,135,KARUR,Independent,79,216829,0.0013835787648331173
S22135,KARUR - 135,VIGNESHWARAN. D,Independent,2,0,2,0.0,21/21,11:30 PM,04/05/2026,135,KARUR,Independent,80,216829,0.0009223858432220783
S22136,KRISHNARAYAPURAM - 136,SATHYA. M,Tamilaga Vettri Kazhagam,61989,389,62378,32.94,21/21,11:27 PM,04/05/2026,136,KRISHNARAYAPURAM,Solo,1,189357,32.9420090094372
S22136,KRISHNARAYAPURAM - 136,DR. DHIVYA. S,All India Anna Dravida Munnetra Kazhagam,58372,503,58875,31.09,21/21,11:27 PM,04/05/2026,136,KRISHNARAYAPURAM,NDA,2,189357,31.092064196200827
S22136,KRISHNARAYAPURAM - 136,RAJA. C.K,Dravida Munnetra Kazhagam,56628,664,57292,30.26,21/21,11:27 PM,04/05/2026,136,KRISHNARAYAPURAM,INDIA/SPA,3,189357,30.256077145286415
S22136,KRISHNARAYAPURAM - 136,SATHIYA. V,Naam Tamilar Katchi,6018,84,6102,3.22,21/21,11:27 PM,04/05/2026,136,KRISHNARAYAPURAM,Solo,4,189357,3.2224845133794897
S22136,KRISHNARAYAPURAM - 136,NOTA,None of the Above,517,8,525,0.28,21/21,11:27 PM,04/05/2026,136,KRISHNARAYAPURAM,NOTA/Unaligned,5,189357,0.27725407563491183
S22136,KRISHNARAYAPURAM - 136,PARAMESWARAN. M,Independent,376,0,376,0.2,21/21,11:27 PM,04/05/2026,136,KRISHNARAYAPURAM,Independent,6,189357,0.19856672845471782
S22136,KRISHNARAYAPURAM - 136,GOMATHI. M,Bahujan Samaj Party,305,1,306,0.16,21/21,11:27 PM,04/05/2026,136,KRISHNARAYAPURAM,Solo,7,189357,0.1615995183700629
S22136,KRISHNARAYAPURAM - 136,SASIKUMAR. M,Independent,305,1,306,0.16,21/21,11:27 PM,04/05/2026,136,KRISHNARAYAPURAM,Independent,8,189357,0.1615995183700629
S22136,KRISHNARAYAPURAM - 136,MANICKAVEL. R,Independent,266,1,267,0.14,21/21,11:27 PM,04/05/2026,136,KRISHNARAYAPURAM,Independent,9,189357,0.14100350132289802
S22136,KRISHNARAYAPURAM - 136,NAVEENTH. M,Independent,256,1,257,0.14,21/21,11:27 PM,04/05/2026,136,KRISHNARAYAPURAM,Independent,10,189357,0.13572247131080445
S22136,KRISHNARAYAPURAM - 136,BALSAMY. B,Naadaalum Makkal Katchi,227,3,230,0.12,21/21,11:27 PM,04/05/2026,136,KRISHNARAYAPURAM,-,11,189357,0.12146369027815185
S22136,KRISHNARAYAPURAM - 136,PRASANTH. D,Independent,228,0,228,0.12,21/21,11:27 PM,04/05/2026,136,KRISHNARAYAPURAM,Independent,12,189357,0.12040748427573314
S22136,KRISHNARAYAPURAM - 136,SAKTHIVEL. A,Independent,225,1,226,0.12,21/21,11:27 PM,04/05/2026,136,KRISHNARAYAPURAM,Independent,13,189357,0.11935127827331443
S22136,KRISHNARAYAPURAM - 136,SENTHIL. P.M,Independent,209,3,212,0.11,21/21,11:27 PM,04/05/2026,136,KRISHNARAYAPURAM,Independent,14,189357,0.11195783625638345
S22136,KRISHNARAYAPURAM - 136,SELVAKUMAR. S,Independent,204,1,205,0.11,21/21,11:27 PM,04/05/2026,136,KRISHNARAYAPURAM,Independent,15,189357,0.10826111524791796
S22136,KRISHNARAYAPURAM - 136,GANESAN. P,Independent,172,0,172,0.09,21/21,11:27 PM,04/05/2026,136,KRISHNARAYAPURAM,Independent,16,189357,0.09083371620800922
S22136,KRISHNARAYAPURAM - 136,CHELLADURAI. M,Independent,171,0,171,0.09,21/21,11:27 PM,04/05/2026,136,KRISHNARAYAPURAM,Independent,17,189357,0.09030561320679985
S22136,KRISHNARAYAPURAM - 136,SARAVANAN. V,Tamizhaga Vaazhvurimai Katchi,167,0,167,0.09,21/21,11:27 PM,04/05/2026,136,KRISHNARAYAPURAM,-,18,189357,0.08819320120196243
S22136,KRISHNARAYAPURAM - 136,MURUGAN. S,Independent,165,0,165,0.09,21/21,11:27 PM,04/05/2026,136,KRISHNARAYAPURAM,Independent,19,189357,0.08713699519954372
S22136,KRISHNARAYAPURAM - 136,DINESH KUMAR.A,Independent,123,0,123,0.06,21/21,11:27 PM,04/05/2026,136,KRISHNARAYAPURAM,Independent,20,189357,0.06495666914875077
S22136,KRISHNARAYAPURAM - 136,VIMALRAJ. S,Independent,121,0,121,0.06,21/21,11:27 PM,04/05/2026,136,KRISHNARAYAPURAM,Independent,21,189357,0.06390046314633206
S22136,KRISHNARAYAPURAM - 136,SOUNDRAPANDIAN. S,Ganasangam Party of India,116,2,118,0.06,21/21,11:27 PM,04/05/2026,136,KRISHNARAYAPURAM,-,22,189357,0.06231615414270399
S22136,KRISHNARAYAPURAM - 136,DINESH KUMAR. N,Independent,116,0,116,0.06,21/21,11:27 PM,04/05/2026,136,KRISHNARAYAPURAM,Independent,23,189357,0.06125994814028528
S22136,KRISHNARAYAPURAM - 136,MURUGANANDHAM. P.K,Independent,92,0,92,0.05,21/21,11:27 PM,04/05/2026,136,KRISHNARAYAPURAM,Independent,24,189357,0.04858547611126074
S22136,KRISHNARAYAPURAM - 136,RAJAGURU.M,Samaniya Makkal Nala Katchi,79,0,79,0.04,21/21,11:27 PM,04/05/2026,136,KRISHNARAYAPURAM,-,25,189357,0.041720137095539116
S22136,KRISHNARAYAPURAM - 136,BABY. P,Independent,70,1,71,0.04,21/21,11:27 PM,04/05/2026,136,KRISHNARAYAPURAM,Independent,26,189357,0.03749531308586427
S22136,KRISHNARAYAPURAM - 136,INDRAGANDHI. P,Independent,68,0,68,0.04,21/21,11:27 PM,04/05/2026,136,KRISHNARAYAPURAM,Independent,27,189357,0.0359110040822362
S22136,KRISHNARAYAPURAM - 136,MAHAMUNI. A,Independent,63,1,64,0.03,21/21,11:27 PM,04/05/2026,136,KRISHNARAYAPURAM,Independent,28,189357,0.03379859207739878
S22136,KRISHNARAYAPURAM - 136,PORSELVAN. B.S,Independent,45,0,45,0.02,21/21,11:27 PM,04/05/2026,136,KRISHNARAYAPURAM,Independent,29,189357,0.023764635054421016
S22137,KULITHALAI - 137,SURIYANUR. A. CHANDRAN,Dravida Munnetra Kazhagam,67204,934,68138,32.59,21/21,11:27 PM,04/05/2026,137,KULITHALAI,INDIA/SPA,1,209091,32.58772496185871
S22137,KULITHALAI - 137,G.BALASUBRAMANI,Tamilaga Vettri Kazhagam,67162,397,67559,32.31,21/21,11:27 PM,04/05/2026,137,KULITHALAI,Solo,2,209091,32.31081203877737
S22137,KULITHALAI - 137,S.KARUNAKARAN,All India Anna Dravida Munnetra Kazhagam,59791,526,60317,28.85,21/21,11:27 PM,04/05/2026,137,KULITHALAI,NDA,3,209091,28.847248327283335
S22137,KULITHALAI - 137,SELVA.NANMAARAN,Naam Tamilar Katchi,7870,108,7978,3.82,21/21,11:27 PM,04/05/2026,137,KULITHALAI,Solo,4,209091,3.8155635584506267
S22137,KULITHALAI - 137,NOTA,None of the Above,602,10,612,0.29,21/21,11:27 PM,04/05/2026,137,KULITHALAI,NOTA/Unaligned,5,209091,0.2926955249149892
S22137,KULITHALAI - 137,S.SENTHILKUMAR,Independent,606,1,607,0.29,21/21,11:27 PM,04/05/2026,137,KULITHALAI,Independent,6,209091,0.29030422160686015
S22137,KULITHALAI - 137,V.CHINNASAMY,Independent,487,1,488,0.23,21/21,11:27 PM,04/05/2026,137,KULITHALAI,Independent,7,209091,0.23339120287339005
S22137,KULITHALAI - 137,P.SELVAKUMAR,Independent,452,0,452,0.22,21/21,11:27 PM,04/05/2026,137,KULITHALAI,Independent,8,209091,0.21617381905486127
S22137,KULITHALAI - 137,D.SARAVANAN,Independent,380,1,381,0.18,21/21,11:27 PM,04/05/2026,137,KULITHALAI,Independent,9,209091,0.18221731207942954
S22137,KULITHALAI - 137,P.MURUGAN,Ganasangam Party of India,328,2,330,0.16,21/21,11:27 PM,04/05/2026,137,KULITHALAI,-,10,209091,0.15782601833651377
S22137,KULITHALAI - 137,K.SHEIKANWARDEEN,Independent,302,0,302,0.14,21/21,11:27 PM,04/05/2026,137,KULITHALAI,Independent,11,209091,0.14443471981099137
S22137,KULITHALAI - 137,T.SELVARAJ,Independent,217,0,217,0.1,21/21,11:27 PM,04/05/2026,137,KULITHALAI,Independent,12,209091,0.10378256357279844
S22137,KULITHALAI - 137,J.SANTHOSH KUMAR,Independent,206,0,206,0.1,21/21,11:27 PM,04/05/2026,137,KULITHALAI,Independent,13,209091,0.09852169629491465
S22137,KULITHALAI - 137,K.HAKKIM,Independent,182,0,182,0.09,21/21,11:27 PM,04/05/2026,137,KULITHALAI,Independent,14,209091,0.08704344041589547
S22137,KULITHALAI - 137,B.SAMPATHKUMAR,Independent,160,2,162,0.08,21/21,11:27 PM,04/05/2026,137,KULITHALAI,Independent,15,209091,0.07747822718337949
S22137,KULITHALAI - 137,CHANDRASEKAR.P,Independent,132,1,133,0.06,21/21,11:27 PM,04/05/2026,137,KULITHALAI,Independent,16,209091,0.0636086679962313
S22137,KULITHALAI - 137,M.VADIVELAN,Independent,117,0,117,0.06,21/21,11:27 PM,04/05/2026,137,KULITHALAI,Independent,17,209091,0.05595649741021852
S22137,KULITHALAI - 137,M.ARUNKUMAR,Independent,113,0,113,0.05,21/21,11:27 PM,04/05/2026,137,KULITHALAI,Independent,18,209091,0.05404345476371532
S22137,KULITHALAI - 137,O.KATHALINGAM,Independent,95,0,95,0.05,21/21,11:27 PM,04/05/2026,137,KULITHALAI,Independent,19,209091,0.04543476285445093
S22137,KULITHALAI - 137,M.GAYATHIRI,Independent,82,2,84,0.04,21/21,11:27 PM,04/05/2026,137,KULITHALAI,Independent,20,209091,0.04017389557656714
S22137,KULITHALAI - 137,B.KAJAHMOHIDEEN,Independent,79,4,83,0.04,21/21,11:27 PM,04/05/2026,137,KULITHALAI,Independent,21,209091,0.03969563491494134
S22137,KULITHALAI - 137,T.MURUGANANTHAM,Independent,82,0,82,0.04,21/21,11:27 PM,04/05/2026,137,KULITHALAI,Independent,22,209091,0.03921737425331554
S22137,KULITHALAI - 137,K.VEERAMALAI,Independent,79,0,79,0.04,21/21,11:27 PM,04/05/2026,137,KULITHALAI,Independent,23,209091,0.037782592268438144
S22137,KULITHALAI - 137,S.IMRANKHAN,Independent,67,1,68,0.03,21/21,11:27 PM,04/05/2026,137,KULITHALAI,Independent,24,209091,0.03252172499055435
S22137,KULITHALAI - 137,M.TAMILSELVAN,Independent,66,1,67,0.03,21/21,11:27 PM,04/05/2026,137,KULITHALAI,Independent,25,209091,0.03204346432892855
S22137,KULITHALAI - 137,N.RAMAKRISHNAN,Independent,63,0,63,0.03,21/21,11:27 PM,04/05/2026,137,KULITHALAI,Independent,26,209091,0.030130421682425357
S22137,KULITHALAI - 137,R.ARUNKUMAR,Independent,53,0,53,0.03,21/21,11:27 PM,04/05/2026,137,KULITHALAI,Independent,27,209091,0.025347815066167362
S22137,KULITHALAI - 137,M.MAYILVAGANAN,Independent,46,0,46,0.02,21/21,11:27 PM,04/05/2026,137,KULITHALAI,Independent,28,209091,0.021999990434786766
S22137,KULITHALAI - 137,J.MADHAVAN,Independent,41,0,41,0.02,21/21,11:27 PM,04/05/2026,137,KULITHALAI,Independent,29,209091,0.01960868712665777
S22137,KULITHALAI - 137,J.PRADHAP,Independent,35,1,36,0.02,21/21,11:27 PM,04/05/2026,137,KULITHALAI,Independent,30,209091,0.017217383818528775
S22138,MANAPPARAI - 138,R. KATHIRAVAN,Tamilaga Vettri Kazhagam,82268,773,83041,34.43,26/26,11:27 PM,04/05/2026,138,MANAPPARAI,Solo,1,241216,34.42599164234545
S22138,MANAPPARAI - 138,DR. PL. VIJAYAKUMAR,All India Anna Dravida Munnetra Kazhagam,80601,1014,81615,33.83,26/26,11:27 PM,04/05/2026,138,MANAPPARAI,NDA,2,241216,33.834820244096576
S22138,MANAPPARAI - 138,P. ABDUL SAMED,Dravida Munnetra Kazhagam,60142,1213,61355,25.44,26/26,11:27 PM,04/05/2026,138,MANAPPARAI,INDIA/SPA,3,241216,25.435709074024942
S22138,MANAPPARAI - 138,M. ARUNAGIRI,Naam Tamilar Katchi,9911,159,10070,4.17,26/26,11:27 PM,04/05/2026,138,MANAPPARAI,Solo,4,241216,4.174681613159989
S22138,MANAPPARAI - 138,NOTA,None of the Above,936,13,949,0.39,26/26,11:27 PM,04/05/2026,138,MANAPPARAI,NOTA/Unaligned,5,241216,0.3934233218360308
S22138,MANAPPARAI - 138,AROCKIARAJ .A,Samaniya Makkal Nala Katchi,715,6,721,0.3,26/26,11:27 PM,04/05/2026,138,MANAPPARAI,-,6,241216,0.2989022287078801
S22138,MANAPPARAI - 138,P. VIJAYAKUMAR,Independent,595,0,595,0.25,26/26,11:27 PM,04/05/2026,138,MANAPPARAI,Independent,7,241216,0.2466668877686389
S22138,MANAPPARAI - 138,RAJESH .M,Independent,552,2,554,0.23,26/26,11:27 PM,04/05/2026,138,MANAPPARAI,Independent,8,241216,0.22966967365348898
S22138,MANAPPARAI - 138,SARPHUDIN,Independent,332,1,333,0.14,26/26,11:27 PM,04/05/2026,138,MANAPPARAI,Independent,9,241216,0.1380505439108517
S22138,MANAPPARAI - 138,P. MEENA,Puthiya Tamilagam,273,2,275,0.11,26/26,11:27 PM,04/05/2026,138,MANAPPARAI,-,10,241216,0.11400570443088352
S22138,MANAPPARAI - 138,M. KARUPPAN,Independent,273,1,274,0.11,26/26,11:27 PM,04/05/2026,138,MANAPPARAI,Independent,11,241216,0.11359113823295304
S22138,MANAPPARAI - 138,A. SENTHIL KUMAR,Independent,271,1,272,0.11,26/26,11:27 PM,04/05/2026,138,MANAPPARAI,Independent,12,241216,0.11276200583709206
S22138,MANAPPARAI - 138,PERIYAKKA,Independent,236,2,238,0.1,26/26,11:27 PM,04/05/2026,138,MANAPPARAI,Independent,13,241216,0.09866675510745555
S22138,MANAPPARAI - 138,P. CHINNAN,Independent,166,17,183,0.08,26/26,11:27 PM,04/05/2026,138,MANAPPARAI,Independent,14,241216,0.07586561422127885
S22138,MANAPPARAI - 138,KATHIRAVAN .M,Independent,178,2,180,0.07,26/26,11:27 PM,04/05/2026,138,MANAPPARAI,Independent,15,241216,0.07462191562748739
S22138,MANAPPARAI - 138,M. VIJAYA KUMAR,Independent,172,1,173,0.07,26/26,11:27 PM,04/05/2026,138,MANAPPARAI,Independent,16,241216,0.071719952241974
S22138,MANAPPARAI - 138,RAJAVARMAN .R,Tamizhaga Vaazhvurimai Katchi,154,1,155,0.06,26/26,11:27 PM,04/05/2026,138,MANAPPARAI,-,17,241216,0.06425776067922526
S22138,MANAPPARAI - 138,KUTTAIAN,Independent,121,5,126,0.05,26/26,11:27 PM,04/05/2026,138,MANAPPARAI,Independent,18,241216,0.052235340939241176
S22138,MANAPPARAI - 138,A. RAMAN,Independent,106,1,107,0.04,26/26,11:27 PM,04/05/2026,138,MANAPPARAI,Independent,19,241216,0.04435858317856195
S22139,SRIRANGAM - 139,RAMESH,Tamilaga Vettri Kazhagam,102496,739,103235,40.49,28/28,11:30 PM,04/05/2026,139,SRIRANGAM,Solo,1,254985,40.48669529580172
S22139,SRIRANGAM - 139,S. DURAIRAJ,Dravida Munnetra Kazhagam,68723,922,69645,27.31,28/28,11:30 PM,04/05/2026,139,SRIRANGAM,INDIA/SPA,2,254985,27.31337137478675
S22139,SRIRANGAM - 139,R.MANOHARAN,All India Anna Dravida Munnetra Kazhagam,65027,792,65819,25.81,28/28,11:30 PM,04/05/2026,139,SRIRANGAM,NDA,3,254985,25.812890954369866
S22139,SRIRANGAM - 139,DHARMARAJ. M,Naam Tamilar Katchi,10899,127,11026,4.32,28/28,11:30 PM,04/05/2026,139,SRIRANGAM,Solo,4,254985,4.324175931917564
S22139,SRIRANGAM - 139,NOTA,None of the Above,898,31,929,0.36,28/28,11:30 PM,04/05/2026,139,SRIRANGAM,NOTA/Unaligned,5,254985,0.36433515697001784
S22139,SRIRANGAM - 139,VIJAY .A,All India Puratchi Thalaivar Makkal Munnettra Kazhagam,433,5,438,0.17,28/28,11:30 PM,04/05/2026,139,SRIRANGAM,-,6,254985,0.17177481028295782
S22139,SRIRANGAM - 139,MURALI .N,Tamizhaga Vaazhvurimai Katchi,401,4,405,0.16,28/28,11:30 PM,04/05/2026,139,SRIRANGAM,-,7,254985,0.15883287252191305
S22139,SRIRANGAM - 139,RAMESH.R,Independent,403,1,404,0.16,28/28,11:30 PM,04/05/2026,139,SRIRANGAM,Independent,8,254985,0.15844069258976018
S22139,SRIRANGAM - 139,ALLIMUTHU.M,Bahujan Samaj Party,365,6,371,0.15,28/28,11:30 PM,04/05/2026,139,SRIRANGAM,Solo,9,254985,0.1454987548287154
S22139,SRIRANGAM - 139,KRISHNAKUMAR.A,Independent,293,5,298,0.12,28/28,11:30 PM,04/05/2026,139,SRIRANGAM,Independent,10,254985,0.11686961978155577
S22139,SRIRANGAM - 139,SHASHI KIRAN .K .N,Independent,295,3,298,0.12,28/28,11:30 PM,04/05/2026,139,SRIRANGAM,Independent,11,254985,0.11686961978155577
S22139,SRIRANGAM - 139,S. DURAIRAJ,Independent,297,1,298,0.12,28/28,11:30 PM,04/05/2026,139,SRIRANGAM,Independent,12,254985,0.11686961978155577
S22139,SRIRANGAM - 139,KAMARAJ.K,Samaniya Makkal Nala Katchi,290,2,292,0.11,28/28,11:30 PM,04/05/2026,139,SRIRANGAM,-,13,254985,0.11451654018863855
S22139,SRIRANGAM - 139,MUTHUKUMAR.P,Independent,288,1,289,0.11,28/28,11:30 PM,04/05/2026,139,SRIRANGAM,Independent,14,254985,0.11334000039217994
S22139,SRIRANGAM - 139,ANBARASAN.M,Independent,258,3,261,0.1,28/28,11:30 PM,04/05/2026,139,SRIRANGAM,Independent,15,254985,0.10235896229189953
S22139,SRIRANGAM - 139,KARTHICK.S,Independent,218,0,218,0.09,28/28,11:30 PM,04/05/2026,139,SRIRANGAM,Independent,16,254985,0.08549522520932604
S22139,SRIRANGAM - 139,KUMAR. P,Akila Inthiya Makkal Marumalarchi Kazhakam,163,3,166,0.07,28/28,11:30 PM,04/05/2026,139,SRIRANGAM,-,17,254985,0.06510186873737671
S22139,SRIRANGAM - 139,NEWTON.A,Puthiya Tamilagam,159,7,166,0.07,28/28,11:30 PM,04/05/2026,139,SRIRANGAM,-,18,254985,0.06510186873737671
S22139,SRIRANGAM - 139,K. SAKTHIVEL,Anna Puratchi Thalaivar Amma Dravida Munnetra Kazhagam,156,2,158,0.06,28/28,11:30 PM,04/05/2026,139,SRIRANGAM,NDA,19,254985,0.061964429280153735
S22139,SRIRANGAM - 139,RAVICHANDIRAN.N,Independent,98,1,99,0.04,28/28,11:30 PM,04/05/2026,139,SRIRANGAM,Independent,20,254985,0.0388258132831343
S22139,SRIRANGAM - 139,PARAMASIVAM,Independent,84,2,86,0.03,28/28,11:30 PM,04/05/2026,139,SRIRANGAM,Independent,21,254985,0.03372747416514697
S22139,SRIRANGAM - 139,MOHAMED MUSTHAFA. M,Independent,83,1,84,0.03,28/28,11:30 PM,04/05/2026,139,SRIRANGAM,Independent,22,254985,0.03294311430084122
S22140,TIRUCHIRAPPALLI (WEST) - 140,K.N.NEHRU,Dravida Munnetra Kazhagam,86969,1266,88235,44.94,24/24,11:30 PM,04/05/2026,140,TIRUCHIRAPPALLI (WEST),INDIA/SPA,1,196347,44.9382980132113
S22140,TIRUCHIRAPPALLI (WEST) - 140,G.RAMAMOORTHI,Tamilaga Vettri Kazhagam,82817,632,83449,42.5,24/24,11:30 PM,04/05/2026,140,TIRUCHIRAPPALLI (WEST),Solo,2,196347,42.50077668617295
S22140,TIRUCHIRAPPALLI (WEST) - 140,M.RAJASEKARAN,Amma Makkal Munnettra Kazagam,13923,213,14136,7.2,24/24,11:30 PM,04/05/2026,140,TIRUCHIRAPPALLI (WEST),NDA,3,196347,7.1994988464300445
S22140,TIRUCHIRAPPALLI (WEST) - 140,K.BHUVANESWARI,Naam Tamilar Katchi,7384,86,7470,3.8,24/24,11:30 PM,04/05/2026,140,TIRUCHIRAPPALLI (WEST),Solo,4,196347,3.8044889914284403
S22140,TIRUCHIRAPPALLI (WEST) - 140,NOTA,None of the Above,1075,23,1098,0.56,24/24,11:30 PM,04/05/2026,140,TIRUCHIRAPPALLI (WEST),NOTA/Unaligned,5,196347,0.5592140445232165
S22140,TIRUCHIRAPPALLI (WEST) - 140,CHINNAIYAN POOSARI,Bahujan Samaj Party,442,11,453,0.23,24/24,11:30 PM,04/05/2026,140,TIRUCHIRAPPALLI (WEST),Solo,6,196347,0.23071399104646365
S22140,TIRUCHIRAPPALLI (WEST) - 140,JEEVANANTHAM.M,Independent,323,0,323,0.16,24/24,11:30 PM,04/05/2026,140,TIRUCHIRAPPALLI (WEST),Independent,7,196347,0.164504677942622
S22140,TIRUCHIRAPPALLI (WEST) - 140,R.PRABU,Tamizhaga Vaazhvurimai Katchi,302,8,310,0.16,24/24,11:30 PM,04/05/2026,140,TIRUCHIRAPPALLI (WEST),-,8,196347,0.15788374663223784
S22140,TIRUCHIRAPPALLI (WEST) - 140,A.VASUDEVAN,Independent,155,3,158,0.08,24/24,11:30 PM,04/05/2026,140,TIRUCHIRAPPALLI (WEST),Independent,9,196347,0.08046978054159218
S22140,TIRUCHIRAPPALLI (WEST) - 140,SAMPATH,Independent,148,4,152,0.08,24/24,11:30 PM,04/05/2026,140,TIRUCHIRAPPALLI (WEST),Independent,10,196347,0.07741396609064564
S22140,TIRUCHIRAPPALLI (WEST) - 140,A.VEERAMANI,Samaniya Makkal Nala Katchi,138,2,140,0.07,24/24,11:30 PM,04/05/2026,140,TIRUCHIRAPPALLI (WEST),-,11,196347,0.07130233718875256
S22140,TIRUCHIRAPPALLI (WEST) - 140,SUNDARAPANDIYARAJA,Independent,116,6,122,0.06,24/24,11:30 PM,04/05/2026,140,TIRUCHIRAPPALLI (WEST),Independent,12,196347,0.06213489383591295
S22140,TIRUCHIRAPPALLI (WEST) - 140,P.RAJENDRAN,Independent,116,1,117,0.06,24/24,11:30 PM,04/05/2026,140,TIRUCHIRAPPALLI (WEST),Independent,13,196347,0.059588381793457504
S22140,TIRUCHIRAPPALLI (WEST) - 140,M.KALAIMANI,Independent,107,1,108,0.06,24/24,11:30 PM,04/05/2026,140,TIRUCHIRAPPALLI (WEST),Independent,14,196347,0.055004660117037696
S22140,TIRUCHIRAPPALLI (WEST) - 140,M.CHANDRASEKARAN,Independent,74,2,76,0.04,24/24,11:30 PM,04/05/2026,140,TIRUCHIRAPPALLI (WEST),Independent,15,196347,0.03870698304532282
S22141,TIRUCHIRAPPALLI (EAST) - 141,C. JOSEPH VIJAY,Tamilaga Vettri Kazhagam,90431,950,91381,50.07,28/28,11:30 PM,04/05/2026,141,TIRUCHIRAPPALLI (EAST),Solo,1,182493,50.07370145704219
S22141,TIRUCHIRAPPALLI (EAST) - 141,S. INIGO IRUDAYARAJ,Dravida Munnetra Kazhagam,62859,1106,63965,35.05,28/28,11:30 PM,04/05/2026,141,TIRUCHIRAPPALLI (EAST),INDIA/SPA,2,182493,35.05065947734982
S22141,TIRUCHIRAPPALLI (EAST) - 141,G. RAJASEKARAN,All India Anna Dravida Munnetra Kazhagam,19437,278,19715,10.8,28/28,11:30 PM,04/05/2026,141,TIRUCHIRAPPALLI (EAST),NDA,3,182493,10.803154093581671
S22141,TIRUCHIRAPPALLI (EAST) - 141,DR.KRISHNASAMY .V,Naam Tamilar Katchi,4725,65,4790,2.62,28/28,11:30 PM,04/05/2026,141,TIRUCHIRAPPALLI (EAST),Solo,4,182493,2.6247582099039417
S22141,TIRUCHIRAPPALLI (EAST) - 141,NOTA,None of the Above,498,16,514,0.28,28/28,11:30 PM,04/05/2026,141,TIRUCHIRAPPALLI (EAST),NOTA/Unaligned,5,182493,0.28165463880806385
S22141,TIRUCHIRAPPALLI (EAST) - 141,P. CHARLES SAGAYARAJ,Independent,390,0,390,0.21,28/28,11:30 PM,04/05/2026,141,TIRUCHIRAPPALLI (EAST),Independent,6,182493,0.21370682711117686
S22141,TIRUCHIRAPPALLI (EAST) - 141,VIJAIA MOHANAAJI .MA,Vidial Valarchi Perani,234,1,235,0.13,28/28,11:30 PM,04/05/2026,141,TIRUCHIRAPPALLI (EAST),-,7,182493,0.12877206249006812
S22141,TIRUCHIRAPPALLI (EAST) - 141,R. ELANGOVAN,Bahujan Samaj Party,227,7,234,0.13,28/28,11:30 PM,04/05/2026,141,TIRUCHIRAPPALLI (EAST),Solo,8,182493,0.1282240962667061
S22141,TIRUCHIRAPPALLI (EAST) - 141,ROYAL RAJA,Tamizhaga Vaazhvurimai Katchi,165,2,167,0.09,28/28,11:30 PM,04/05/2026,141,TIRUCHIRAPPALLI (EAST),-,9,182493,0.09151035930145265
S22141,TIRUCHIRAPPALLI (EAST) - 141,VIJAY .K,All India Jananayaka Makkal Kazhagam,138,3,141,0.08,28/28,11:30 PM,04/05/2026,141,TIRUCHIRAPPALLI (EAST),-,10,182493,0.07726323749404086
S22141,TIRUCHIRAPPALLI (EAST) - 141,KANNAN .S,Independent,137,1,138,0.08,28/28,11:30 PM,04/05/2026,141,TIRUCHIRAPPALLI (EAST),Independent,11,182493,0.07561933882395488
S22141,TIRUCHIRAPPALLI (EAST) - 141,C. NANDA KUMAR,All India Puratchi Thalaivar Makkal Munnettra Kazhagam,127,5,132,0.07,28/28,11:30 PM,04/05/2026,141,TIRUCHIRAPPALLI (EAST),-,12,182493,0.07233154148378294
S22141,TIRUCHIRAPPALLI (EAST) - 141,G. SEBASTIAN ANAND,Independent,124,0,124,0.07,28/28,11:30 PM,04/05/2026,141,TIRUCHIRAPPALLI (EAST),Independent,13,182493,0.067947811696887
S22141,TIRUCHIRAPPALLI (EAST) - 141,S. PANNEER SELVAM,Independent,109,0,109,0.06,28/28,11:30 PM,04/05/2026,141,TIRUCHIRAPPALLI (EAST),Independent,14,182493,0.05972831834645712
S22141,TIRUCHIRAPPALLI (EAST) - 141,ANAND SELVARAJ,National Maha Sabha Party,105,0,105,0.06,28/28,11:30 PM,04/05/2026,141,TIRUCHIRAPPALLI (EAST),-,15,182493,0.05753645345300916
S22141,TIRUCHIRAPPALLI (EAST) - 141,SUKUMAR .S,Thamizhaka Padaippalar Makkal Katchi,99,2,101,0.06,28/28,11:30 PM,04/05/2026,141,TIRUCHIRAPPALLI (EAST),-,16,182493,0.05534458855956119
S22141,TIRUCHIRAPPALLI (EAST) - 141,T. GANGAI ULAGANATHAN,Independent,78,1,79,0.04,28/28,11:30 PM,04/05/2026,141,TIRUCHIRAPPALLI (EAST),Independent,17,182493,0.04328933164559737
S22141,TIRUCHIRAPPALLI (EAST) - 141,N. GOBINATH,Puthiya Tamilagam,61,2,63,0.03,28/28,11:30 PM,04/05/2026,141,TIRUCHIRAPPALLI (EAST),-,18,182493,0.034521872071805494
S22141,TIRUCHIRAPPALLI (EAST) - 141,P. RAJENDRAN,Independent,48,0,48,0.03,28/28,11:30 PM,04/05/2026,141,TIRUCHIRAPPALLI (EAST),Independent,19,182493,0.026302378721375613
S22141,TIRUCHIRAPPALLI (EAST) - 141,R. MUTHUKUMAR,Samaniya Makkal Nala Katchi,30,1,31,0.02,28/28,11:30 PM,04/05/2026,141,TIRUCHIRAPPALLI (EAST),-,20,182493,0.01698695292422175
S22141,TIRUCHIRAPPALLI (EAST) - 141,J. ROBERT CHRISTY,Independent,29,2,31,0.02,28/28,11:30 PM,04/05/2026,141,TIRUCHIRAPPALLI (EAST),Independent,21,182493,0.01698695292422175
S22142,THIRUVERUMBUR - 142,VIJAYAKUMAR (A) NAVALPATTU S. VIJI,Tamilaga Vettri Kazhagam,88886,951,89837,42.06,24/24,11:30 PM,04/05/2026,142,THIRUVERUMBUR,Solo,1,213583,42.06186821984896
S22142,THIRUVERUMBUR - 142,ANBIL MAHESH POYYAMOZHI,Dravida Munnetra Kazhagam,79778,1354,81132,37.99,24/24,11:30 PM,04/05/2026,142,THIRUVERUMBUR,INDIA/SPA,2,213583,37.986169311227954
S22142,THIRUVERUMBUR - 142,KUMAR. P,All India Anna Dravida Munnetra Kazhagam,29122,351,29473,13.8,24/24,11:30 PM,04/05/2026,142,THIRUVERUMBUR,NDA,3,213583,13.799319234208715
S22142,THIRUVERUMBUR - 142,RAJESSH. T,Naam Tamilar Katchi,9196,115,9311,4.36,24/24,11:30 PM,04/05/2026,142,THIRUVERUMBUR,Solo,4,213583,4.359429355332587
S22142,THIRUVERUMBUR - 142,NOTA,None of the Above,721,24,745,0.35,24/24,11:30 PM,04/05/2026,142,THIRUVERUMBUR,NOTA/Unaligned,5,213583,0.34881053267348056
S22142,THIRUVERUMBUR - 142,MURUGANANTHAM. G,Independent,441,0,441,0.21,24/24,11:30 PM,04/05/2026,142,THIRUVERUMBUR,Independent,6,213583,0.2064771072604093
S22142,THIRUVERUMBUR - 142,POULOSH. D,Independent,284,7,291,0.14,24/24,11:30 PM,04/05/2026,142,THIRUVERUMBUR,Independent,7,213583,0.13624679866843334
S22142,THIRUVERUMBUR - 142,RANJITH. S,Tamizhaga Vaazhvurimai Katchi,251,2,253,0.12,24/24,11:30 PM,04/05/2026,142,THIRUVERUMBUR,-,8,213583,0.11845512049179945
S22142,THIRUVERUMBUR - 142,PITCHAIMUTHU. A,Puthiya Tamilagam,226,11,237,0.11,24/24,11:30 PM,04/05/2026,142,THIRUVERUMBUR,-,9,213583,0.11096388757532201
S22142,THIRUVERUMBUR - 142,DR. MOHANA CHELVAN. P,Independent,202,1,203,0.1,24/24,11:30 PM,04/05/2026,142,THIRUVERUMBUR,Independent,10,213583,0.09504501762780745
S22142,THIRUVERUMBUR - 142,VISITHRA. S,Bahujan Samaj Party,191,3,194,0.09,24/24,11:30 PM,04/05/2026,142,THIRUVERUMBUR,Solo,11,213583,0.0908311991122889
S22142,THIRUVERUMBUR - 142,SHAJAGAN. A,Independent,182,0,182,0.09,24/24,11:30 PM,04/05/2026,142,THIRUVERUMBUR,Independent,12,213583,0.08521277442493082
S22142,THIRUVERUMBUR - 142,KUMARAVEL. T,Thamizhaka Padaippalar Makkal Katchi,176,2,178,0.08,24/24,11:30 PM,04/05/2026,142,THIRUVERUMBUR,-,13,213583,0.08333996619581147
S22142,THIRUVERUMBUR - 142,VETRIVEL KANNA. P,Independent,169,4,173,0.08,24/24,11:30 PM,04/05/2026,142,THIRUVERUMBUR,Independent,14,213583,0.08099895590941227
S22142,THIRUVERUMBUR - 142,JAYACHANDRAN. P,Independent,133,0,133,0.06,24/24,11:30 PM,04/05/2026,142,THIRUVERUMBUR,Independent,15,213583,0.062270873618218675
S22142,THIRUVERUMBUR - 142,JOSEPH. L,Samaniya Makkal Nala Katchi,114,0,114,0.05,24/24,11:30 PM,04/05/2026,142,THIRUVERUMBUR,-,16,213583,0.05337503452990172
S22142,THIRUVERUMBUR - 142,DEEPAK. P,Independent,108,6,114,0.05,24/24,11:30 PM,04/05/2026,142,THIRUVERUMBUR,Independent,17,213583,0.05337503452990172
S22142,THIRUVERUMBUR - 142,CHARLES. S,Independent,100,1,101,0.05,24/24,11:30 PM,04/05/2026,142,THIRUVERUMBUR,Independent,18,213583,0.04728840778526381
S22142,THIRUVERUMBUR - 142,SUBBULAKSHMI. R,Independent,91,1,92,0.04,24/24,11:30 PM,04/05/2026,142,THIRUVERUMBUR,Independent,19,213583,0.04307458926974525
S22142,THIRUVERUMBUR - 142,YESURAJ. I,Independent,63,1,64,0.03,24/24,11:30 PM,04/05/2026,142,THIRUVERUMBUR,Independent,20,213583,0.02996493166590974
S22142,THIRUVERUMBUR - 142,VIJAYAKUMAR. N,Independent,51,3,54,0.03,24/24,11:30 PM,04/05/2026,142,THIRUVERUMBUR,Independent,21,213583,0.025282911093111343
S22142,THIRUVERUMBUR - 142,KUMAR. P,Independent,47,1,48,0.02,24/24,11:30 PM,04/05/2026,142,THIRUVERUMBUR,Independent,22,213583,0.022473698749432305
S22142,THIRUVERUMBUR - 142,VIJAYAKUMAR. C,Independent,47,1,48,0.02,24/24,11:30 PM,04/05/2026,142,THIRUVERUMBUR,Independent,23,213583,0.022473698749432305
S22142,THIRUVERUMBUR - 142,RAMACHANDRAN. V,Independent,46,1,47,0.02,24/24,11:30 PM,04/05/2026,142,THIRUVERUMBUR,Independent,24,213583,0.022005496692152467
S22142,THIRUVERUMBUR - 142,HABEEB RAHAMAN. H,Independent,44,0,44,0.02,24/24,11:30 PM,04/05/2026,142,THIRUVERUMBUR,Independent,25,213583,0.020600890520312946
S22142,THIRUVERUMBUR - 142,KUMAR. K,Independent,40,0,40,0.02,24/24,11:30 PM,04/05/2026,142,THIRUVERUMBUR,Independent,26,213583,0.018728082291193587
S22142,THIRUVERUMBUR - 142,VINCENTRAJ. A,Independent,34,0,34,0.02,24/24,11:30 PM,04/05/2026,142,THIRUVERUMBUR,Independent,27,213583,0.015918869947514548
S22143,LALGUDI - 143,LEEMAROSE MARTIN,All India Anna Dravida Munnetra Kazhagam,60329,466,60795,32.82,21/21,11:27 PM,04/05/2026,143,LALGUDI,NDA,1,185213,32.824369779659094
S22143,LALGUDI - 143,KU PA KRISHNAN,Tamilaga Vettri Kazhagam,57595,461,58056,31.35,21/21,11:27 PM,04/05/2026,143,LALGUDI,Solo,2,185213,31.345531901108455
S22143,LALGUDI - 143,T. PARIVALLAL,Dravida Munnetra Kazhagam,54796,769,55565,30.0,21/21,11:27 PM,04/05/2026,143,LALGUDI,INDIA/SPA,3,185213,30.0005939107946
S22143,LALGUDI - 143,N. MADHAN,Naam Tamilar Katchi,6907,85,6992,3.78,21/21,11:27 PM,04/05/2026,143,LALGUDI,Solo,4,185213,3.7751129780307
S22143,LALGUDI - 143,R. DINESHKUMAR,Independent,401,2,403,0.22,21/21,11:27 PM,04/05/2026,143,LALGUDI,Independent,5,185213,0.2175873183847786
S22143,LALGUDI - 143,K. IMMACULATE MARY,Samaniya Makkal Nala Katchi,398,1,399,0.22,21/21,11:27 PM,04/05/2026,143,LALGUDI,-,6,185213,0.21542764276805623
S22143,LALGUDI - 143,NOTA,None of the Above,384,6,390,0.21,21/21,11:27 PM,04/05/2026,143,LALGUDI,NOTA/Unaligned,7,185213,0.2105683726304309
S22143,LALGUDI - 143,PRATHEEBA,Bahujan Samaj Party,346,2,348,0.19,21/21,11:27 PM,04/05/2026,143,LALGUDI,Solo,8,185213,0.18789177865484605
S22143,LALGUDI - 143,R. PONSILAMBU,Independent,335,5,340,0.18,21/21,11:27 PM,04/05/2026,143,LALGUDI,Independent,9,185213,0.1835724274214013
S22143,LALGUDI - 143,DHANAMOORTHY .R,Independent,219,1,220,0.12,21/21,11:27 PM,04/05/2026,143,LALGUDI,Independent,10,185213,0.11878215891973026
S22143,LALGUDI - 143,JOSEPHIN,All India Puratchi Thalaivar Makkal Munnettra Kazhagam,190,2,192,0.1,21/21,11:27 PM,04/05/2026,143,LALGUDI,-,11,185213,0.10366442960267368
S22143,LALGUDI - 143,E. YESUDOSS,Tamilaga Makkal Nala Katchi,182,1,183,0.1,21/21,11:27 PM,04/05/2026,143,LALGUDI,-,12,185213,0.09880515946504835
S22143,LALGUDI - 143,V. MUTHUSAMY,Independent,170,0,170,0.09,21/21,11:27 PM,04/05/2026,143,LALGUDI,Independent,13,185213,0.09178621371070066
S22143,LALGUDI - 143,JINNAH JAKEER HUSSAIN,Independent,138,1,139,0.08,21/21,11:27 PM,04/05/2026,143,LALGUDI,Independent,14,185213,0.0750487276811023
S22143,LALGUDI - 143,P. SARAVANAN,Tamizhaga Vaazhvurimai Katchi,135,0,135,0.07,21/21,11:27 PM,04/05/2026,143,LALGUDI,-,15,185213,0.07288905206437993
S22143,LALGUDI - 143,P. ELANCHEZHIYAN,Puthiya Tamilagam,130,1,131,0.07,21/21,11:27 PM,04/05/2026,143,LALGUDI,-,16,185213,0.07072937644765756
S22143,LALGUDI - 143,K. SENTHILKUMAR,Independent,129,1,130,0.07,21/21,11:27 PM,04/05/2026,143,LALGUDI,Independent,17,185213,0.07018945754347697
S22143,LALGUDI - 143,M. RAMESHKUMAR,Independent,119,1,120,0.06,21/21,11:27 PM,04/05/2026,143,LALGUDI,Independent,18,185213,0.06479026850167105
S22143,LALGUDI - 143,MANSOOR ALIKHAN,Independent,98,3,101,0.05,21/21,11:27 PM,04/05/2026,143,LALGUDI,Independent,19,185213,0.0545318093222398
S22143,LALGUDI - 143,K. DHARMARAJ,Independent,85,1,86,0.05,21/21,11:27 PM,04/05/2026,143,LALGUDI,Independent,20,185213,0.04643302575953092
S22143,LALGUDI - 143,A. JEGAN SALAMONDOSS,Independent,72,0,72,0.04,21/21,11:27 PM,04/05/2026,143,LALGUDI,Independent,21,185213,0.03887416110100263
S22143,LALGUDI - 143,A. AMALAN SAVARIMUTHU,Independent,67,1,68,0.04,21/21,11:27 PM,04/05/2026,143,LALGUDI,Independent,22,185213,0.03671448548428026
S22143,LALGUDI - 143,M. KRISHNAN,Independent,66,0,66,0.04,21/21,11:27 PM,04/05/2026,143,LALGUDI,Independent,23,185213,0.035634647675919076
S22143,LALGUDI - 143,MOHAMED ABUBAKKAR SIDDIQ,Independent,60,0,60,0.03,21/21,11:27 PM,04/05/2026,143,LALGUDI,Independent,24,185213,0.032395134250835525
S22143,LALGUDI - 143,R. TAMILARASAN,Independent,49,3,52,0.03,21/21,11:27 PM,04/05/2026,143,LALGUDI,Independent,25,185213,0.028075783017390787
S22144,MANACHANALLUR - 144,KATHIRAVAN. S,Dravida Munnetra Kazhagam,80054,1393,81447,38.82,22/22,11:27 PM,04/05/2026,144,MANACHANALLUR,INDIA/SPA,1,209780,38.824959481361425
S22144,MANACHANALLUR - 144,V.SARAVANAN,Tamilaga Vettri Kazhagam,68550,533,69083,32.93,22/22,11:27 PM,04/05/2026,144,MANACHANALLUR,Solo,2,209780,32.93116598341119
S22144,MANACHANALLUR - 144,R.V. BHARATHAN,All India Anna Dravida Munnetra Kazhagam,45686,380,46066,21.96,22/22,11:27 PM,04/05/2026,144,MANACHANALLUR,NDA,3,209780,21.959195347506913
S22144,MANACHANALLUR - 144,THENMOZHI. R,Naam Tamilar Katchi,9187,102,9289,4.43,22/22,11:27 PM,04/05/2026,144,MANACHANALLUR,Solo,4,209780,4.427972161311851
S22144,MANACHANALLUR - 144,NOTA,None of the Above,591,8,599,0.29,22/22,11:27 PM,04/05/2026,144,MANACHANALLUR,NOTA/Unaligned,5,209780,0.2855372294785013
S22144,MANACHANALLUR - 144,RAMESH KUMAR. G,Independent,498,0,498,0.24,22/22,11:27 PM,04/05/2026,144,MANACHANALLUR,Independent,6,209780,0.23739155305558204
S22144,MANACHANALLUR - 144,NAGARAJAN. V,Independent,456,0,456,0.22,22/22,11:27 PM,04/05/2026,144,MANACHANALLUR,Independent,7,209780,0.2173705787014968
S22144,MANACHANALLUR - 144,BALAKRISHNAN (A) AMOOR BALU,Bahujan Samaj Party,382,2,384,0.18,22/22,11:27 PM,04/05/2026,144,MANACHANALLUR,Solo,8,209780,0.18304890838020785
S22144,MANACHANALLUR - 144,RADHAKRISHNAN. S,Independent,340,1,341,0.16,22/22,11:27 PM,04/05/2026,144,MANACHANALLUR,Independent,9,209780,0.16255124416054914
S22144,MANACHANALLUR - 144,RAMPRASAD. N,Independent,230,0,230,0.11,22/22,11:27 PM,04/05/2026,144,MANACHANALLUR,Independent,10,209780,0.10963866908189532
S22144,MANACHANALLUR - 144,BALU. M,Puthiya Tamilagam,183,3,186,0.09,22/22,11:27 PM,04/05/2026,144,MANACHANALLUR,-,11,209780,0.08866431499666318
S22144,MANACHANALLUR - 144,RAJU. V,Independent,153,0,153,0.07,22/22,11:27 PM,04/05/2026,144,MANACHANALLUR,Independent,12,209780,0.07293354943273905
S22144,MANACHANALLUR - 144,K. SENTHILKUMAR,Samaniya Makkal Nala Katchi,140,0,140,0.07,22/22,11:27 PM,04/05/2026,144,MANACHANALLUR,-,13,209780,0.06673658118028411
S22144,MANACHANALLUR - 144,KARTHIKEYAN. P,Independent,131,1,132,0.06,22/22,11:27 PM,04/05/2026,144,MANACHANALLUR,Independent,14,209780,0.06292306225569644
S22144,MANACHANALLUR - 144,SARAVANAKUMAR. S,Independent,130,0,130,0.06,22/22,11:27 PM,04/05/2026,144,MANACHANALLUR,Independent,15,209780,0.06196968252454953
S22144,MANACHANALLUR - 144,RAJASEHAR. R,Independent,117,0,117,0.06,22/22,11:27 PM,04/05/2026,144,MANACHANALLUR,Independent,16,209780,0.05577271427209458
S22144,MANACHANALLUR - 144,SHANMUGAM. V.T,Independent,113,0,113,0.05,22/22,11:27 PM,04/05/2026,144,MANACHANALLUR,Independent,17,209780,0.05386595480980074
S22144,MANACHANALLUR - 144,DIVESH. S,Independent,102,1,103,0.05,22/22,11:27 PM,04/05/2026,144,MANACHANALLUR,Independent,18,209780,0.049099056154066165
S22144,MANACHANALLUR - 144,SATHEESKUMAR. K,Independent,76,4,80,0.04,22/22,11:27 PM,04/05/2026,144,MANACHANALLUR,Independent,19,209780,0.03813518924587663
S22144,MANACHANALLUR - 144,REVATHI. S,Akila Inthiya Makkal Marumalarchi Kazhakam,74,1,75,0.04,22/22,11:27 PM,04/05/2026,144,MANACHANALLUR,-,20,209780,0.03575173991800934
S22144,MANACHANALLUR - 144,VEERAIYA. C,Tamizhaga Vaazhvurimai Katchi,62,0,62,0.03,22/22,11:27 PM,04/05/2026,144,MANACHANALLUR,-,21,209780,0.02955477166555439
S22144,MANACHANALLUR - 144,JAYARAMAN. M,Independent,52,0,52,0.02,22/22,11:27 PM,04/05/2026,144,MANACHANALLUR,Independent,22,209780,0.02478787300981981
S22144,MANACHANALLUR - 144,GOPALAKRISHNAN. V,Independent,44,0,44,0.02,22/22,11:27 PM,04/05/2026,144,MANACHANALLUR,Independent,23,209780,0.02097435408523215
S22145,MUSIRI - 145,M.VIGNESH,Tamilaga Vettri Kazhagam,70317,964,71281,37.69,21/21,11:27 PM,04/05/2026,145,MUSIRI,Solo,1,189141,37.6866993407035
S22145,MUSIRI - 145,N.S.KARUNAIRAAJA,Dravida Munnetra Kazhagam,52345,1494,53839,28.47,21/21,11:27 PM,04/05/2026,145,MUSIRI,INDIA/SPA,2,189141,28.4650075869325
S22145,MUSIRI - 145,N.YOGANATHAN,All India Anna Dravida Munnetra Kazhagam,51149,912,52061,27.52,21/21,11:27 PM,04/05/2026,145,MUSIRI,NDA,3,189141,27.52496814545762
S22145,MUSIRI - 145,G. BAKIYALAKSHMI,Naam Tamilar Katchi,8184,173,8357,4.42,21/21,11:27 PM,04/05/2026,145,MUSIRI,Solo,4,189141,4.418396857370956
S22145,MUSIRI - 145,NOTA,None of the Above,1060,33,1093,0.58,21/21,11:27 PM,04/05/2026,145,MUSIRI,NOTA/Unaligned,5,189141,0.5778757646411936
S22145,MUSIRI - 145,M.CHINNAIYAN,Puthiya Tamilagam,668,9,677,0.36,21/21,11:27 PM,04/05/2026,145,MUSIRI,-,6,189141,0.35793402805314556
S22145,MUSIRI - 145,P.LOGANATHAN M.SC.M.PHIL.,Independent,483,4,487,0.26,21/21,11:27 PM,04/05/2026,145,MUSIRI,Independent,7,189141,0.25747986951533514
S22145,MUSIRI - 145,SENTHILKUMAR,Independent,305,3,308,0.16,21/21,11:27 PM,04/05/2026,145,MUSIRI,Independent,8,189141,0.16284147805076635
S22145,MUSIRI - 145,MALARMANNAN.M,Samaniya Makkal Nala Katchi,275,6,281,0.15,21/21,11:27 PM,04/05/2026,145,MUSIRI,-,9,189141,0.14856641341644594
S22145,MUSIRI - 145,C.PALANISAMY,Tamizhaga Vaazhvurimai Katchi,259,6,265,0.14,21/21,11:27 PM,04/05/2026,145,MUSIRI,-,10,189141,0.14010711585536717
S22145,MUSIRI - 145,K.DHIVYA,Rashtriya Samaj Dal (R),248,5,253,0.13,21/21,11:27 PM,04/05/2026,145,MUSIRI,-,11,189141,0.1337626426845581
S22145,MUSIRI - 145,S.VENKATESHWARAN,Anti Corruption Dynamic Party,239,0,239,0.13,21/21,11:27 PM,04/05/2026,145,MUSIRI,-,12,189141,0.12636075731861415
S22146,THURAIYUR - 146,RAVISANKAR.M,Tamilaga Vettri Kazhagam,65711,552,66263,35.93,23/23,11:30 PM,04/05/2026,146,THURAIYUR,Solo,1,184426,35.92931582314858
S22146,THURAIYUR - 146,E.SAROJA,All India Anna Dravida Munnetra Kazhagam,56069,580,56649,30.72,23/23,11:30 PM,04/05/2026,146,THURAIYUR,NDA,2,184426,30.7163848915012
S22146,THURAIYUR - 146,M.LENIN PRASATH,Indian National Congress,48396,826,49222,26.69,23/23,11:30 PM,04/05/2026,146,THURAIYUR,INDIA/SPA,3,184426,26.689295435567654
S22146,THURAIYUR - 146,S KOWSALYA,Naam Tamilar Katchi,8305,131,8436,4.57,23/23,11:30 PM,04/05/2026,146,THURAIYUR,Solo,4,184426,4.574192358994936
S22146,THURAIYUR - 146,NOTA,None of the Above,686,11,697,0.38,23/23,11:30 PM,04/05/2026,146,THURAIYUR,NOTA/Unaligned,5,184426,0.37792935920098036
S22146,THURAIYUR - 146,P.SRINIVASAN,Bahujan Samaj Party,582,6,588,0.32,23/23,11:30 PM,04/05/2026,146,THURAIYUR,Solo,6,184426,0.3188270634292345
S22146,THURAIYUR - 146,GNANAVETTIYAN SIVAPERUMAL .K,Tamizhaga Vaazhvurimai Katchi,512,1,513,0.28,23/23,11:30 PM,04/05/2026,146,THURAIYUR,-,7,184426,0.27816034615509744
S22146,THURAIYUR - 146,M. RAVICHANDRAN,Independent,387,4,391,0.21,23/23,11:30 PM,04/05/2026,146,THURAIYUR,Independent,8,184426,0.21200915272250118
S22146,THURAIYUR - 146,K.SELVAM,Independent,350,6,356,0.19,23/23,11:30 PM,04/05/2026,146,THURAIYUR,Independent,9,184426,0.1930313513279039
S22146,THURAIYUR - 146,G. DHINESHKUMAR,Independent,323,3,326,0.18,23/23,11:30 PM,04/05/2026,146,THURAIYUR,Independent,10,184426,0.17676466441824906
S22146,THURAIYUR - 146,T. RAJAMANICKAM,Puthiya Tamilagam,236,0,236,0.13,23/23,11:30 PM,04/05/2026,146,THURAIYUR,-,11,184426,0.12796460368928458
S22146,THURAIYUR - 146,N. MUTHAZHAGU,Independent,213,0,213,0.12,23/23,11:30 PM,04/05/2026,146,THURAIYUR,Independent,12,184426,0.11549347705854923
S22146,THURAIYUR - 146,SELVAM .G,Independent,193,0,193,0.1,23/23,11:30 PM,04/05/2026,146,THURAIYUR,Independent,13,184426,0.10464901911877934
S22146,THURAIYUR - 146,P.SAROJA,Independent,140,1,141,0.08,23/23,11:30 PM,04/05/2026,146,THURAIYUR,Independent,14,184426,0.07645342847537766
S22146,THURAIYUR - 146,K.SAROJA,Independent,106,1,107,0.06,23/23,11:30 PM,04/05/2026,146,THURAIYUR,Independent,15,184426,0.05801784997776886
S22146,THURAIYUR - 146,E.SAROJA,Independent,95,0,95,0.05,23/23,11:30 PM,04/05/2026,146,THURAIYUR,Independent,16,184426,0.05151117521390693
S22147,PERAMBALUR - 147,SIVAKUMAR. K,Tamilaga Vettri Kazhagam,89776,1106,90882,35.83,28/28,11:30 PM,04/05/2026,147,PERAMBALUR,Solo,1,253654,35.829121559289426
S22147,PERAMBALUR - 147,DR. JAYALAKSHMI. S.T,Dravida Munnetra Kazhagam,74447,2042,76489,30.15,28/28,11:30 PM,04/05/2026,147,PERAMBALUR,INDIA/SPA,2,253654,30.15485661570486
S22147,PERAMBALUR - 147,THAMIZHSELVAN. R,All India Anna Dravida Munnetra Kazhagam,72040,676,72716,28.67,28/28,11:30 PM,04/05/2026,147,PERAMBALUR,NDA,3,253654,28.667397320759775
S22147,PERAMBALUR - 147,SUGANYA. J,Naam Tamilar Katchi,9312,162,9474,3.74,28/28,11:30 PM,04/05/2026,147,PERAMBALUR,Solo,4,253654,3.7350091068936426
S22147,PERAMBALUR - 147,NOTA,None of the Above,1132,28,1160,0.46,28/28,11:30 PM,04/05/2026,147,PERAMBALUR,NOTA/Unaligned,5,253654,0.45731587122615847
S22147,PERAMBALUR - 147,ARIVAZHAGAN. D,Bahujan Samaj Party,674,4,678,0.27,28/28,11:30 PM,04/05/2026,147,PERAMBALUR,Solo,6,253654,0.2672932419752892
S22147,PERAMBALUR - 147,SUBRAMANIAN. R,Independent,593,2,595,0.23,28/28,11:30 PM,04/05/2026,147,PERAMBALUR,Independent,7,253654,0.2345715029134175
S22147,PERAMBALUR - 147,SHIYAMALA. M,Independent,421,0,421,0.17,28/28,11:30 PM,04/05/2026,147,PERAMBALUR,Independent,8,253654,0.16597412222949373
S22147,PERAMBALUR - 147,DHAMODHARAN. S,Tamizhaga Vaazhvurimai Katchi,358,2,360,0.14,28/28,11:30 PM,04/05/2026,147,PERAMBALUR,-,9,253654,0.14192561520811814
S22147,PERAMBALUR - 147,CHANDRAKUMAR. P,Independent,339,0,339,0.13,28/28,11:30 PM,04/05/2026,147,PERAMBALUR,Independent,10,253654,0.1336466209876446
S22147,PERAMBALUR - 147,JAYACHANDRAN. B,Independent,304,1,305,0.12,28/28,11:30 PM,04/05/2026,147,PERAMBALUR,Independent,11,253654,0.12024253510687788
S22147,PERAMBALUR - 147,ANANDAJOTHI PARAMASIVAM,Independent,232,3,235,0.09,28/28,11:30 PM,04/05/2026,147,PERAMBALUR,Independent,12,253654,0.09264588770529934
S22148,KUNNAM - 148,SIVASANKAR. S.S,Dravida Munnetra Kazhagam,85785,1452,87237,37.84,25/25,11:27 PM,04/05/2026,148,KUNNAM,INDIA/SPA,1,230570,37.83536453137876
S22148,KUNNAM - 148,SARANYA. A,All India Anna Dravida Munnetra Kazhagam,70712,968,71680,31.09,25/25,11:27 PM,04/05/2026,148,KUNNAM,NDA,2,230570,31.088172789174653
S22148,KUNNAM - 148,REVATHI MUTHAMILSELVAN,Tamilaga Vettri Kazhagam,58685,485,59170,25.66,25/25,11:27 PM,04/05/2026,148,KUNNAM,Solo,3,230570,25.662488615171096
S22148,KUNNAM - 148,KEERTHIVASAN. R,Naam Tamilar Katchi,7356,126,7482,3.25,25/25,11:27 PM,04/05/2026,148,KUNNAM,Solo,4,230570,3.245001517977187
S22148,KUNNAM - 148,THANASEKAR. R,Independent,677,0,677,0.29,25/25,11:27 PM,04/05/2026,148,KUNNAM,Independent,5,230570,0.293620158737043
S22148,KUNNAM - 148,ELANGOVAN. K,Naadaalum Makkal Katchi,546,0,546,0.24,25/25,11:27 PM,04/05/2026,148,KUNNAM,-,6,230570,0.23680444116754132
S22148,KUNNAM - 148,SHAJAHAN,Independent,541,0,541,0.23,25/25,11:27 PM,04/05/2026,148,KUNNAM,Independent,7,230570,0.23463590232901071
S22148,KUNNAM - 148,NALLATHAMBI. P,Independent,507,0,507,0.22,25/25,11:27 PM,04/05/2026,148,KUNNAM,Independent,8,230570,0.21988983822700264
S22148,KUNNAM - 148,NOTA,None of the Above,473,11,484,0.21,25/25,11:27 PM,04/05/2026,148,KUNNAM,NOTA/Unaligned,9,230570,0.2099145595697619
S22148,KUNNAM - 148,VINOTHKUMAR. M,Independent,420,1,421,0.18,25/25,11:27 PM,04/05/2026,148,KUNNAM,Independent,10,230570,0.18259097020427636
S22148,KUNNAM - 148,NALLUSAMY. K.M,Bahujan Samaj Party,405,4,409,0.18,25/25,11:27 PM,04/05/2026,148,KUNNAM,Solo,11,230570,0.17738647699180293
S22148,KUNNAM - 148,MUTHAMILSELVAN. D,Independent,268,0,268,0.12,25/25,11:27 PM,04/05/2026,148,KUNNAM,Independent,12,230570,0.11623368174524006
S22148,KUNNAM - 148,UDHAYASURIYAN. T,Independent,210,0,210,0.09,25/25,11:27 PM,04/05/2026,148,KUNNAM,Independent,13,230570,0.09107863121828512
S22148,KUNNAM - 148,RAJA. S.P,Tamizhaga Vaazhvurimai Katchi,184,5,189,0.08,25/25,11:27 PM,04/05/2026,148,KUNNAM,-,14,230570,0.0819707680964566
S22148,KUNNAM - 148,SIVASANKARAN. P,Independent,172,0,172,0.07,25/25,11:27 PM,04/05/2026,148,KUNNAM,Independent,15,230570,0.07459773604545257
S22148,KUNNAM - 148,ANBUTHAMIZHAN. T,Thamizh Perarasu Katchi,148,1,149,0.06,25/25,11:27 PM,04/05/2026,148,KUNNAM,-,16,230570,0.06462245738821182
S22148,KUNNAM - 148,VIVEK. T,Independent,138,6,144,0.06,25/25,11:27 PM,04/05/2026,148,KUNNAM,Independent,17,230570,0.06245391854968123
S22148,KUNNAM - 148,SAMINATHAN. C,Independent,137,0,137,0.06,25/25,11:27 PM,04/05/2026,148,KUNNAM,Independent,18,230570,0.059417964175738386
S22148,KUNNAM - 148,CHANDRASEKAR. P,Independent,84,1,85,0.04,25/25,11:27 PM,04/05/2026,148,KUNNAM,Independent,19,230570,0.036865160255020166
S22148,KUNNAM - 148,KATHIRAVAN. A.C,Independent,62,0,62,0.03,25/25,11:27 PM,04/05/2026,148,KUNNAM,Independent,20,230570,0.026889881597779417
S22149,ARIYALUR - 149,RAJENDRAN S,All India Anna Dravida Munnetra Kazhagam,94468,751,95219,40.37,25/25,11:27 PM,04/05/2026,149,ARIYALUR,NDA,1,235858,40.371325119351475
S22149,ARIYALUR - 149,LATHA BALU,Dravida Munnetra Kazhagam,70092,629,70721,29.98,25/25,11:27 PM,04/05/2026,149,ARIYALUR,INDIA/SPA,2,235858,29.98456698521992
S22149,ARIYALUR - 149,SIVAKUMAR M,Tamilaga Vettri Kazhagam,57001,358,57359,24.32,25/25,11:27 PM,04/05/2026,149,ARIYALUR,Solo,3,235858,24.319293812378636
S22149,ARIYALUR - 149,PUGAZHENDHI D,Naam Tamilar Katchi,8425,102,8527,3.62,25/25,11:27 PM,04/05/2026,149,ARIYALUR,Solo,4,235858,3.615310907410391
S22149,ARIYALUR - 149,JOTHIBASU K,Independent,690,1,691,0.29,25/25,11:27 PM,04/05/2026,149,ARIYALUR,Independent,5,235858,0.29297289046799346
S22149,ARIYALUR - 149,NOTA,None of the Above,633,8,641,0.27,25/25,11:27 PM,04/05/2026,149,ARIYALUR,NOTA/Unaligned,6,235858,0.27177369434151055
S22149,ARIYALUR - 149,THANGA. SHANMUGA SUNDARAM,Naadaalum Makkal Katchi,634,3,637,0.27,25/25,11:27 PM,04/05/2026,149,ARIYALUR,-,7,235858,0.27007775865139194
S22149,ARIYALUR - 149,VETRIVEL G,Independent,553,1,554,0.23,25/25,11:27 PM,04/05/2026,149,ARIYALUR,Independent,8,235858,0.23488709308143035
S22149,ARIYALUR - 149,STALIN V,Bahujan Samaj Party,472,3,475,0.2,25/25,11:27 PM,04/05/2026,149,ARIYALUR,Solo,9,235858,0.2013923632015874
S22149,ARIYALUR - 149,SEMMALAI T,Independent,256,3,259,0.11,25/25,11:27 PM,04/05/2026,149,ARIYALUR,Independent,10,235858,0.10981183593518133
S22149,ARIYALUR - 149,RAJKUMAR K,Independent,201,0,201,0.09,25/25,11:27 PM,04/05/2026,149,ARIYALUR,Independent,11,235858,0.0852207684284612
S22149,ARIYALUR - 149,SUDHAKAR M,Tamizhaga Vaazhvurimai Katchi,175,2,177,0.08,25/25,11:27 PM,04/05/2026,149,ARIYALUR,-,12,235858,0.07504515428774941
S22149,ARIYALUR - 149,KUMAR K,Independent,135,1,136,0.06,25/25,11:27 PM,04/05/2026,149,ARIYALUR,Independent,13,235858,0.05766181346403344
S22149,ARIYALUR - 149,RAJKUMAR S,All India Puratchi Thalaivar Makkal Munnettra Kazhagam,117,0,117,0.05,25/25,11:27 PM,04/05/2026,149,ARIYALUR,-,14,235858,0.049606118935969945
S22149,ARIYALUR - 149,KRISHNAMOORTHY C,Independent,71,3,74,0.03,25/25,11:27 PM,04/05/2026,149,ARIYALUR,Independent,15,235858,0.031374810267194665
S22149,ARIYALUR - 149,ELAIYARAJA C,Independent,70,0,70,0.03,25/25,11:27 PM,04/05/2026,149,ARIYALUR,Independent,16,235858,0.029678874577076037
S22150,JAYANKONDAM - 150,VAITHILINGAM G.,Pattali Makkal Katchi,87999,993,88992,38.94,25/25,11:27 PM,04/05/2026,150,JAYANKONDAM,NDA,1,228548,38.93799114409227
S22150,JAYANKONDAM - 150,KANNAN KA.SO.KA.,Dravida Munnetra Kazhagam,69703,799,70502,30.85,25/25,11:27 PM,04/05/2026,150,JAYANKONDAM,INDIA/SPA,2,228548,30.84778689815706
S22150,JAYANKONDAM - 150,KAVITHA RAJENDRAN G.,Tamilaga Vettri Kazhagam,55101,437,55538,24.3,25/25,11:27 PM,04/05/2026,150,JAYANKONDAM,Solo,3,228548,24.300365787493217
S22150,JAYANKONDAM - 150,REVATHI K.,Naam Tamilar Katchi,6118,74,6192,2.71,25/25,11:27 PM,04/05/2026,150,JAYANKONDAM,Solo,4,228548,2.709277700964349
S22150,JAYANKONDAM - 150,RAVISANKAR N.,Aanaithinthiya Jananayaka Pathukappu Kazhagam,1196,7,1203,0.53,25/25,11:27 PM,04/05/2026,150,JAYANKONDAM,-,5,228548,0.5263664525613876
S22150,JAYANKONDAM - 150,CHANTHIRASEKAR S.,Independent,984,0,984,0.43,25/25,11:27 PM,04/05/2026,150,JAYANKONDAM,Independent,6,228548,0.43054413077340425
S22150,JAYANKONDAM - 150,VINOTHSAVARIREMIJEAS C.,Independent,791,1,792,0.35,25/25,11:27 PM,04/05/2026,150,JAYANKONDAM,Independent,7,228548,0.3465355198907888
S22150,JAYANKONDAM - 150,RAVANAN M.,Naadaalum Makkal Katchi,707,4,711,0.31,25/25,11:27 PM,04/05/2026,150,JAYANKONDAM,-,8,228548,0.3110943871746854
S22150,JAYANKONDAM - 150,SANKAR M.,Rashtriya Samaj Dal (R),606,2,608,0.27,25/25,11:27 PM,04/05/2026,150,JAYANKONDAM,-,9,228548,0.266027267794949
S22150,JAYANKONDAM - 150,ANANDHAKUMAR R.,Independent,582,1,583,0.26,25/25,11:27 PM,04/05/2026,150,JAYANKONDAM,Independent,10,228548,0.2550886465862751
S22150,JAYANKONDAM - 150,JAYABALAN G.,Vada Tamil Nadu Munnetra Katchi,528,0,528,0.23,25/25,11:27 PM,04/05/2026,150,JAYANKONDAM,-,11,228548,0.23102367992719253
S22150,JAYANKONDAM - 150,CHINNADURAI S.,Bahujan Samaj Party,470,5,475,0.21,25/25,11:27 PM,04/05/2026,150,JAYANKONDAM,Solo,12,228548,0.2078338029648039
S22150,JAYANKONDAM - 150,NOTA,None of the Above,403,13,416,0.18,25/25,11:27 PM,04/05/2026,150,JAYANKONDAM,NOTA/Unaligned,13,228548,0.18201865691233352
S22150,JAYANKONDAM - 150,PAGUTHARIVALAN A.,Tamizhaga Vaazhvurimai Katchi,266,3,269,0.12,25/25,11:27 PM,04/05/2026,150,JAYANKONDAM,-,14,228548,0.11769956420533105
S22150,JAYANKONDAM - 150,GURUNATHAN N.,Independent,175,2,177,0.08,25/25,11:27 PM,04/05/2026,150,JAYANKONDAM,Independent,15,228548,0.07744543815741113
S22150,JAYANKONDAM - 150,KANNAN K.,Independent,158,0,158,0.07,25/25,11:27 PM,04/05/2026,150,JAYANKONDAM,Independent,16,228548,0.06913208603881899
S22150,JAYANKONDAM - 150,AZHAGESAN V.R.,Desiya Makkal Sakthi Katchi,151,0,151,0.07,25/25,11:27 PM,04/05/2026,150,JAYANKONDAM,-,17,228548,0.06606927210039029
S22150,JAYANKONDAM - 150,ISAC NEWTAN J.,Independent,114,1,115,0.05,25/25,11:27 PM,04/05/2026,150,JAYANKONDAM,Independent,18,228548,0.05031765755989989
S22150,JAYANKONDAM - 150,VEZHAVENTHAN D.,Independent,99,1,100,0.04,25/25,11:27 PM,04/05/2026,150,JAYANKONDAM,Independent,19,228548,0.04375448483469556
S22150,JAYANKONDAM - 150,VENKATAJALAPATHI R.,Independent,53,1,54,0.02,25/25,11:27 PM,04/05/2026,150,JAYANKONDAM,Independent,20,228548,0.0236274218107356
S22151,TITTAKUDI - 151,GANESAN C.V,Dravida Munnetra Kazhagam,62086,1020,63106,35.91,21/21,11:30 PM,04/05/2026,151,TITTAKUDI,INDIA/SPA,1,175754,35.90586842973702
S22151,TITTAKUDI - 151,RAJASEKAR A,Tamilaga Vettri Kazhagam,60153,324,60477,34.41,21/21,11:30 PM,04/05/2026,151,TITTAKUDI,Solo,2,175754,34.41002765228672
S22151,TITTAKUDI - 151,MURUGUMARAN N,All India Anna Dravida Munnetra Kazhagam,42159,343,42502,24.18,21/21,11:30 PM,04/05/2026,151,TITTAKUDI,NDA,3,175754,24.182664405931018
S22151,TITTAKUDI - 151,MAHALAKSHMI V,Naam Tamilar Katchi,5659,50,5709,3.25,21/21,11:30 PM,04/05/2026,151,TITTAKUDI,Solo,4,175754,3.248290223835588
S22151,TITTAKUDI - 151,NOTA,None of the Above,570,14,584,0.33,21/21,11:30 PM,04/05/2026,151,TITTAKUDI,NOTA/Unaligned,5,175754,0.33228262230162614
S22151,TITTAKUDI - 151,VELMURUGAN G,Independent,548,1,549,0.31,21/21,11:30 PM,04/05/2026,151,TITTAKUDI,Independent,6,175754,0.31236842404724785
S22151,TITTAKUDI - 151,PALANIVEL R,All India Puratchi Thalaivar Makkal Munnettra Kazhagam,439,4,443,0.25,21/21,11:30 PM,04/05/2026,151,TITTAKUDI,-,7,175754,0.2520568521911308
S22151,TITTAKUDI - 151,MURUGAN A,Independent,400,1,401,0.23,21/21,11:30 PM,04/05/2026,151,TITTAKUDI,Independent,8,175754,0.22815981428587684
S22151,TITTAKUDI - 151,RAVICHANDRAN K.P,Bahujan Samaj Party,397,2,399,0.23,21/21,11:30 PM,04/05/2026,151,TITTAKUDI,Solo,9,175754,0.22702186009991238
S22151,TITTAKUDI - 151,SATHYA M,Aanaithinthiya Jananayaka Pathukappu Kazhagam,362,0,362,0.21,21/21,11:30 PM,04/05/2026,151,TITTAKUDI,-,10,175754,0.20596970765956962
S22151,TITTAKUDI - 151,JAYA K,Tamizhaga Vaazhvurimai Katchi,336,2,338,0.19,21/21,11:30 PM,04/05/2026,151,TITTAKUDI,-,11,175754,0.19231425742799596
S22151,TITTAKUDI - 151,PERINBAM D,Independent,313,2,315,0.18,21/21,11:30 PM,04/05/2026,151,TITTAKUDI,Independent,12,175754,0.1792277842894045
S22151,TITTAKUDI - 151,SILAMBARASAN J,Independent,274,1,275,0.16,21/21,11:30 PM,04/05/2026,151,TITTAKUDI,Independent,13,175754,0.15646870057011505
S22151,TITTAKUDI - 151,JAYARAMAN N,Bahujan Dravida Party,158,0,158,0.09,21/21,11:30 PM,04/05/2026,151,TITTAKUDI,-,14,175754,0.08989838069119337
S22151,TITTAKUDI - 151,PADMANATHAN V,Independent,135,1,136,0.08,21/21,11:30 PM,04/05/2026,151,TITTAKUDI,Independent,15,175754,0.07738088464558417
S22152,VRIDDHACHALAM - 152,PREMALLATHA VIJAYAKANT,Desiya Murpokku Dravida Kazhagam,68625,726,69351,33.15,24/24,11:30 PM,04/05/2026,152,VRIDDHACHALAM,INDIA/SPA,1,209186,33.15279225187154
S22152,VRIDDHACHALAM - 152,VIJAY.S,Tamilaga Vettri Kazhagam,66429,535,66964,32.01,24/24,11:30 PM,04/05/2026,152,VRIDDHACHALAM,Solo,2,209186,32.011702503991664
S22152,VRIDDHACHALAM - 152,DR.TAMIZHARASI.P,Pattali Makkal Katchi,59086,705,59791,28.58,24/24,11:30 PM,04/05/2026,152,VRIDDHACHALAM,NDA,3,209186,28.58269673878749
S22152,VRIDDHACHALAM - 152,ANANTHI DHANDAPANI,Naam Tamilar Katchi,5962,85,6047,2.89,24/24,11:30 PM,04/05/2026,152,VRIDDHACHALAM,Solo,4,209186,2.890728825064775
S22152,VRIDDHACHALAM - 152,ARIVAZHAGAN.E.N,Tamizhaga Vaazhvurimai Katchi,1872,24,1896,0.91,24/24,11:30 PM,04/05/2026,152,VRIDDHACHALAM,-,5,209186,0.9063704071974223
S22152,VRIDDHACHALAM - 152,ARIVUDAINAMBI.S,Anti Corruption Dynamic Party,900,4,904,0.43,24/24,11:30 PM,04/05/2026,152,VRIDDHACHALAM,-,6,209186,0.43215129119539547
S22152,VRIDDHACHALAM - 152,NOTA,None of the Above,740,15,755,0.36,24/24,11:30 PM,04/05/2026,152,VRIDDHACHALAM,NOTA/Unaligned,7,209186,0.3609228151023491
S22152,VRIDDHACHALAM - 152,DURAI.K,Independent,737,1,738,0.35,24/24,11:30 PM,04/05/2026,152,VRIDDHACHALAM,Independent,8,209186,0.35279607621924985
S22152,VRIDDHACHALAM - 152,GNANASUNDARI.M,Aanaithinthiya Jananayaka Pathukappu Kazhagam,608,3,611,0.29,24/24,11:30 PM,04/05/2026,152,VRIDDHACHALAM,-,9,209186,0.29208455632786134
S22152,VRIDDHACHALAM - 152,SIVAPRAKASAM.V,Bahujan Samaj Party,370,4,374,0.18,24/24,11:30 PM,04/05/2026,152,VRIDDHACHALAM,Solo,10,209186,0.17878825542818352
S22152,VRIDDHACHALAM - 152,SRINIVASAN.R,Independent,326,2,328,0.16,24/24,11:30 PM,04/05/2026,152,VRIDDHACHALAM,Independent,11,209186,0.15679825609744438
S22152,VRIDDHACHALAM - 152,BALU.P,Independent,252,0,252,0.12,24/24,11:30 PM,04/05/2026,152,VRIDDHACHALAM,Independent,12,209186,0.12046695285535361
S22152,VRIDDHACHALAM - 152,SIDHARTHAN.S,Desiya Makkal Sakthi Katchi,225,0,225,0.11,24/24,11:30 PM,04/05/2026,152,VRIDDHACHALAM,-,13,209186,0.10755977933513715
S22152,VRIDDHACHALAM - 152,EZHILKUMAR.K,Independent,174,1,175,0.08,24/24,11:30 PM,04/05/2026,152,VRIDDHACHALAM,Independent,14,209186,0.08365760614955112
S22152,VRIDDHACHALAM - 152,DEIVEEGADASS.M,Independent,163,0,163,0.08,24/24,11:30 PM,04/05/2026,152,VRIDDHACHALAM,Independent,15,209186,0.07792108458501047
S22152,VRIDDHACHALAM - 152,JAYAPRAKASH.S,Independent,161,1,162,0.08,24/24,11:30 PM,04/05/2026,152,VRIDDHACHALAM,Independent,16,209186,0.07744304112129875
S22152,VRIDDHACHALAM - 152,SIVASANKARAN.K,Independent,160,1,161,0.08,24/24,11:30 PM,04/05/2026,152,VRIDDHACHALAM,Independent,17,209186,0.07696499765758703
S22152,VRIDDHACHALAM - 152,SATHIYA.B,Anna Makkal Katchi,157,3,160,0.08,24/24,11:30 PM,04/05/2026,152,VRIDDHACHALAM,-,18,209186,0.0764869541938753
S22152,VRIDDHACHALAM - 152,PRABAKARAN.T,Independent,129,0,129,0.06,24/24,11:30 PM,04/05/2026,152,VRIDDHACHALAM,Independent,19,209186,0.06166760681881197
S22153,NEYVELI - 153,RAJENDRAN.R,All India Anna Dravida Munnetra Kazhagam,62862,869,63731,37.76,20/20,11:27 PM,04/05/2026,153,NEYVELI,NDA,1,168780,37.759805664178224
S22153,NEYVELI - 153,SABA.RAJENDRAN,Dravida Munnetra Kazhagam,51951,818,52769,31.26,20/20,11:27 PM,04/05/2026,153,NEYVELI,INDIA/SPA,2,168780,31.26496030335348
S22153,NEYVELI - 153,ANAND.K,Tamilaga Vettri Kazhagam,33956,335,34291,20.32,20/20,11:27 PM,04/05/2026,153,NEYVELI,Solo,3,168780,20.316980684915276
S22153,NEYVELI - 153,THIRUMALVALAVAN.T,Tamizhaga Vaazhvurimai Katchi,11246,135,11381,6.74,20/20,11:27 PM,04/05/2026,153,NEYVELI,-,4,168780,6.743097523403247
S22153,NEYVELI - 153,VEERAMANI.B,Naam Tamilar Katchi,4382,62,4444,2.63,20/20,11:27 PM,04/05/2026,153,NEYVELI,Solo,5,168780,2.6330133902121102
S22153,NEYVELI - 153,NOTA,None of the Above,764,4,768,0.46,20/20,11:27 PM,04/05/2026,153,NEYVELI,NOTA/Unaligned,6,168780,0.45503021685033773
S22153,NEYVELI - 153,KARTHIKEYAN.C.M,Independent,457,2,459,0.27,20/20,11:27 PM,04/05/2026,153,NEYVELI,Independent,7,168780,0.2719516530394597
S22153,NEYVELI - 153,MANIMARAN.P,Independent,343,4,347,0.21,20/20,11:27 PM,04/05/2026,153,NEYVELI,Independent,8,168780,0.2055930797487854
S22153,NEYVELI - 153,CHEZHIYAN.G,Independent,220,1,221,0.13,20/20,11:27 PM,04/05/2026,153,NEYVELI,Independent,9,168780,0.13093968479677687
S22153,NEYVELI - 153,MAYAKRISHNAN.K,Veerath Thiyagi Viswanathadoss Thozhilalarkal Katchi,136,0,136,0.08,20/20,11:27 PM,04/05/2026,153,NEYVELI,-,10,168780,0.0805782675672473
S22153,NEYVELI - 153,JOTHIMURUGAN.V,Bahujan Samaj Party,130,1,131,0.08,20/20,11:27 PM,04/05/2026,153,NEYVELI,Solo,11,168780,0.07761583125962791
S22153,NEYVELI - 153,SATHIYASEELAN.M,Independent,100,2,102,0.06,20/20,11:27 PM,04/05/2026,153,NEYVELI,Independent,12,168780,0.06043370067543548
S22154,PANRUTI - 154,MOHAN. K,All India Anna Dravida Munnetra Kazhagam,77385,1013,78398,37.2,23/23,11:30 PM,04/05/2026,154,PANRUTI,NDA,1,210767,37.19652507271062
S22154,PANRUTI - 154,ABDUR RAHMAN. A.R,Viduthalai Chiruthaigal Katchi,66816,919,67735,32.14,23/23,11:30 PM,04/05/2026,154,PANRUTI,INDIA/SPA,2,210767,32.13738393581538
S22154,PANRUTI - 154,MANIKANDAN. M,Tamilaga Vettri Kazhagam,55455,567,56022,26.58,23/23,11:30 PM,04/05/2026,154,PANRUTI,Solo,3,210767,26.580062343725537
S22154,PANRUTI - 154,BANUPRIYA. M,Naam Tamilar Katchi,4783,101,4884,2.32,23/23,11:30 PM,04/05/2026,154,PANRUTI,Solo,4,210767,2.317250803019448
S22154,PANRUTI - 154,SURENDAR. R,Tamizhaga Vaazhvurimai Katchi,1430,19,1449,0.69,23/23,11:30 PM,04/05/2026,154,PANRUTI,-,5,210767,0.6874890281685463
S22154,PANRUTI - 154,NOTA,None of the Above,899,8,907,0.43,23/23,11:30 PM,04/05/2026,154,PANRUTI,NOTA/Unaligned,6,210767,0.4303330217728582
S22154,PANRUTI - 154,MOHAMMED SAFI. A,Independent,430,1,431,0.2,23/23,11:30 PM,04/05/2026,154,PANRUTI,Independent,7,210767,0.2044912154179734
S22154,PANRUTI - 154,SRIKANTHU. S,Bahujan Samaj Party,410,2,412,0.2,23/23,11:30 PM,04/05/2026,154,PANRUTI,Solo,8,210767,0.19547652146683303
S22154,PANRUTI - 154,PRAKASH. R,Thamizhaka Padaippalar Makkal Katchi,387,1,388,0.18,23/23,11:30 PM,04/05/2026,154,PANRUTI,-,9,210767,0.18408953963381364
S22154,PANRUTI - 154,RAMALINGAM. A,Independent,138,3,141,0.07,23/23,11:30 PM,04/05/2026,154,PANRUTI,Independent,10,210767,0.06689851826898897
S22155,CUDDALORE - 155,B.RAJKUMAR,Tamilaga Vettri Kazhagam,69847,1009,70856,37.22,20/20,11:27 PM,04/05/2026,155,CUDDALORE,Solo,1,190378,37.2185861811764
S22155,CUDDALORE - 155,A.S.CHANDARASEKARAN,Indian National Congress,54063,1274,55337,29.07,20/20,11:27 PM,04/05/2026,155,CUDDALORE,INDIA/SPA,2,190378,29.066908991585162
S22155,CUDDALORE - 155,M.C.SAMPATH,All India Anna Dravida Munnetra Kazhagam,54176,1082,55258,29.03,20/20,11:27 PM,04/05/2026,155,CUDDALORE,NDA,3,190378,29.025412600195402
S22155,CUDDALORE - 155,S.SARASU,Naam Tamilar Katchi,5649,117,5766,3.03,20/20,11:27 PM,04/05/2026,155,CUDDALORE,Solo,4,190378,3.028711300675498
S22155,CUDDALORE - 155,NOTA,None of the Above,865,29,894,0.47,20/20,11:27 PM,04/05/2026,155,CUDDALORE,NOTA/Unaligned,5,190378,0.4695920747145153
S22155,CUDDALORE - 155,K.LENIN,Tamizhaga Vaazhvurimai Katchi,615,8,623,0.33,20/20,11:27 PM,04/05/2026,155,CUDDALORE,-,6,190378,0.3272436941243211
S22155,CUDDALORE - 155,S. RAMASAMY,All India Puratchi Thalaivar Makkal Munnettra Kazhagam,367,8,375,0.2,20/20,11:27 PM,04/05/2026,155,CUDDALORE,-,7,190378,0.19697654140709536
S22155,CUDDALORE - 155,P.NAGASUNDARAM,Independent,320,7,327,0.17,20/20,11:27 PM,04/05/2026,155,CUDDALORE,Independent,8,190378,0.17176354410698716
S22155,CUDDALORE - 155,R. VEERAMANI,Independent,212,2,214,0.11,20/20,11:27 PM,04/05/2026,155,CUDDALORE,Independent,9,190378,0.11240794629631574
S22155,CUDDALORE - 155,R.RAMACHANDRAN,Independent,207,4,211,0.11,20/20,11:27 PM,04/05/2026,155,CUDDALORE,Independent,10,190378,0.11083213396505899
S22155,CUDDALORE - 155,P.NATARAJAN,Bahujan Samaj Party,135,1,136,0.07,20/20,11:27 PM,04/05/2026,155,CUDDALORE,Solo,11,190378,0.07143682568363992
S22155,CUDDALORE - 155,E.GURUBARAN,Independent,95,2,97,0.05,20/20,11:27 PM,04/05/2026,155,CUDDALORE,Independent,12,190378,0.050951265377302
S22155,CUDDALORE - 155,R.MAYAVAN,Independent,96,1,97,0.05,20/20,11:27 PM,04/05/2026,155,CUDDALORE,Independent,13,190378,0.050951265377302
S22155,CUDDALORE - 155,E.FAROOK ALI,Independent,74,0,74,0.04,20/20,11:27 PM,04/05/2026,155,CUDDALORE,Independent,14,190378,0.03887003750433348
S22155,CUDDALORE - 155,V. SUGANTHI,Independent,62,0,62,0.03,20/20,11:27 PM,04/05/2026,155,CUDDALORE,Independent,15,190378,0.03256678817930643
S22155,CUDDALORE - 155,S.RAJAMOHAN,Independent,51,0,51,0.03,20/20,11:27 PM,04/05/2026,155,CUDDALORE,Independent,16,190378,0.026788809631364967
S22156,KURINJIPADI - 156,M.R.K.PANNEERSELVAM,Dravida Munnetra Kazhagam,75778,917,76695,35.84,20/20,11:27 PM,04/05/2026,156,KURINJIPADI,INDIA/SPA,1,213965,35.844647489075314
S22156,KURINJIPADI - 156,A BHUVANENTHIRAN,All India Anna Dravida Munnetra Kazhagam,68444,662,69106,32.3,20/20,11:27 PM,04/05/2026,156,KURINJIPADI,NDA,2,213965,32.29780571588811
S22156,KURINJIPADI - 156,RAJKUMAR D,Tamilaga Vettri Kazhagam,52623,487,53110,24.82,20/20,11:27 PM,04/05/2026,156,KURINJIPADI,Solo,3,213965,24.82181665225621
S22156,KURINJIPADI - 156,T KANNAN,Tamizhaga Vaazhvurimai Katchi,7065,48,7113,3.32,20/20,11:27 PM,04/05/2026,156,KURINJIPADI,-,4,213965,3.3243754819713502
S22156,KURINJIPADI - 156,KAVITHA RENGANATHAN,Naam Tamilar Katchi,4744,69,4813,2.25,20/20,11:27 PM,04/05/2026,156,KURINJIPADI,Solo,5,213965,2.249433318533405
S22156,KURINJIPADI - 156,ARUMUGAM R,Independent,928,0,928,0.43,20/20,11:27 PM,04/05/2026,156,KURINJIPADI,Independent,6,213965,0.43371579463931015
S22156,KURINJIPADI - 156,NOTA,None of the Above,609,20,629,0.29,20/20,11:27 PM,04/05/2026,156,KURINJIPADI,NOTA/Unaligned,7,213965,0.29397331339237726
S22156,KURINJIPADI - 156,MANIMALA R,Independent,456,2,458,0.21,20/20,11:27 PM,04/05/2026,156,KURINJIPADI,Independent,8,213965,0.2140537003715561
S22156,KURINJIPADI - 156,R SRINIVASAN,Tamil Telugu National Party,319,4,323,0.15,20/20,11:27 PM,04/05/2026,156,KURINJIPADI,-,9,213965,0.15095926903932885
S22156,KURINJIPADI - 156,M KANAGARAJ,Bahujan Samaj Party,269,4,273,0.13,20/20,11:27 PM,04/05/2026,156,KURINJIPADI,Solo,10,213965,0.12759096113850396
S22156,KURINJIPADI - 156,DHANAKESAVAMOORTHY A.C.T,Independent,265,0,265,0.12,20/20,11:27 PM,04/05/2026,156,KURINJIPADI,Independent,11,213965,0.12385203187437198
S22156,KURINJIPADI - 156,MUTHAZHAGAN N,Independent,252,0,252,0.12,20/20,11:27 PM,04/05/2026,156,KURINJIPADI,Independent,12,213965,0.1177762718201575
S22157,BHUVANAGIRI - 157,ARUNMOZHITHEVAN . A,All India Anna Dravida Munnetra Kazhagam,74628,1079,75707,36.52,26/26,11:27 PM,04/05/2026,157,BHUVANAGIRI,NDA,1,207310,36.518740051131154
S22157,BHUVANAGIRI - 157,SARAVANAN. DURAI . K,Dravida Munnetra Kazhagam,72220,1000,73220,35.32,26/26,11:27 PM,04/05/2026,157,BHUVANAGIRI,INDIA/SPA,2,207310,35.31908735709806
S22157,BHUVANAGIRI - 157,MAHALINGAM . T,Tamilaga Vettri Kazhagam,49506,398,49904,24.07,26/26,11:27 PM,04/05/2026,157,BHUVANAGIRI,Solo,3,207310,24.07216246201341
S22157,BHUVANAGIRI - 157,SUMATHI . S,Naam Tamilar Katchi,5025,80,5105,2.46,26/26,11:27 PM,04/05/2026,157,BHUVANAGIRI,Solo,4,207310,2.4624957792677633
S22157,BHUVANAGIRI - 157,MUTHAMIZHAN . SEVA,Tamizhaga Vaazhvurimai Katchi,894,18,912,0.44,26/26,11:27 PM,04/05/2026,157,BHUVANAGIRI,-,5,207310,0.4399208914186484
S22157,BHUVANAGIRI - 157,NOTA,None of the Above,672,9,681,0.33,26/26,11:27 PM,04/05/2026,157,BHUVANAGIRI,NOTA/Unaligned,6,207310,0.3284935603685302
S22157,BHUVANAGIRI - 157,KUMARAVELU . M,Bahujan Samaj Party,360,3,363,0.18,26/26,11:27 PM,04/05/2026,157,BHUVANAGIRI,Solo,7,207310,0.17510009165018572
S22157,BHUVANAGIRI - 157,BALAMURUGAN . G. C,Independent,336,3,339,0.16,26/26,11:27 PM,04/05/2026,157,BHUVANAGIRI,Independent,8,207310,0.16352322608653708
S22157,BHUVANAGIRI - 157,BALAMURUGAN . M. R,Independent,324,0,324,0.16,26/26,11:27 PM,04/05/2026,157,BHUVANAGIRI,Independent,9,207310,0.15628768510925667
S22157,BHUVANAGIRI - 157,ARUNMOZHI . V,Independent,306,2,308,0.15,26/26,11:27 PM,04/05/2026,157,BHUVANAGIRI,Independent,10,207310,0.1485697747334909
S22157,BHUVANAGIRI - 157,RAJA SEKAR . G,Independent,239,0,239,0.12,26/26,11:27 PM,04/05/2026,157,BHUVANAGIRI,Independent,11,207310,0.11528628623800107
S22157,BHUVANAGIRI - 157,SARAVANAN . J,Independent,83,6,89,0.04,26/26,11:27 PM,04/05/2026,157,BHUVANAGIRI,Independent,12,207310,0.04293087646519705
S22157,BHUVANAGIRI - 157,IYYAPPAN . S,Independent,69,1,70,0.03,26/26,11:27 PM,04/05/2026,157,BHUVANAGIRI,Independent,13,207310,0.03376585789397521
S22157,BHUVANAGIRI - 157,EZHILVENTHAN . P,Independent,48,1,49,0.02,26/26,11:27 PM,04/05/2026,157,BHUVANAGIRI,Independent,14,207310,0.023636100525782643
S22158,CHIDAMBARAM - 158,THAMIMUN ANSARI. M,Dravida Munnetra Kazhagam,68566,1173,69739,35.48,24/24,11:27 PM,04/05/2026,158,CHIDAMBARAM,INDIA/SPA,1,196586,35.47505926159543
S22158,CHIDAMBARAM - 158,PANDIAN. K.A,All India Anna Dravida Munnetra Kazhagam,62826,1166,63992,32.55,24/24,11:27 PM,04/05/2026,158,CHIDAMBARAM,NDA,2,196586,32.55165678125604
S22158,CHIDAMBARAM - 158,NEDUNCHEZHIYAN,Tamilaga Vettri Kazhagam,53945,639,54584,27.77,24/24,11:27 PM,04/05/2026,158,CHIDAMBARAM,Solo,3,196586,27.765965022941614
S22158,CHIDAMBARAM - 158,THAMIZH,Naam Tamilar Katchi,6014,155,6169,3.14,24/24,11:27 PM,04/05/2026,158,CHIDAMBARAM,Solo,4,196586,3.138066800280793
S22158,CHIDAMBARAM - 158,NOTA,None of the Above,777,39,816,0.42,24/24,11:27 PM,04/05/2026,158,CHIDAMBARAM,NOTA/Unaligned,5,196586,0.41508550964972074
S22158,CHIDAMBARAM - 158,DHANASEKARAN. M,All India Puratchi Thalaivar Makkal Munnettra Kazhagam,333,6,339,0.17,24/24,11:27 PM,04/05/2026,158,CHIDAMBARAM,-,6,196586,0.1724436124647737
S22158,CHIDAMBARAM - 158,MANIMARAN. D,Independent,211,0,211,0.11,24/24,11:27 PM,04/05/2026,158,CHIDAMBARAM,Independent,7,196586,0.10733215997069985
S22158,CHIDAMBARAM - 158,THIRUGNANAM. K,Independent,162,1,163,0.08,24/24,11:27 PM,04/05/2026,158,CHIDAMBARAM,Independent,8,196586,0.08291536528542216
S22158,CHIDAMBARAM - 158,ER. JAYAKKUMAR. R,Independent,158,2,160,0.08,24/24,11:27 PM,04/05/2026,158,CHIDAMBARAM,Independent,9,196586,0.0813893156175923
S22158,CHIDAMBARAM - 158,VENKATESAN. D,Independent,154,3,157,0.08,24/24,11:27 PM,04/05/2026,158,CHIDAMBARAM,Independent,10,196586,0.07986326594976244
S22158,CHIDAMBARAM - 158,EASAN NATARAJAN. T,Independent,129,1,130,0.07,24/24,11:27 PM,04/05/2026,158,CHIDAMBARAM,Independent,11,196586,0.06612881893929375
S22158,CHIDAMBARAM - 158,MUNISANKAR. K,Anna Puratchi Thalaivar Amma Dravida Munnetra Kazhagam,126,0,126,0.06,24/24,11:27 PM,04/05/2026,158,CHIDAMBARAM,NDA,12,196586,0.06409408604885394
S22159,KATTUMANNARKOIL - 159,L.E. JOTHIMANI,Viduthalai Chiruthaigal Katchi,84130,1049,85179,45.33,22/22,11:27 PM,04/05/2026,159,KATTUMANNARKOIL,INDIA/SPA,1,187905,45.3308852877784
S22159,KATTUMANNARKOIL - 159,A. SOZHAN,Pattali Makkal Katchi,51360,756,52116,27.74,22/22,11:27 PM,04/05/2026,159,KATTUMANNARKOIL,NDA,2,187905,27.73529176977728
S22159,KATTUMANNARKOIL - 159,S. SEENUVASAN,Tamilaga Vettri Kazhagam,42798,358,43156,22.97,22/22,11:27 PM,04/05/2026,159,KATTUMANNARKOIL,Solo,3,187905,22.966924775817567
S22159,KATTUMANNARKOIL - 159,SIVAJOTHI .M,Naam Tamilar Katchi,4480,83,4563,2.43,22/22,11:27 PM,04/05/2026,159,KATTUMANNARKOIL,Solo,4,187905,2.428354753731939
S22159,KATTUMANNARKOIL - 159,ALAVANTHAR .M,Tamizhaga Vaazhvurimai Katchi,559,4,563,0.3,22/22,11:27 PM,04/05/2026,159,KATTUMANNARKOIL,-,5,187905,0.29961948857135257
S22159,KATTUMANNARKOIL - 159,SANKARKUMAR .S,Independent,508,1,509,0.27,22/22,11:27 PM,04/05/2026,159,KATTUMANNARKOIL,Independent,6,187905,0.2708815624916846
S22159,KATTUMANNARKOIL - 159,NOTA,None of the Above,455,10,465,0.25,22/22,11:27 PM,04/05/2026,159,KATTUMANNARKOIL,NOTA/Unaligned,7,187905,0.2474654745749182
S22159,KATTUMANNARKOIL - 159,S. MURALI,Aanaithinthiya Jananayaka Pathukappu Kazhagam,338,4,342,0.18,22/22,11:27 PM,04/05/2026,159,KATTUMANNARKOIL,-,8,187905,0.18200686517123013
S22159,KATTUMANNARKOIL - 159,M.A.T. ARCHUNAN,Independent,324,0,324,0.17,22/22,11:27 PM,04/05/2026,159,KATTUMANNARKOIL,Independent,9,187905,0.1724275564780075
S22159,KATTUMANNARKOIL - 159,SATHEESHKUMAR .M,Bahujan Samaj Party,245,7,252,0.13,22/22,11:27 PM,04/05/2026,159,KATTUMANNARKOIL,Solo,10,187905,0.13411032170511694
S22159,KATTUMANNARKOIL - 159,G. KALYANA SUNDARAM,All India Jananayaka Makkal Kazhagam,246,1,247,0.13,22/22,11:27 PM,04/05/2026,159,KATTUMANNARKOIL,-,11,187905,0.13144940262366622
S22159,KATTUMANNARKOIL - 159,BABU .B,Rashtriya Samaj Dal (R),188,1,189,0.1,22/22,11:27 PM,04/05/2026,159,KATTUMANNARKOIL,-,12,187905,0.1005827412788377
S22160,SIRKAZHI - 160,SENTHILSELVAN.R,Dravida Munnetra Kazhagam,70765,684,71449,35.64,23/23,11:30 PM,04/05/2026,160,SIRKAZHI,INDIA/SPA,1,200448,35.6446559706258
S22160,SIRKAZHI - 160,SAKTHI.M,All India Anna Dravida Munnetra Kazhagam,59441,591,60032,29.95,23/23,11:30 PM,04/05/2026,160,SIRKAZHI,NDA,2,200448,29.948914431673053
S22160,SIRKAZHI - 160,GOPINATH.S,Tamilaga Vettri Kazhagam,58886,263,59149,29.51,23/23,11:30 PM,04/05/2026,160,SIRKAZHI,Solo,3,200448,29.50840118135377
S22160,SIRKAZHI - 160,SUBASH.R,Naam Tamilar Katchi,7330,67,7397,3.69,23/23,11:30 PM,04/05/2026,160,SIRKAZHI,Solo,4,200448,3.690233876117497
S22160,SIRKAZHI - 160,GAJENDRAN.KANAGA,Bahujan Samaj Party,634,6,640,0.32,23/23,11:30 PM,04/05/2026,160,SIRKAZHI,Solo,5,200448,0.31928480204342274
S22160,SIRKAZHI - 160,NOTA,None of the Above,549,6,555,0.28,23/23,11:30 PM,04/05/2026,160,SIRKAZHI,NOTA/Unaligned,6,200448,0.27687978927203066
S22160,SIRKAZHI - 160,MALATHI.A,All India Puratchi Thalaivar Makkal Munnettra Kazhagam,362,3,365,0.18,23/23,11:30 PM,04/05/2026,160,SIRKAZHI,-,7,200448,0.18209211366538952
S22160,SIRKAZHI - 160,PANDIYAN.C.R,Indhu Dravida Makkal Katchi,249,0,249,0.12,23/23,11:30 PM,04/05/2026,160,SIRKAZHI,-,8,200448,0.12422174329501916
S22160,SIRKAZHI - 160,TAMILVENTHAN.R,Independent,215,2,217,0.11,23/23,11:30 PM,04/05/2026,160,SIRKAZHI,Independent,9,200448,0.10825750319284802
S22160,SIRKAZHI - 160,PETHAPERUMAL.K,Tamizhaga Vaazhvurimai Katchi,201,0,201,0.1,23/23,11:30 PM,04/05/2026,160,SIRKAZHI,-,10,200448,0.10027538314176246
S22160,SIRKAZHI - 160,BABUSANKAR.R,Our Mahathma National Party,193,1,194,0.1,23/23,11:30 PM,04/05/2026,160,SIRKAZHI,-,11,200448,0.09678320561941252
S22161,MAYILADUTHURAI - 161,JAMAL MOHAMED YOUNOOS. Y.N,Indian National Congress,67189,822,68011,36.09,22/22,11:27 PM,04/05/2026,161,MAYILADUTHURAI,INDIA/SPA,1,188461,36.087572495105086
S22161,MAYILADUTHURAI - 161,PALANISAMY. A M.COM.,Pattali Makkal Katchi,56621,545,57166,30.33,22/22,11:27 PM,04/05/2026,161,MAYILADUTHURAI,NDA,2,188461,30.333066257740327
S22161,MAYILADUTHURAI - 161,HAROON RASHEED. S.S,Tamilaga Vettri Kazhagam,52242,296,52538,27.88,22/22,11:27 PM,04/05/2026,161,MAYILADUTHURAI,Solo,3,188461,27.877385772122615
S22161,MAYILADUTHURAI - 161,KASIRAMAN. K,Naam Tamilar Katchi,6809,77,6886,3.65,22/22,11:27 PM,04/05/2026,161,MAYILADUTHURAI,Solo,4,188461,3.6538063578140836
S22161,MAYILADUTHURAI - 161,NOTA,None of the Above,465,9,474,0.25,22/22,11:27 PM,04/05/2026,161,MAYILADUTHURAI,NOTA/Unaligned,5,188461,0.2515109226842689
S22161,MAYILADUTHURAI - 161,ARAVAAZHI. K,All India Jananayaka Makkal Kazhagam,357,4,361,0.19,22/22,11:27 PM,04/05/2026,161,MAYILADUTHURAI,-,6,188461,0.19155156769835668
S22161,MAYILADUTHURAI - 161,VEERASAMY. T,Independent,329,0,329,0.17,22/22,11:27 PM,04/05/2026,161,MAYILADUTHURAI,Independent,7,188461,0.17457192734836385
S22161,MAYILADUTHURAI - 161,SARAVANAN. K,Tamizhaga Vaazhvurimai Katchi,310,2,312,0.17,22/22,11:27 PM,04/05/2026,161,MAYILADUTHURAI,-,8,188461,0.16555149341243017
S22161,MAYILADUTHURAI - 161,GANGADHARAN. R,Independent,305,2,307,0.16,22/22,11:27 PM,04/05/2026,161,MAYILADUTHURAI,Independent,9,188461,0.16289842460774379
S22161,MAYILADUTHURAI - 161,MANIMARAN,Veerath Thiyagi Viswanathadoss Thozhilalarkal Katchi,295,3,298,0.16,22/22,11:27 PM,04/05/2026,161,MAYILADUTHURAI,-,10,188461,0.1581229007593083
S22161,MAYILADUTHURAI - 161,SAMPATH. L,Independent,274,3,277,0.15,22/22,11:27 PM,04/05/2026,161,MAYILADUTHURAI,Independent,11,188461,0.1469800117796255
S22161,MAYILADUTHURAI - 161,THIMOTHY. T,Independent,277,0,277,0.15,22/22,11:27 PM,04/05/2026,161,MAYILADUTHURAI,Independent,12,188461,0.1469800117796255
S22161,MAYILADUTHURAI - 161,NAVANITHAM. S,Independent,241,4,245,0.13,22/22,11:27 PM,04/05/2026,161,MAYILADUTHURAI,Independent,13,188461,0.13000037142963267
S22161,MAYILADUTHURAI - 161,VENKATESAN. K,Bahujan Samaj Party,202,4,206,0.11,22/22,11:27 PM,04/05/2026,161,MAYILADUTHURAI,Solo,14,188461,0.10930643475307888
S22161,MAYILADUTHURAI - 161,ANANTHAKUMAR. R,Independent,196,2,198,0.11,22/22,11:27 PM,04/05/2026,161,MAYILADUTHURAI,Independent,15,188461,0.10506152466558068
S22161,MAYILADUTHURAI - 161,GOBALA KRISHNAN. S,Independent,142,4,146,0.08,22/22,11:27 PM,04/05/2026,161,MAYILADUTHURAI,Independent,16,188461,0.07746960909684232
S22161,MAYILADUTHURAI - 161,NATARAJAN. R,Independent,104,2,106,0.06,22/22,11:27 PM,04/05/2026,161,MAYILADUTHURAI,Independent,17,188461,0.05624505865935127
S22161,MAYILADUTHURAI - 161,BHARATHIRAJA. B,Independent,104,0,104,0.06,22/22,11:27 PM,04/05/2026,161,MAYILADUTHURAI,Independent,18,188461,0.05518383113747672
S22161,MAYILADUTHURAI - 161,JAMAL MOHAMED,Independent,81,1,82,0.04,22/22,11:27 PM,04/05/2026,161,MAYILADUTHURAI,Independent,19,188461,0.043510328396856646
S22161,MAYILADUTHURAI - 161,KARTHICK. A,Samaniya Makkal Nala Katchi,76,2,78,0.04,22/22,11:27 PM,04/05/2026,161,MAYILADUTHURAI,-,20,188461,0.04138787335310754
S22161,MAYILADUTHURAI - 161,RAMKUMAR. S BBA.LLB,Independent,58,2,60,0.03,22/22,11:27 PM,04/05/2026,161,MAYILADUTHURAI,Independent,21,188461,0.03183682565623657
S22162,POOMPUHAR - 162,NIVEDHA M MURUGAN,Dravida Munnetra Kazhagam,80554,542,81096,36.98,25/25,11:30 PM,04/05/2026,162,POOMPUHAR,INDIA/SPA,1,219324,36.97543360507742
S22162,POOMPUHAR - 162,PAVUNRAJ. S,All India Anna Dravida Munnetra Kazhagam,72293,543,72836,33.21,25/25,11:30 PM,04/05/2026,162,POOMPUHAR,NDA,2,219324,33.20931589794095
S22162,POOMPUHAR - 162,VIJAYALAIYAN. J,Tamilaga Vettri Kazhagam,55684,218,55902,25.49,25/25,11:30 PM,04/05/2026,162,POOMPUHAR,Solo,3,219324,25.488318651857526
S22162,POOMPUHAR - 162,ILAYANAGULAN. K,Naam Tamilar Katchi,6308,45,6353,2.9,25/25,11:30 PM,04/05/2026,162,POOMPUHAR,Solo,4,219324,2.896627820028816
S22162,POOMPUHAR - 162,MAYA VENKATESAN. M,Independent,725,5,730,0.33,25/25,11:30 PM,04/05/2026,162,POOMPUHAR,Independent,5,219324,0.332840911163393
S22162,POOMPUHAR - 162,NOTA,None of the Above,579,7,586,0.27,25/25,11:30 PM,04/05/2026,162,POOMPUHAR,NOTA/Unaligned,6,219324,0.26718462183801134
S22162,POOMPUHAR - 162,SHANGAMITHTHIRAN. A,Independent,426,0,426,0.19,25/25,11:30 PM,04/05/2026,162,POOMPUHAR,Independent,7,219324,0.19423318925425398
S22162,POOMPUHAR - 162,PRABAKARAN. V,Bahujan Samaj Party,343,2,345,0.16,25/25,11:30 PM,04/05/2026,162,POOMPUHAR,Solo,8,219324,0.1573015265087268
S22162,POOMPUHAR - 162,MUJIBUR RAHMAN. E.M.M,Independent,310,2,312,0.14,25/25,11:30 PM,04/05/2026,162,POOMPUHAR,Independent,9,219324,0.14225529353832686
S22162,POOMPUHAR - 162,PURATCHIDASAN. T,Anaithinthiya Anna Dravida Makkal Seyal katchi,263,1,264,0.12,25/25,11:30 PM,04/05/2026,162,POOMPUHAR,-,10,219324,0.12036986376319965
S22162,POOMPUHAR - 162,INBARAJ. T,Independent,177,2,179,0.08,25/25,11:30 PM,04/05/2026,162,POOMPUHAR,Independent,11,219324,0.08161441520307855
S22162,POOMPUHAR - 162,NOOR NISHA. M,Independent,107,0,107,0.05,25/25,11:30 PM,04/05/2026,162,POOMPUHAR,Independent,12,219324,0.048786270540387734
S22162,POOMPUHAR - 162,ANANDARAJ. D,Independent,104,1,105,0.05,25/25,11:30 PM,04/05/2026,162,POOMPUHAR,Independent,13,219324,0.04787437763309077
S22162,POOMPUHAR - 162,MURUGAN. S,Independent,78,5,83,0.04,25/25,11:30 PM,04/05/2026,162,POOMPUHAR,Independent,14,219324,0.03784355565282413
S22163,NAGAPATTINAM - 163,M.H.JAWAHIRULLAH,Dravida Munnetra Kazhagam,55695,610,56305,37.21,19/19,11:27 PM,04/05/2026,163,NAGAPATTINAM,INDIA/SPA,1,151326,37.207750155293866
S22163,NAGAPATTINAM - 163,M.SUGUMAR,Tamilaga Vettri Kazhagam,46291,233,46524,30.74,19/19,11:27 PM,04/05/2026,163,NAGAPATTINAM,Solo,2,151326,30.744221085603268
S22163,NAGAPATTINAM - 163,THANKA.KATHIRAVAN,All India Anna Dravida Munnetra Kazhagam,41108,478,41586,27.48,19/19,11:27 PM,04/05/2026,163,NAGAPATTINAM,NDA,3,151326,27.48106736449784
S22163,NAGAPATTINAM - 163,FATHIMA FARHANA.S,Naam Tamilar Katchi,5305,43,5348,3.53,19/19,11:27 PM,04/05/2026,163,NAGAPATTINAM,Solo,4,151326,3.5340919604033676
S22163,NAGAPATTINAM - 163,NOTA,None of the Above,473,6,479,0.32,19/19,11:27 PM,04/05/2026,163,NAGAPATTINAM,NOTA/Unaligned,5,151326,0.3165351624968611
S22163,NAGAPATTINAM - 163,J.V.DURAI,All India Youth Development Party,207,0,207,0.14,19/19,11:27 PM,04/05/2026,163,NAGAPATTINAM,-,6,151326,0.1367907695967646
S22163,NAGAPATTINAM - 163,N.VIJAYARAGAVAN,Independent,162,2,164,0.11,19/19,11:27 PM,04/05/2026,163,NAGAPATTINAM,Independent,7,151326,0.10837529571917581
S22163,NAGAPATTINAM - 163,N P BHASHGARAN,Independent,145,10,155,0.1,19/19,11:27 PM,04/05/2026,163,NAGAPATTINAM,Independent,8,151326,0.1024278709540991
S22163,NAGAPATTINAM - 163,S.PREM,Independent,150,0,150,0.1,19/19,11:27 PM,04/05/2026,163,NAGAPATTINAM,Independent,9,151326,0.09912374608461202
S22163,NAGAPATTINAM - 163,SAKTHIVEL,Independent,136,0,136,0.09,19/19,11:27 PM,04/05/2026,163,NAGAPATTINAM,Independent,10,151326,0.08987219645004824
S22163,NAGAPATTINAM - 163,K.RAJASEKAR,Puthiya Tamilagam,85,1,86,0.06,19/19,11:27 PM,04/05/2026,163,NAGAPATTINAM,-,11,151326,0.056830947755177566
S22163,NAGAPATTINAM - 163,M.IYYANKALAI,Independent,72,0,72,0.05,19/19,11:27 PM,04/05/2026,163,NAGAPATTINAM,Independent,12,151326,0.04757939812061377
S22163,NAGAPATTINAM - 163,VALLABADAS.E,Tamizhaga Vaazhvurimai Katchi,60,0,60,0.04,19/19,11:27 PM,04/05/2026,163,NAGAPATTINAM,-,13,151326,0.03964949843384481
S22163,NAGAPATTINAM - 163,T.KATHIRAVAN,Independent,48,6,54,0.04,19/19,11:27 PM,04/05/2026,163,NAGAPATTINAM,Independent,14,151326,0.03568454859046033
S22164,KILVELUR - 164,LATHA. T,Communist Party of India (Marxist),55409,699,56108,37.0,17/17,11:27 PM,04/05/2026,164,KILVELUR,INDIA/SPA,1,151637,37.0015233749019
S22164,KILVELUR - 164,SENTHIL PANDIAN. P,Tamilaga Vettri Kazhagam,53333,497,53830,35.5,17/17,11:27 PM,04/05/2026,164,KILVELUR,Solo,2,151637,35.49925150194214
S22164,KILVELUR - 164,VADIVEL RAVANAN. S,Pattali Makkal Katchi,31322,353,31675,20.89,17/17,11:27 PM,04/05/2026,164,KILVELUR,NDA,3,151637,20.888701306409384
S22164,KILVELUR - 164,KARTHIKA. M,Naam Tamilar Katchi,7942,127,8069,5.32,17/17,11:27 PM,04/05/2026,164,KILVELUR,Solo,4,151637,5.321260642191549
S22164,KILVELUR - 164,SURENTHAR. K,Puthiya Tamilagam,558,5,563,0.37,17/17,11:27 PM,04/05/2026,164,KILVELUR,-,5,151637,0.3712814154856664
S22164,KILVELUR - 164,NOTA,None of the Above,537,8,545,0.36,17/17,11:27 PM,04/05/2026,164,KILVELUR,NOTA/Unaligned,6,151637,0.3594109617045972
S22164,KILVELUR - 164,VEDHA MUKUNDHAN,Aanaithinthiya Jananayaka Pathukappu Kazhagam,435,2,437,0.29,17/17,11:27 PM,04/05/2026,164,KILVELUR,-,7,151637,0.2881882390181816
S22164,KILVELUR - 164,JAIVISHNUDEVI. M,Independent,405,5,410,0.27,17/17,11:27 PM,04/05/2026,164,KILVELUR,Independent,8,151637,0.2703825583465777
S22165,VEDARANYAM - 165,MANIAN. O.S,All India Anna Dravida Munnetra Kazhagam,58108,1064,59172,36.48,18/18,11:30 PM,04/05/2026,165,VEDARANYAM,NDA,1,162216,36.477289539872764
S22165,VEDARANYAM - 165,PUGAZHENDI. M,Dravida Munnetra Kazhagam,50587,1254,51841,31.96,18/18,11:30 PM,04/05/2026,165,VEDARANYAM,INDIA/SPA,2,162216,31.958006608472655
S22165,VEDARANYAM - 165,KINGSLY GERALD. A,Tamilaga Vettri Kazhagam,38071,276,38347,23.64,18/18,11:30 PM,04/05/2026,165,VEDARANYAM,Solo,3,162216,23.639468363170096
S22165,VEDARANYAM - 165,KARTHICK. T,Naam Tamilar Katchi,10211,185,10396,6.41,18/18,11:30 PM,04/05/2026,165,VEDARANYAM,Solo,4,162216,6.408738965330177
S22165,VEDARANYAM - 165,NOTA,None of the Above,548,15,563,0.35,18/18,11:30 PM,04/05/2026,165,VEDARANYAM,NOTA/Unaligned,5,162216,0.34706810672190164
S22165,VEDARANYAM - 165,LINGESWARAN. M,All India Puratchi Thalaivar Makkal Munnettra Kazhagam,378,4,382,0.24,18/18,11:30 PM,04/05/2026,165,VEDARANYAM,-,6,162216,0.23548848448981605
S22165,VEDARANYAM - 165,VEERAKUMAR. V,Independent,352,11,363,0.22,18/18,11:30 PM,04/05/2026,165,VEDARANYAM,Independent,7,162216,0.22377570646545347
S22165,VEDARANYAM - 165,THIVASKAR. B,Independent,309,15,324,0.2,18/18,11:30 PM,04/05/2026,165,VEDARANYAM,Independent,8,162216,0.19973368841544606
S22165,VEDARANYAM - 165,RAJASIMMAN. D,Independent,253,6,259,0.16,18/18,11:30 PM,04/05/2026,165,VEDARANYAM,Independent,9,162216,0.15966365833210042
S22165,VEDARANYAM - 165,SATHIYASEELAN. M,Independent,206,1,207,0.13,18/18,11:30 PM,04/05/2026,165,VEDARANYAM,Independent,10,162216,0.12760763426542387
S22165,VEDARANYAM - 165,GOWTHAMAN. M,Independent,202,2,204,0.13,18/18,11:30 PM,04/05/2026,165,VEDARANYAM,Independent,11,162216,0.12575824826157717
S22165,VEDARANYAM - 165,SELVAKUMAR. S,Independent,158,0,158,0.1,18/18,11:30 PM,04/05/2026,165,VEDARANYAM,Independent,12,162216,0.09740099620259407
S22166,THIRUTHURAIPOONDI - 166,MARIMUTHU.K,Communist Party of India,73139,923,74062,38.77,21/21,11:30 PM,04/05/2026,166,THIRUTHURAIPOONDI,INDIA/SPA,1,191030,38.76982672878606
S22166,THIRUTHURAIPOONDI - 166,PANDIYAN.S,Tamilaga Vettri Kazhagam,60771,369,61140,32.01,21/21,11:30 PM,04/05/2026,166,THIRUTHURAIPOONDI,Solo,2,191030,32.005444171072604
S22166,THIRUTHURAIPOONDI - 166,BALATHANDAYUTHAM.U,All India Anna Dravida Munnetra Kazhagam,42732,341,43073,22.55,21/21,11:30 PM,04/05/2026,166,THIRUTHURAIPOONDI,NDA,3,191030,22.547767366382242
S22166,THIRUTHURAIPOONDI - 166,VINOTHINI.R,Naam Tamilar Katchi,10047,129,10176,5.33,21/21,11:30 PM,04/05/2026,166,THIRUTHURAIPOONDI,Solo,4,191030,5.326912003350259
S22166,THIRUTHURAIPOONDI - 166,NOTA,None of the Above,775,22,797,0.42,21/21,11:30 PM,04/05/2026,166,THIRUTHURAIPOONDI,NOTA/Unaligned,5,191030,0.4172119562372402
S22166,THIRUTHURAIPOONDI - 166,VIMALA.A,Bahujan Samaj Party,512,13,525,0.27,21/21,11:30 PM,04/05/2026,166,THIRUTHURAIPOONDI,Solo,6,191030,0.2748259435690729
S22166,THIRUTHURAIPOONDI - 166,ARUMUGAM.N,Tamizhaga Vaazhvurimai Katchi,445,5,450,0.24,21/21,11:30 PM,04/05/2026,166,THIRUTHURAIPOONDI,-,7,191030,0.2355650944877768
S22166,THIRUTHURAIPOONDI - 166,JAYASANGAR.A,Independent,360,5,365,0.19,21/21,11:30 PM,04/05/2026,166,THIRUTHURAIPOONDI,Independent,8,191030,0.1910694655289745
S22166,THIRUTHURAIPOONDI - 166,SIVAPRAKASAM.V,Independent,276,2,278,0.15,21/21,11:30 PM,04/05/2026,166,THIRUTHURAIPOONDI,Independent,9,191030,0.145526880594671
S22166,THIRUTHURAIPOONDI - 166,MURUGANANTHAM.V,Independent,163,1,164,0.09,21/21,11:30 PM,04/05/2026,166,THIRUTHURAIPOONDI,Independent,10,191030,0.08585038999110088
S22167,MANNARGUDI - 167,KAMARAJ. S,Amma Makkal Munnettra Kazagam,67837,579,68416,35.25,22/22,11:27 PM,04/05/2026,167,MANNARGUDI,NDA,1,194100,35.247810407006696
S22167,MANNARGUDI - 167,RAJAA.T.R.B,Dravida Munnetra Kazhagam,66068,782,66850,34.44,22/22,11:27 PM,04/05/2026,167,MANNARGUDI,INDIA/SPA,2,194100,34.441009788768675
S22167,MANNARGUDI - 167,RAJARAJAN.U,Tamilaga Vettri Kazhagam,44026,240,44266,22.81,22/22,11:27 PM,04/05/2026,167,MANNARGUDI,Solo,3,194100,22.80577022153529
S22167,MANNARGUDI - 167,BHARATHISELVAN.R,Naam Tamilar Katchi,8153,87,8240,4.25,22/22,11:27 PM,04/05/2026,167,MANNARGUDI,Solo,4,194100,4.245234415249871
S22167,MANNARGUDI - 167,RASUPILLAI.S,All India Puratchi Thalaivar Makkal Munnettra Kazhagam,1943,6,1949,1.0,22/22,11:27 PM,04/05/2026,167,MANNARGUDI,-,5,194100,1.0041215868109221
S22167,MANNARGUDI - 167,KAMARAJ.A,Independent,645,19,664,0.34,22/22,11:27 PM,04/05/2026,167,MANNARGUDI,Independent,6,194100,0.34209170530654304
S22167,MANNARGUDI - 167,NAMASIVAYAM.N,Independent,659,0,659,0.34,22/22,11:27 PM,04/05/2026,167,MANNARGUDI,Independent,7,194100,0.33951571354971666
S22167,MANNARGUDI - 167,GOVINDARAJ.G,Tamizhaga Vaazhvurimai Katchi,633,2,635,0.33,22/22,11:27 PM,04/05/2026,167,MANNARGUDI,-,8,194100,0.32715095311695
S22167,MANNARGUDI - 167,PRABHU. S,Independent,632,1,633,0.33,22/22,11:27 PM,04/05/2026,167,MANNARGUDI,Independent,9,194100,0.3261205564142195
S22167,MANNARGUDI - 167,NOTA,None of the Above,399,6,405,0.21,22/22,11:27 PM,04/05/2026,167,MANNARGUDI,NOTA/Unaligned,10,194100,0.20865533230293662
S22167,MANNARGUDI - 167,KAMARAJ.S,Bahujan Samaj Party,385,2,387,0.2,22/22,11:27 PM,04/05/2026,167,MANNARGUDI,Solo,11,194100,0.19938176197836166
S22167,MANNARGUDI - 167,BHARATHI.B,Puthiya Tamilagam,328,15,343,0.18,22/22,11:27 PM,04/05/2026,167,MANNARGUDI,-,12,194100,0.17671303451828954
S22167,MANNARGUDI - 167,ARULPRAKASH. P,Independent,284,1,285,0.15,22/22,11:27 PM,04/05/2026,167,MANNARGUDI,Independent,13,194100,0.14683153013910355
S22167,MANNARGUDI - 167,DURAI ARASAN.K,Independent,148,1,149,0.08,22/22,11:27 PM,04/05/2026,167,MANNARGUDI,Independent,14,194100,0.07676455435342606
S22167,MANNARGUDI - 167,MUTHUVEL.V,Tamilaga Makkal Nala Katchi,114,1,115,0.06,22/22,11:27 PM,04/05/2026,167,MANNARGUDI,-,15,194100,0.0592478104070067
S22167,MANNARGUDI - 167,MARIMUTHU.A.V.M,Independent,104,0,104,0.05,22/22,11:27 PM,04/05/2026,167,MANNARGUDI,Independent,16,194100,0.05358062854198867
S22168,THIRUVARUR - 168,KALAIVANAN POONDI K,Dravida Munnetra Kazhagam,92504,904,93408,42.87,25/25,11:30 PM,04/05/2026,168,THIRUVARUR,INDIA/SPA,1,217875,42.87228915662651
S22168,THIRUVARUR - 168,VEERAMANI V,Tamilaga Vettri Kazhagam,74822,438,75260,34.54,25/25,11:30 PM,04/05/2026,168,THIRUVARUR,Solo,2,217875,34.54274239816409
S22168,THIRUVARUR - 168,CHANDRASEKARAN GOVI,Bharatiya Janata Party,35978,409,36387,16.7,25/25,11:30 PM,04/05/2026,168,THIRUVARUR,NDA,3,217875,16.700860585197933
S22168,THIRUVARUR - 168,ASWINI B,Naam Tamilar Katchi,9896,135,10031,4.6,25/25,11:30 PM,04/05/2026,168,THIRUVARUR,Solo,4,217875,4.604016064257028
S22168,THIRUVARUR - 168,NOTA,None of the Above,813,12,825,0.38,25/25,11:30 PM,04/05/2026,168,THIRUVARUR,NOTA/Unaligned,5,217875,0.37865748709122204
S22168,THIRUVARUR - 168,SAHUL HAMEED M,Independent,588,5,593,0.27,25/25,11:30 PM,04/05/2026,168,THIRUVARUR,Independent,6,217875,0.2721744119334481
S22168,THIRUVARUR - 168,THIYAGARAJAN .M,Puthiya Tamilagam,510,16,526,0.24,25/25,11:30 PM,04/05/2026,168,THIRUVARUR,-,7,217875,0.24142283419391852
S22168,THIRUVARUR - 168,KANTHAN A,Tamizhaga Vaazhvurimai Katchi,497,6,503,0.23,25/25,11:30 PM,04/05/2026,168,THIRUVARUR,-,8,217875,0.2308663224325875
S22168,THIRUVARUR - 168,MUTHARASAN S,Independent,339,3,342,0.16,25/25,11:30 PM,04/05/2026,168,THIRUVARUR,Independent,9,217875,0.15697074010327022
S22169,NANNILAM - 169,KAMARAJ. R,All India Anna Dravida Munnetra Kazhagam,102544,918,103462,44.7,25/25,11:27 PM,04/05/2026,169,NANNILAM,NDA,1,231444,44.70282228098374
S22169,NANNILAM - 169,MOHAMED MUBARAK,Dravida Munnetra Kazhagam,61181,557,61738,26.68,25/25,11:27 PM,04/05/2026,169,NANNILAM,INDIA/SPA,2,231444,26.67513523789772
S22169,NANNILAM - 169,PRABHAKARAN. S,Tamilaga Vettri Kazhagam,54262,268,54530,23.56,25/25,11:27 PM,04/05/2026,169,NANNILAM,Solo,3,231444,23.560774960681634
S22169,NANNILAM - 169,THENMOZHI DILIPKUMAR,Naam Tamilar Katchi,8370,76,8446,3.65,25/25,11:27 PM,04/05/2026,169,NANNILAM,Solo,4,231444,3.6492628886469296
S22169,NANNILAM - 169,NOTA,None of the Above,930,6,936,0.4,25/25,11:27 PM,04/05/2026,169,NANNILAM,NOTA/Unaligned,5,231444,0.40441748327889254
S22169,NANNILAM - 169,RAJA. S,All India Puratchi Thalaivar Makkal Munnettra Kazhagam,854,7,861,0.37,25/25,11:27 PM,04/05/2026,169,NANNILAM,-,6,231444,0.37201223622128893
S22169,NANNILAM - 169,SIVARAMAN. T,Tamizhaga Vaazhvurimai Katchi,287,2,289,0.12,25/25,11:27 PM,04/05/2026,169,NANNILAM,-,7,231444,0.12486821866196575
S22169,NANNILAM - 169,RAVICHANDRAN. R,Independent,251,0,251,0.11,25/25,11:27 PM,04/05/2026,169,NANNILAM,Independent,8,231444,0.10844956015277994
S22169,NANNILAM - 169,RAJASEKAR. R,Independent,224,0,224,0.1,25/25,11:27 PM,04/05/2026,169,NANNILAM,Independent,9,231444,0.09678367121204265
S22169,NANNILAM - 169,TAMILSELVAN. M,Puthiya Tamilagam,215,4,219,0.09,25/25,11:27 PM,04/05/2026,169,NANNILAM,-,10,231444,0.09462332140820241
S22169,NANNILAM - 169,MOHUMED RIYAS. K,Independent,140,3,143,0.06,25/25,11:27 PM,04/05/2026,169,NANNILAM,Independent,11,231444,0.0617860043898308
S22169,NANNILAM - 169,SURESH. V,Independent,104,0,104,0.04,25/25,11:27 PM,04/05/2026,169,NANNILAM,Independent,12,231444,0.04493527591987695
S22169,NANNILAM - 169,BHARATHIMOHAN. K.S,Independent,98,5,103,0.04,25/25,11:27 PM,04/05/2026,169,NANNILAM,Independent,13,231444,0.0445032059591089
S22169,NANNILAM - 169,SHANMUGARAJA. D,Independent,76,10,86,0.04,25/25,11:27 PM,04/05/2026,169,NANNILAM,Independent,14,231444,0.03715801662605209
S22169,NANNILAM - 169,SANKAR. R,Independent,52,0,52,0.02,25/25,11:27 PM,04/05/2026,169,NANNILAM,Independent,15,231444,0.022467637959938475
S22170,THIRUVIDAIMARUDUR - 170,GOVI.CHEZHIAAN,Dravida Munnetra Kazhagam,79307,644,79951,38.26,25/25,11:30 PM,04/05/2026,170,THIRUVIDAIMARUDUR,INDIA/SPA,1,208944,38.264319626311355
S22170,THIRUVIDAIMARUDUR - 170,S.PRABAKARAN,Tamilaga Vettri Kazhagam,65620,215,65835,31.51,25/25,11:30 PM,04/05/2026,170,THIRUVIDAIMARUDUR,Solo,2,208944,31.50844245348036
S22170,THIRUVIDAIMARUDUR - 170,ELAMATHI SUBRAMANIAN,All India Anna Dravida Munnetra Kazhagam,52592,330,52922,25.33,25/25,11:30 PM,04/05/2026,170,THIRUVIDAIMARUDUR,NDA,3,208944,25.32831763534727
S22170,THIRUVIDAIMARUDUR - 170,M.DIVYA BHARATHI,Naam Tamilar Katchi,6313,50,6363,3.05,25/25,11:30 PM,04/05/2026,170,THIRUVIDAIMARUDUR,Solo,4,208944,3.045313576843556
S22170,THIRUVIDAIMARUDUR - 170,T.M.PURATCHI MANI,Bahujan Samaj Party,1021,22,1043,0.5,25/25,11:30 PM,04/05/2026,170,THIRUVIDAIMARUDUR,Solo,5,208944,0.49917681292595145
S22170,THIRUVIDAIMARUDUR - 170,NOTA,None of the Above,740,7,747,0.36,25/25,11:30 PM,04/05/2026,170,THIRUVIDAIMARUDUR,NOTA/Unaligned,6,208944,0.3575120606478291
S22170,THIRUVIDAIMARUDUR - 170,P.MANIKANDAN,Independent,587,1,588,0.28,25/25,11:30 PM,04/05/2026,170,THIRUVIDAIMARUDUR,Independent,7,208944,0.2814151160119458
S22170,THIRUVIDAIMARUDUR - 170,KANNAIYAN. T,Communist Party of India (Marxist-Leninist) (Liberation),317,4,321,0.15,25/25,11:30 PM,04/05/2026,170,THIRUVIDAIMARUDUR,-,8,208944,0.1536296806799908
S22170,THIRUVIDAIMARUDUR - 170,A.VISWANATHAN,Tamizhaga Vaazhvurimai Katchi,272,1,273,0.13,25/25,11:30 PM,04/05/2026,170,THIRUVIDAIMARUDUR,-,9,208944,0.1306570181484034
S22170,THIRUVIDAIMARUDUR - 170,DHANASEKAR,Independent,266,0,266,0.13,25/25,11:30 PM,04/05/2026,170,THIRUVIDAIMARUDUR,Independent,10,208944,0.12730683819588023
S22170,THIRUVIDAIMARUDUR - 170,L.PRABAKARAN,Independent,174,0,174,0.08,25/25,11:30 PM,04/05/2026,170,THIRUVIDAIMARUDUR,Independent,11,208944,0.08327590167700437
S22170,THIRUVIDAIMARUDUR - 170,M.TAMILMARAN,Independent,141,2,143,0.07,25/25,11:30 PM,04/05/2026,170,THIRUVIDAIMARUDUR,Independent,12,208944,0.0684393904586875
S22170,THIRUVIDAIMARUDUR - 170,SELVARANI. S,Independent,131,8,139,0.07,25/25,11:30 PM,04/05/2026,170,THIRUVIDAIMARUDUR,Independent,13,208944,0.06652500191438854
S22170,THIRUVIDAIMARUDUR - 170,KEERTHIGA. K,Independent,90,5,95,0.05,25/25,11:30 PM,04/05/2026,170,THIRUVIDAIMARUDUR,Independent,14,208944,0.04546672792710008
S22170,THIRUVIDAIMARUDUR - 170,ARAVINDARAJ. R,Independent,84,0,84,0.04,25/25,11:30 PM,04/05/2026,170,THIRUVIDAIMARUDUR,Independent,15,208944,0.04020215943027797
S22171,KUMBAKONAM - 171,VINOTH,Tamilaga Vettri Kazhagam,78255,395,78650,37.76,23/23,11:30 PM,04/05/2026,171,KUMBAKONAM,Solo,1,208288,37.7602166231372
S22171,KUMBAKONAM - 171,ANBALAGAN G,Dravida Munnetra Kazhagam,76932,1039,77971,37.43,23/23,11:30 PM,04/05/2026,171,KUMBAKONAM,INDIA/SPA,2,208288,37.4342256875096
S22171,KUMBAKONAM - 171,ASHOKKUMAR R,Bharatiya Janata Party,39558,545,40103,19.25,23/23,11:30 PM,04/05/2026,171,KUMBAKONAM,NDA,3,208288,19.25362958979874
S22171,KUMBAKONAM - 171,ANANDH M,Naam Tamilar Katchi,7611,99,7710,3.7,23/23,11:30 PM,04/05/2026,171,KUMBAKONAM,Solo,4,208288,3.7016054693501306
S22171,KUMBAKONAM - 171,STALIN MA KA,Independent,1392,13,1405,0.67,23/23,11:30 PM,04/05/2026,171,KUMBAKONAM,Independent,5,208288,0.6745467813796282
S22171,KUMBAKONAM - 171,NOTA,None of the Above,941,19,960,0.46,23/23,11:30 PM,04/05/2026,171,KUMBAKONAM,NOTA/Unaligned,6,208288,0.4609002919035182
S22171,KUMBAKONAM - 171,SRINIVASAN V,Independent,380,4,384,0.18,23/23,11:30 PM,04/05/2026,171,KUMBAKONAM,Independent,7,208288,0.1843601167614073
S22171,KUMBAKONAM - 171,ARIVAZHAGAN K,Independent,235,6,241,0.12,23/23,11:30 PM,04/05/2026,171,KUMBAKONAM,Independent,8,208288,0.11570517744661238
S22171,KUMBAKONAM - 171,SUNDAR G,Thamizh Desiya Munnetra Kazhagam,232,1,233,0.11,23/23,11:30 PM,04/05/2026,171,KUMBAKONAM,-,9,208288,0.11186434168074973
S22171,KUMBAKONAM - 171,AROKIYARAJ V,Tamizhaga Vaazhvurimai Katchi,196,0,196,0.09,23/23,11:30 PM,04/05/2026,171,KUMBAKONAM,-,10,208288,0.09410047626363496
S22171,KUMBAKONAM - 171,VIJAYAKUMAR C,Independent,170,3,173,0.08,23/23,11:30 PM,04/05/2026,171,KUMBAKONAM,Independent,11,208288,0.08305807343677984
S22171,KUMBAKONAM - 171,KARTHI G,Independent,89,1,90,0.04,23/23,11:30 PM,04/05/2026,171,KUMBAKONAM,Independent,12,208288,0.04320940236595483
S22171,KUMBAKONAM - 171,RAMAMOORTHI R,Independent,89,0,89,0.04,23/23,11:30 PM,04/05/2026,171,KUMBAKONAM,Independent,13,208288,0.042729297895222
S22171,KUMBAKONAM - 171,SENTHAMILSELVI S,Independent,77,6,83,0.04,23/23,11:30 PM,04/05/2026,171,KUMBAKONAM,Independent,14,208288,0.039848671070825015
S22172,PAPANASAM - 172,A.M. SHAHJAHAN,Indian Union Muslim League,68742,542,69284,33.35,23/23,11:30 PM,04/05/2026,172,PAPANASAM,INDIA/SPA,1,207723,33.354033977941775
S22172,PAPANASAM - 172,AZARUDEEN UDUMAN ALI,Tamilaga Vettri Kazhagam,67855,364,68219,32.84,23/23,11:30 PM,04/05/2026,172,PAPANASAM,Solo,2,207723,32.84133196612797
S22172,PAPANASAM - 172,DORAI. SHANMUGA PRABU,All India Anna Dravida Munnetra Kazhagam,56543,529,57072,27.48,23/23,11:30 PM,04/05/2026,172,PAPANASAM,NDA,3,207723,27.475050909143427
S22172,PAPANASAM - 172,ANIS FATHIMA,Naam Tamilar Katchi,9497,107,9604,4.62,23/23,11:30 PM,04/05/2026,172,PAPANASAM,Solo,4,207723,4.623464902779182
S22172,PAPANASAM - 172,NOTA,None of the Above,702,14,716,0.34,23/23,11:30 PM,04/05/2026,172,PAPANASAM,NOTA/Unaligned,5,207723,0.34468980324759413
S22172,PAPANASAM - 172,C. CHANDRASEKARAN,Thamizh Desiya Munnetra Kazhagam,515,9,524,0.25,23/23,11:30 PM,04/05/2026,172,PAPANASAM,-,6,207723,0.25225901801918904
S22172,PAPANASAM - 172,A. ANIS FATHIMA ABDUL RAHIM,Independent,501,2,503,0.24,23/23,11:30 PM,04/05/2026,172,PAPANASAM,Independent,7,207723,0.2421494008848322
S22172,PAPANASAM - 172,K. MASILAMANI,Communist Party of India (Marxist-Leninist) (Liberation),354,1,355,0.17,23/23,11:30 PM,04/05/2026,172,PAPANASAM,-,8,207723,0.17090067060460323
S22172,PAPANASAM - 172,B. DHAMODHARAN,Tamizhaga Vaazhvurimai Katchi,303,4,307,0.15,23/23,11:30 PM,04/05/2026,172,PAPANASAM,-,9,207723,0.14779297429750196
S22172,PAPANASAM - 172,S. NATARAJAN,Independent,296,1,297,0.14,23/23,11:30 PM,04/05/2026,172,PAPANASAM,Independent,10,207723,0.14297887090018918
S22172,PAPANASAM - 172,V. THIYAGARAJAN,Independent,248,0,248,0.12,23/23,11:30 PM,04/05/2026,172,PAPANASAM,Independent,11,207723,0.11938976425335664
S22172,PAPANASAM - 172,V. KULANDHAIVELU,Independent,202,3,205,0.1,23/23,11:30 PM,04/05/2026,172,PAPANASAM,Independent,12,207723,0.09868911964491173
S22172,PAPANASAM - 172,A S THANGARASU,Independent,196,5,201,0.1,23/23,11:30 PM,04/05/2026,172,PAPANASAM,Independent,13,207723,0.09676347828598662
S22172,PAPANASAM - 172,K. RAJENDRAN,Independent,187,1,188,0.09,23/23,11:30 PM,04/05/2026,172,PAPANASAM,Independent,14,207723,0.09050514386948003
S22173,THIRUVAIYARU - 173,DURAI. CHANDRASEKARAN,Dravida Munnetra Kazhagam,79538,887,80425,36.21,25/25,11:30 PM,04/05/2026,173,THIRUVAIYARU,INDIA/SPA,1,222111,36.20937279108194
S22173,THIRUVAIYARU - 173,MATHI. MANIKANDAN,Tamilaga Vettri Kazhagam,71280,590,71870,32.36,25/25,11:30 PM,04/05/2026,173,THIRUVAIYARU,Solo,2,222111,32.357695026360695
S22173,THIRUVAIYARU - 173,VELU. KARTHIKEYAN,Amma Makkal Munnettra Kazagam,54663,458,55121,24.82,25/25,11:30 PM,04/05/2026,173,THIRUVAIYARU,NDA,3,222111,24.81687084385735
S22173,THIRUVAIYARU - 173,DURAI. SENTHILNATHAN,Naam Tamilar Katchi,10539,142,10681,4.81,25/25,11:30 PM,04/05/2026,173,THIRUVAIYARU,Solo,4,222111,4.808856832844839
S22173,THIRUVAIYARU - 173,VIJAYA BABU,Tamizhaga Vaazhvurimai Katchi,1106,24,1130,0.51,25/25,11:30 PM,04/05/2026,173,THIRUVAIYARU,-,5,222111,0.5087546316931624
S22173,THIRUVAIYARU - 173,NOTA,None of the Above,935,13,948,0.43,25/25,11:30 PM,04/05/2026,173,THIRUVAIYARU,NOTA/Unaligned,6,222111,0.42681362021691854
S22173,THIRUVAIYARU - 173,RAJASEKARAN. S,Independent,345,12,357,0.16,25/25,11:30 PM,04/05/2026,173,THIRUVAIYARU,Independent,7,222111,0.1607304455880168
S22173,THIRUVAIYARU - 173,V. VENU,Puthiya Tamilagam,341,11,352,0.16,25/25,11:30 PM,04/05/2026,173,THIRUVAIYARU,-,8,222111,0.15847931889910902
S22173,THIRUVAIYARU - 173,R. RAJKUMAR,Independent,306,0,306,0.14,25/25,11:30 PM,04/05/2026,173,THIRUVAIYARU,Independent,9,222111,0.13776895336115727
S22173,THIRUVAIYARU - 173,S. VIJAYAKUMAR,Anna Puratchi Thalaivar Amma Dravida Munnetra Kazhagam,293,0,293,0.13,25/25,11:30 PM,04/05/2026,173,THIRUVAIYARU,NDA,10,222111,0.131916023969997
S22173,THIRUVAIYARU - 173,R. SATHIYANARAYANAN,Independent,177,1,178,0.08,25/25,11:30 PM,04/05/2026,173,THIRUVAIYARU,Independent,11,222111,0.08014011012511763
S22173,THIRUVAIYARU - 173,JAYAINDHRAESWARAN,Independent,167,0,167,0.08,25/25,11:30 PM,04/05/2026,173,THIRUVAIYARU,Independent,12,222111,0.07518763140952046
S22173,THIRUVAIYARU - 173,ER.S. ARJUN,Independent,151,5,156,0.07,25/25,11:30 PM,04/05/2026,173,THIRUVAIYARU,Independent,13,222111,0.0702351526939233
S22173,THIRUVAIYARU - 173,ABIMAN,Independent,125,2,127,0.06,25/25,11:30 PM,04/05/2026,173,THIRUVAIYARU,Independent,14,222111,0.05717861789825808
S22174,THANJAVUR - 174,R. VIJAYSARAVANAN,Tamilaga Vettri Kazhagam,86874,831,87705,44.12,24/24,11:30 PM,04/05/2026,174,THANJAVUR,Solo,1,198798,44.11764705882353
S22174,THANJAVUR - 174,SHAN. RAMANATHAN,Dravida Munnetra Kazhagam,69339,1411,70750,35.59,24/24,11:30 PM,04/05/2026,174,THANJAVUR,INDIA/SPA,2,198798,35.58888922423767
S22174,THANJAVUR - 174,KARUPPU MURUGANANTHAM,Bharatiya Janata Party,26350,440,26790,13.48,24/24,11:30 PM,04/05/2026,174,THANJAVUR,NDA,3,198798,13.475990704131833
S22174,THANJAVUR - 174,N. KRISHNAKUMAR,Naam Tamilar Katchi,9235,148,9383,4.72,24/24,11:30 PM,04/05/2026,174,THANJAVUR,Solo,4,198798,4.719866397046248
S22174,THANJAVUR - 174,NOTA,None of the Above,1245,29,1274,0.64,24/24,11:30 PM,04/05/2026,174,THANJAVUR,NOTA/Unaligned,5,198798,0.6408515176209016
S22174,THANJAVUR - 174,R. MURALIDHARAN,Independent,822,22,844,0.42,24/24,11:30 PM,04/05/2026,174,THANJAVUR,Independent,6,198798,0.42455155484461615
S22174,THANJAVUR - 174,S. KARIKALA CHOLAN,Independent,793,7,800,0.4,24/24,11:30 PM,04/05/2026,174,THANJAVUR,Independent,7,198798,0.4024185353977404
S22174,THANJAVUR - 174,S. MUTHUVEL,Bahujan Dravida Party,508,5,513,0.26,24/24,11:30 PM,04/05/2026,174,THANJAVUR,-,8,198798,0.25805088582380104
S22174,THANJAVUR - 174,H. MOHAMED ABDUL KHADIR,Tamizhaga Vaazhvurimai Katchi,264,2,266,0.13,24/24,11:30 PM,04/05/2026,174,THANJAVUR,-,9,198798,0.13380416301974868
S22174,THANJAVUR - 174,M. SANTHOSH,Independent,170,9,179,0.09,24/24,11:30 PM,04/05/2026,174,THANJAVUR,Independent,10,198798,0.09004114729524441
S22174,THANJAVUR - 174,D. KUMARAN,Independent,156,1,157,0.08,24/24,11:30 PM,04/05/2026,174,THANJAVUR,Independent,11,198798,0.07897463757180656
S22174,THANJAVUR - 174,R. SABTHAGIRI,Independent,136,1,137,0.07,24/24,11:30 PM,04/05/2026,174,THANJAVUR,Independent,12,198798,0.06891417418686305
S22175,ORATHANADU - 175,R. VAITHILINGAM,Dravida Munnetra Kazhagam,85816,943,86759,44.42,24/24,11:27 PM,04/05/2026,175,ORATHANADU,INDIA/SPA,1,195304,44.42254126899603
S22175,ORATHANADU - 175,DR. K. ARVIND,Tamilaga Vettri Kazhagam,51412,319,51731,26.49,24/24,11:27 PM,04/05/2026,175,ORATHANADU,Solo,2,195304,26.487424732724367
S22175,ORATHANADU - 175,M. SEKAR,All India Anna Dravida Munnetra Kazhagam,43890,370,44260,22.66,24/24,11:27 PM,04/05/2026,175,ORATHANADU,NDA,3,195304,22.662106254864213
S22175,ORATHANADU - 175,S.THIRUMURUGAN,Naam Tamilar Katchi,10048,87,10135,5.19,24/24,11:27 PM,04/05/2026,175,ORATHANADU,Solo,4,195304,5.189345840330971
S22175,ORATHANADU - 175,NOTA,None of the Above,625,6,631,0.32,24/24,11:27 PM,04/05/2026,175,ORATHANADU,NOTA/Unaligned,5,195304,0.3230860607053619
S22175,ORATHANADU - 175,M. SELVARAJ,Party for the Rights of Other backward Classes,545,3,548,0.28,24/24,11:27 PM,04/05/2026,175,ORATHANADU,-,6,195304,0.2805882111989514
S22175,ORATHANADU - 175,M. KANAGARAJ,Independent,353,1,354,0.18,24/24,11:27 PM,04/05/2026,175,ORATHANADU,Independent,7,195304,0.1812558882562569
S22175,ORATHANADU - 175,C. GUNASEKARAN,Thamizh Desiya Munnetra Kazhagam,351,1,352,0.18,24/24,11:27 PM,04/05/2026,175,ORATHANADU,-,8,195304,0.18023184368983738
S22175,ORATHANADU - 175,T. VIJAYAKUMAR,Independent,269,8,277,0.14,24/24,11:27 PM,04/05/2026,175,ORATHANADU,Independent,9,195304,0.14183017244910498
S22175,ORATHANADU - 175,A. AJESHKANNAN,Independent,257,0,257,0.13,24/24,11:27 PM,04/05/2026,175,ORATHANADU,Independent,10,195304,0.13158972678490968
S22176,PATTUKKOTTAI - 176,ANNADURAI K,Dravida Munnetra Kazhagam,65297,666,65963,35.9,24/24,11:30 PM,04/05/2026,176,PATTUKKOTTAI,INDIA/SPA,1,183745,35.89920814171814
S22176,PATTUKKOTTAI - 176,MATHAN C,Tamilaga Vettri Kazhagam,51962,247,52209,28.41,24/24,11:30 PM,04/05/2026,176,PATTUKKOTTAI,Solo,2,183745,28.41383439005143
S22176,PATTUKKOTTAI - 176,SEKAR C V,All India Anna Dravida Munnetra Kazhagam,49324,251,49575,26.98,24/24,11:30 PM,04/05/2026,176,PATTUKKOTTAI,NDA,3,183745,26.980325995265176
S22176,PATTUKKOTTAI - 176,KANNAN S,Naam Tamilar Katchi,13032,113,13145,7.15,24/24,11:30 PM,04/05/2026,176,PATTUKKOTTAI,Solo,4,183745,7.153936161528205
S22176,PATTUKKOTTAI - 176,NOTA,None of the Above,729,9,738,0.4,24/24,11:30 PM,04/05/2026,176,PATTUKKOTTAI,NOTA/Unaligned,5,183745,0.4016435821382895
S22176,PATTUKKOTTAI - 176,GURUMOORTHY M,Puthiya Tamilagam,519,2,521,0.28,24/24,11:30 PM,04/05/2026,176,PATTUKKOTTAI,-,6,183745,0.28354513047974095
S22176,PATTUKKOTTAI - 176,ANNADURAI C N,Independent,382,0,382,0.21,24/24,11:30 PM,04/05/2026,176,PATTUKKOTTAI,Independent,7,183745,0.2078968135187352
S22176,PATTUKKOTTAI - 176,ZIAUDEEN A J,Independent,285,4,289,0.16,24/24,11:30 PM,04/05/2026,176,PATTUKKOTTAI,Independent,8,183745,0.15728319137935726
S22176,PATTUKKOTTAI - 176,MOHAMED SHARIF M,Independent,243,7,250,0.14,24/24,11:30 PM,04/05/2026,176,PATTUKKOTTAI,Independent,9,183745,0.13605812403058587
S22176,PATTUKKOTTAI - 176,MUTHUKUMAR D,Independent,240,0,240,0.13,24/24,11:30 PM,04/05/2026,176,PATTUKKOTTAI,Independent,10,183745,0.13061579906936244
S22176,PATTUKKOTTAI - 176,SURESH M R,Independent,237,1,238,0.13,24/24,11:30 PM,04/05/2026,176,PATTUKKOTTAI,Independent,11,183745,0.12952733407711775
S22176,PATTUKKOTTAI - 176,SURESH R,Independent,195,0,195,0.11,24/24,11:30 PM,04/05/2026,176,PATTUKKOTTAI,Independent,12,183745,0.10612533674385698
S22177,PERAVURANI - 177,ASHOKKUMAR. N,Dravida Munnetra Kazhagam,60262,657,60919,34.56,21/21,11:30 PM,04/05/2026,177,PERAVURANI,INDIA/SPA,1,176274,34.55926568864382
S22177,PERAVURANI - 177,GOVI.ELANGO,All India Anna Dravida Munnetra Kazhagam,57353,404,57757,32.77,21/21,11:30 PM,04/05/2026,177,PERAVURANI,NDA,2,176274,32.76546739734731
S22177,PERAVURANI - 177,D.CHANDRAKANDEEBAN,Tamilaga Vettri Kazhagam,45394,182,45576,25.86,21/21,11:30 PM,04/05/2026,177,PERAVURANI,Solo,3,176274,25.855202695803126
S22177,PERAVURANI - 177,BHUVANA MANIYARASAN,Naam Tamilar Katchi,9054,68,9122,5.17,21/21,11:30 PM,04/05/2026,177,PERAVURANI,Solo,4,176274,5.174898169894596
S22177,PERAVURANI - 177,NOTA,None of the Above,692,3,695,0.39,21/21,11:30 PM,04/05/2026,177,PERAVURANI,NOTA/Unaligned,5,176274,0.39427255295732777
S22177,PERAVURANI - 177,R.RAVI,All India Puratchi Thalaivar Makkal Munnettra Kazhagam,557,3,560,0.32,21/21,11:30 PM,04/05/2026,177,PERAVURANI,-,6,176274,0.3176872369152569
S22177,PERAVURANI - 177,PASUMAIBHOOMI NATARAJAN,Independent,415,2,417,0.24,21/21,11:30 PM,04/05/2026,177,PERAVURANI,Independent,7,176274,0.23656353177439668
S22177,PERAVURANI - 177,NEIVELI SASIKUMAR,Tamizhaga Vaazhvurimai Katchi,411,4,415,0.24,21/21,11:30 PM,04/05/2026,177,PERAVURANI,-,8,176274,0.23542893449969934
S22177,PERAVURANI - 177,T.ARULMURUGAN,Independent,293,1,294,0.17,21/21,11:30 PM,04/05/2026,177,PERAVURANI,Independent,9,176274,0.16678579938050989
S22177,PERAVURANI - 177,G.CHITHIRAVELU,Puthiya Tamilagam,275,3,278,0.16,21/21,11:30 PM,04/05/2026,177,PERAVURANI,-,10,176274,0.15770902118293112
S22177,PERAVURANI - 177,U.UTHAYAKUMAR,Independent,235,6,241,0.14,21/21,11:30 PM,04/05/2026,177,PERAVURANI,Independent,11,176274,0.13671897160103022
S22178,GANDHARVAKOTTAI - 178,N. SUBRAMANIAN,Tamilaga Vettri Kazhagam,58386,409,58795,35.08,18/18,11:27 PM,04/05/2026,178,GANDHARVAKOTTAI,Solo,1,167618,35.07678172988581
S22178,GANDHARVAKOTTAI - 178,C. UTHAYAKUMAR,Bharatiya Janata Party,47427,329,47756,28.49,18/18,11:27 PM,04/05/2026,178,GANDHARVAKOTTAI,NDA,2,167618,28.490973523129973
S22178,GANDHARVAKOTTAI - 178,M. CHINNADURAI,Communist Party of India (Marxist),46188,546,46734,27.88,18/18,11:27 PM,04/05/2026,178,GANDHARVAKOTTAI,INDIA/SPA,3,167618,27.881253803290814
S22178,GANDHARVAKOTTAI - 178,NATHIYA,Naam Tamilar Katchi,10082,107,10189,6.08,18/18,11:27 PM,04/05/2026,178,GANDHARVAKOTTAI,Solo,4,167618,6.0787027646195515
S22178,GANDHARVAKOTTAI - 178,NOTA,None of the Above,1120,7,1127,0.67,18/18,11:27 PM,04/05/2026,178,GANDHARVAKOTTAI,NOTA/Unaligned,5,167618,0.6723621568089346
S22178,GANDHARVAKOTTAI - 178,ARUNKUMAR . S,Independent,642,11,653,0.39,18/18,11:27 PM,04/05/2026,178,GANDHARVAKOTTAI,Independent,6,167618,0.38957629848822917
S22178,GANDHARVAKOTTAI - 178,SENTHILKUMAR N,Independent,637,5,642,0.38,18/18,11:27 PM,04/05/2026,178,GANDHARVAKOTTAI,Independent,7,167618,0.38301375747234784
S22178,GANDHARVAKOTTAI - 178,M. LAKSHMANAN,Independent,584,0,584,0.35,18/18,11:27 PM,04/05/2026,178,GANDHARVAKOTTAI,Independent,8,167618,0.3484112684795189
S22178,GANDHARVAKOTTAI - 178,DHANARASU,Namadhu Makkal Katchi,403,2,405,0.24,18/18,11:27 PM,04/05/2026,178,GANDHARVAKOTTAI,-,9,167618,0.24162082831199513
S22178,GANDHARVAKOTTAI - 178,T. MURUGESAN,Independent,403,1,404,0.24,18/18,11:27 PM,04/05/2026,178,GANDHARVAKOTTAI,Independent,10,167618,0.24102423367418774
S22178,GANDHARVAKOTTAI - 178,SASIKUMAR P,Independent,320,9,329,0.2,18/18,11:27 PM,04/05/2026,178,GANDHARVAKOTTAI,Independent,11,167618,0.1962796358386331
S22179,VIRALIMALAI - 179,VIJAYABASKAR. C,All India Anna Dravida Munnetra Kazhagam,104857,916,105773,51.87,22/22,11:30 PM,04/05/2026,179,VIRALIMALAI,NDA,1,203921,51.86959655945194
S22179,VIRALIMALAI - 179,MURUGESAN. P,Tamilaga Vettri Kazhagam,43464,236,43700,21.43,22/22,11:30 PM,04/05/2026,179,VIRALIMALAI,Solo,2,203921,21.429867448668848
S22179,VIRALIMALAI - 179,CHELLAPANDIYAN. K.K,Dravida Munnetra Kazhagam,39884,513,40397,19.81,22/22,11:30 PM,04/05/2026,179,VIRALIMALAI,INDIA/SPA,3,203921,19.810122547457105
S22179,VIRALIMALAI - 179,SATHYALAKSHMI. K,Naam Tamilar Katchi,9389,78,9467,4.64,22/22,11:30 PM,04/05/2026,179,VIRALIMALAI,Solo,4,203921,4.642484099234507
S22179,VIRALIMALAI - 179,KARTHIKA PRAKASH,All India Puratchi Thalaivar Makkal Munnettra Kazhagam,830,4,834,0.41,22/22,11:30 PM,04/05/2026,179,VIRALIMALAI,-,5,203921,0.40898190966109427
S22179,VIRALIMALAI - 179,MAHENDIRAN. K,Independent,555,0,555,0.27,22/22,11:30 PM,04/05/2026,179,VIRALIMALAI,Independent,6,203921,0.27216422045792243
S22179,VIRALIMALAI - 179,THIRUVENDRAN. V,Independent,424,0,424,0.21,22/22,11:30 PM,04/05/2026,179,VIRALIMALAI,Independent,7,203921,0.2079236567101966
S22179,VIRALIMALAI - 179,NOTA,None of the Above,370,5,375,0.18,22/22,11:30 PM,04/05/2026,179,VIRALIMALAI,NOTA/Unaligned,8,203921,0.18389474355265029
S22179,VIRALIMALAI - 179,PALANISAMY. K,Veerath Thiyagi Viswanathadoss Thozhilalarkal Katchi,261,0,261,0.13,22/22,11:30 PM,04/05/2026,179,VIRALIMALAI,-,9,203921,0.1279907415126446
S22179,VIRALIMALAI - 179,SELVARAJ. A,Puthiya Tamilagam,245,6,251,0.12,22/22,11:30 PM,04/05/2026,179,VIRALIMALAI,-,10,203921,0.12308688168457393
S22179,VIRALIMALAI - 179,THIRUMURUGAN. K,Independent,217,1,218,0.11,22/22,11:30 PM,04/05/2026,179,VIRALIMALAI,Independent,11,203921,0.1069041442519407
S22179,VIRALIMALAI - 179,BALAVEL MURUGESAN. T,Independent,215,0,215,0.11,22/22,11:30 PM,04/05/2026,179,VIRALIMALAI,Independent,12,203921,0.1054329863035195
S22179,VIRALIMALAI - 179,BALASUBRAMANIAN. K.K,Independent,205,0,205,0.1,22/22,11:30 PM,04/05/2026,179,VIRALIMALAI,Independent,13,203921,0.10052912647544883
S22179,VIRALIMALAI - 179,MANIKANDAN. M,Independent,157,0,157,0.08,22/22,11:30 PM,04/05/2026,179,VIRALIMALAI,Independent,14,203921,0.07699059930070959
S22179,VIRALIMALAI - 179,JAYAGANDHI. R,Independent,153,0,153,0.08,22/22,11:30 PM,04/05/2026,179,VIRALIMALAI,Independent,15,203921,0.07502905536948132
S22179,VIRALIMALAI - 179,PALANISAMY. A,Independent,134,0,134,0.07,22/22,11:30 PM,04/05/2026,179,VIRALIMALAI,Independent,16,203921,0.06571172169614704
S22179,VIRALIMALAI - 179,BALASUBRAMANIAN. M,Independent,130,0,130,0.06,22/22,11:30 PM,04/05/2026,179,VIRALIMALAI,Independent,17,203921,0.06375017776491877
S22179,VIRALIMALAI - 179,ADAIKALARAJ. S,Independent,95,1,96,0.05,22/22,11:30 PM,04/05/2026,179,VIRALIMALAI,Independent,18,203921,0.047077054349478474
S22179,VIRALIMALAI - 179,VEERAMANI. M,Independent,90,0,90,0.04,22/22,11:30 PM,04/05/2026,179,VIRALIMALAI,Independent,19,203921,0.04413473845263607
S22179,VIRALIMALAI - 179,SUBBAIAH. R,Independent,71,4,75,0.04,22/22,11:30 PM,04/05/2026,179,VIRALIMALAI,Independent,20,203921,0.03677894871053006
S22179,VIRALIMALAI - 179,JOTHIVEL. A,Independent,73,0,73,0.04,22/22,11:30 PM,04/05/2026,179,VIRALIMALAI,Independent,21,203921,0.03579817674491592
S22179,VIRALIMALAI - 179,THIRUMURUGAN. A,Independent,68,2,70,0.03,22/22,11:30 PM,04/05/2026,179,VIRALIMALAI,Independent,22,203921,0.03432701879649472
S22179,VIRALIMALAI - 179,CHANDRAJOTHI. M,Independent,58,2,60,0.03,22/22,11:30 PM,04/05/2026,179,VIRALIMALAI,Independent,23,203921,0.029423158968424047
S22179,VIRALIMALAI - 179,MATHIYALAGAN. G,Independent,57,1,58,0.03,22/22,11:30 PM,04/05/2026,179,VIRALIMALAI,Independent,24,203921,0.02844238700280991
S22179,VIRALIMALAI - 179,VEERAMANI. M,Independent,56,0,56,0.03,22/22,11:30 PM,04/05/2026,179,VIRALIMALAI,Independent,25,203921,0.027461615037195776
S22179,VIRALIMALAI - 179,ALAGAR. P ADVOCATE,Independent,52,0,52,0.03,22/22,11:30 PM,04/05/2026,179,VIRALIMALAI,Independent,26,203921,0.025500071105967508
S22179,VIRALIMALAI - 179,RAJA. P,Independent,41,1,42,0.02,22/22,11:30 PM,04/05/2026,179,VIRALIMALAI,Independent,27,203921,0.020596211277896834
S22180,PUDUKKOTTAI - 180,V. MUTHURAJA,Dravida Munnetra Kazhagam,65745,1080,66825,35.1,22/22,11:30 PM,04/05/2026,180,PUDUKKOTTAI,INDIA/SPA,1,190378,35.10121967874439
S22180,PUDUKKOTTAI - 180,K.M. SHARIFF,Tamilaga Vettri Kazhagam,64454,504,64958,34.12,22/22,11:30 PM,04/05/2026,180,PUDUKKOTTAI,Solo,2,190378,34.1205391379256
S22180,PUDUKKOTTAI - 180,N. RAMACHANDRAN,Bharatiya Janata Party,40686,403,41089,21.58,22/22,11:30 PM,04/05/2026,180,PUDUKKOTTAI,NDA,3,190378,21.58285095966971
S22180,PUDUKKOTTAI - 180,EZHILARASI VIJAYENDRAN,Naam Tamilar Katchi,11509,164,11673,6.13,22/22,11:30 PM,04/05/2026,180,PUDUKKOTTAI,Solo,4,190378,6.131485780920064
S22180,PUDUKKOTTAI - 180,K. KAILASAKUMAR,Independent,666,3,669,0.35,22/22,11:30 PM,04/05/2026,180,PUDUKKOTTAI,Independent,5,190378,0.35140614987025814
S22180,PUDUKKOTTAI - 180,E. RAMALINGAM,Party for the Rights of Other backward Classes,507,3,510,0.27,22/22,11:30 PM,04/05/2026,180,PUDUKKOTTAI,-,6,190378,0.2678880963136497
S22180,PUDUKKOTTAI - 180,NOTA,None of the Above,440,27,467,0.25,22/22,11:30 PM,04/05/2026,180,PUDUKKOTTAI,NOTA/Unaligned,7,190378,0.24530145289896943
S22180,PUDUKKOTTAI - 180,SENTHILNATHAN .B,Independent,465,1,466,0.24,22/22,11:30 PM,04/05/2026,180,PUDUKKOTTAI,Independent,8,190378,0.24477618212188382
S22180,PUDUKKOTTAI - 180,S. NIYAZ AHAMED,Tamizhaga Vaazhvurimai Katchi,369,3,372,0.2,22/22,11:30 PM,04/05/2026,180,PUDUKKOTTAI,-,9,190378,0.1954007290758386
S22180,PUDUKKOTTAI - 180,S. SELVARAJ,Independent,350,1,351,0.18,22/22,11:30 PM,04/05/2026,180,PUDUKKOTTAI,Independent,10,190378,0.18437004275704125
S22180,PUDUKKOTTAI - 180,G. DURAISARAVANAN,Independent,324,0,324,0.17,22/22,11:30 PM,04/05/2026,180,PUDUKKOTTAI,Independent,11,190378,0.17018773177573038
S22180,PUDUKKOTTAI - 180,C. GOVINDASAMY,Independent,238,1,239,0.13,22/22,11:30 PM,04/05/2026,180,PUDUKKOTTAI,Independent,12,190378,0.12553971572345543
S22180,PUDUKKOTTAI - 180,C. KARUPPAIAH,Independent,227,6,233,0.12,22/22,11:30 PM,04/05/2026,180,PUDUKKOTTAI,Independent,13,190378,0.12238809106094191
S22180,PUDUKKOTTAI - 180,A. SUBARESH RAJA,Independent,232,0,232,0.12,22/22,11:30 PM,04/05/2026,180,PUDUKKOTTAI,Independent,14,190378,0.12186282028385632
S22180,PUDUKKOTTAI - 180,KANGATHARAN .P,Independent,210,0,210,0.11,22/22,11:30 PM,04/05/2026,180,PUDUKKOTTAI,Independent,15,190378,0.1103068631879734
S22180,PUDUKKOTTAI - 180,D. RAMESH,Independent,193,0,193,0.1,22/22,11:30 PM,04/05/2026,180,PUDUKKOTTAI,Independent,16,190378,0.10137725997751841
S22180,PUDUKKOTTAI - 180,R. SIVAKUMAR,Independent,192,0,192,0.1,22/22,11:30 PM,04/05/2026,180,PUDUKKOTTAI,Independent,17,190378,0.10085198920043283
S22180,PUDUKKOTTAI - 180,R. RAMACHANDRAN,Independent,190,0,190,0.1,22/22,11:30 PM,04/05/2026,180,PUDUKKOTTAI,Independent,18,190378,0.09980144764626164
S22180,PUDUKKOTTAI - 180,V.R. JAYAKUMAR,Independent,127,2,129,0.07,22/22,11:30 PM,04/05/2026,180,PUDUKKOTTAI,Independent,19,190378,0.0677599302440408
S22180,PUDUKKOTTAI - 180,RAMACHANDRAN .C,Independent,125,3,128,0.07,22/22,11:30 PM,04/05/2026,180,PUDUKKOTTAI,Independent,20,190378,0.06723465946695521
S22180,PUDUKKOTTAI - 180,K. RENGAN,Puthiya Tamilagam,121,1,122,0.06,22/22,11:30 PM,04/05/2026,180,PUDUKKOTTAI,-,21,190378,0.06408303480444169
S22180,PUDUKKOTTAI - 180,C. KARUPPAIAH,Independent,112,0,112,0.06,22/22,11:30 PM,04/05/2026,180,PUDUKKOTTAI,Independent,22,190378,0.058830327033585816
S22180,PUDUKKOTTAI - 180,K. DHANAGOPAL,Independent,102,0,102,0.05,22/22,11:30 PM,04/05/2026,180,PUDUKKOTTAI,Independent,23,190378,0.053577619262729935
S22180,PUDUKKOTTAI - 180,G. MANIMEGALAI,Communist Party of India (Marxist-Leninist) (Liberation),100,0,100,0.05,22/22,11:30 PM,04/05/2026,180,PUDUKKOTTAI,-,24,190378,0.05252707770855876
S22180,PUDUKKOTTAI - 180,C. RAMACHANDRAN,Independent,89,0,89,0.05,22/22,11:30 PM,04/05/2026,180,PUDUKKOTTAI,Independent,25,190378,0.0467490991606173
S22180,PUDUKKOTTAI - 180,M. A. MUTHUKUMAR,Independent,79,4,83,0.04,22/22,11:30 PM,04/05/2026,180,PUDUKKOTTAI,Independent,26,190378,0.04359747449810377
S22180,PUDUKKOTTAI - 180,G. ARIVAZHAGAN,Independent,80,1,81,0.04,22/22,11:30 PM,04/05/2026,180,PUDUKKOTTAI,Independent,27,190378,0.042546932943932594
S22180,PUDUKKOTTAI - 180,A. RAJASEKAR,Veerath Thiyagi Viswanathadoss Thozhilalarkal Katchi,74,0,74,0.04,22/22,11:30 PM,04/05/2026,180,PUDUKKOTTAI,-,28,190378,0.03887003750433348
S22180,PUDUKKOTTAI - 180,K. MURUGESAN,Independent,64,0,64,0.03,22/22,11:30 PM,04/05/2026,180,PUDUKKOTTAI,Independent,29,190378,0.033617329733477606
S22180,PUDUKKOTTAI - 180,G. MUTHURAJ,Independent,60,2,62,0.03,22/22,11:30 PM,04/05/2026,180,PUDUKKOTTAI,Independent,30,190378,0.03256678817930643
S22180,PUDUKKOTTAI - 180,A. RADHAKRISHNAN,Independent,39,0,39,0.02,22/22,11:30 PM,04/05/2026,180,PUDUKKOTTAI,Independent,31,190378,0.020485560306337917
S22181,THIRUMAYAM - 181,REGUPATHY.S,Dravida Munnetra Kazhagam,57676,525,58201,31.87,22/22,11:30 PM,04/05/2026,181,THIRUMAYAM,INDIA/SPA,1,182612,31.871399469914355
S22181,THIRUMAYAM - 181,CHINTHAMANI.C,Tamilaga Vettri Kazhagam,56463,246,56709,31.05,22/22,11:30 PM,04/05/2026,181,THIRUMAYAM,Solo,2,182612,31.05436663527041
S22181,THIRUMAYAM - 181,VAIRAMUTHU.PK,All India Anna Dravida Munnetra Kazhagam,55073,391,55464,30.37,22/22,11:30 PM,04/05/2026,181,THIRUMAYAM,NDA,3,182612,30.372593257836286
S22181,THIRUMAYAM - 181,LAKSHMI SRINIVASAN,Naam Tamilar Katchi,9037,65,9102,4.98,22/22,11:30 PM,04/05/2026,181,THIRUMAYAM,Solo,4,182612,4.984338378638863
S22181,THIRUMAYAM - 181,NOTA,None of the Above,937,8,945,0.52,22/22,11:30 PM,04/05/2026,181,THIRUMAYAM,NOTA/Unaligned,5,182612,0.5174906358837317
S22181,THIRUMAYAM - 181,SUBBIAH.A,Puthiya Tamilagam,358,1,359,0.2,22/22,11:30 PM,04/05/2026,181,THIRUMAYAM,-,6,182612,0.1965916807219679
S22181,THIRUMAYAM - 181,DURAIRAJAN.M,Independent,289,0,289,0.16,22/22,11:30 PM,04/05/2026,181,THIRUMAYAM,Independent,7,182612,0.15825904102687666
S22181,THIRUMAYAM - 181,RAMNATH.T,Independent,285,2,287,0.16,22/22,11:30 PM,04/05/2026,181,THIRUMAYAM,Independent,8,182612,0.15716382274987406
S22181,THIRUMAYAM - 181,SUBRAMANIAN.P,Independent,278,1,279,0.15,22/22,11:30 PM,04/05/2026,181,THIRUMAYAM,Independent,9,182612,0.15278294964186362
S22181,THIRUMAYAM - 181,ESWAR.S,Independent,238,0,238,0.13,22/22,11:30 PM,04/05/2026,181,THIRUMAYAM,Independent,10,182612,0.1303309749633102
S22181,THIRUMAYAM - 181,MUTHUKARUPPAN.CN,Party for the Rights of Other backward Classes,225,3,228,0.12,22/22,11:30 PM,04/05/2026,181,THIRUMAYAM,-,11,182612,0.12485488357829716
S22181,THIRUMAYAM - 181,CHINNATHAMBI.P,Independent,193,0,193,0.11,22/22,11:30 PM,04/05/2026,181,THIRUMAYAM,Independent,12,182612,0.10568856373075154
S22181,THIRUMAYAM - 181,RAJA.K,All India Puratchi Thalaivar Makkal Munnettra Kazhagam,133,2,135,0.07,22/22,11:30 PM,04/05/2026,181,THIRUMAYAM,-,13,182612,0.07392723369767595
S22181,THIRUMAYAM - 181,RAMSINGH.SK,Tamizhaga Vaazhvurimai Katchi,97,0,97,0.05,22/22,11:30 PM,04/05/2026,181,THIRUMAYAM,-,14,182612,0.05311808643462642
S22181,THIRUMAYAM - 181,SATHISHKUMAR.M,Independent,86,0,86,0.05,22/22,11:30 PM,04/05/2026,181,THIRUMAYAM,Independent,15,182612,0.047094385911112084
S22182,ALANGUDI - 182,SIVA.V.MEYYANATHAN,Dravida Munnetra Kazhagam,64162,767,64929,35.98,21/21,11:27 PM,04/05/2026,182,ALANGUDI,INDIA/SPA,1,180483,35.97513339206463
S22182,ALANGUDI - 182,KANDASAMY,Tamilaga Vettri Kazhagam,51577,375,51952,28.78,21/21,11:27 PM,04/05/2026,182,ALANGUDI,Solo,2,180483,28.784982519129226
S22182,ALANGUDI - 182,DHANA VIMAL,All India Anna Dravida Munnetra Kazhagam,49794,269,50063,27.74,21/21,11:27 PM,04/05/2026,182,ALANGUDI,NDA,3,180483,27.738346547874315
S22182,ALANGUDI - 182,R.RAJARAM,Naam Tamilar Katchi,10531,121,10652,5.9,21/21,11:27 PM,04/05/2026,182,ALANGUDI,Solo,4,180483,5.9019409030213374
S22182,ALANGUDI - 182,NOTA,None of the Above,664,9,673,0.37,21/21,11:27 PM,04/05/2026,182,ALANGUDI,NOTA/Unaligned,5,180483,0.3728883052697484
S22182,ALANGUDI - 182,D.PUSHPARAJ,All India Puratchi Thalaivar Makkal Munnettra Kazhagam,603,15,618,0.34,21/21,11:27 PM,04/05/2026,182,ALANGUDI,-,6,180483,0.34241452103522213
S22182,ALANGUDI - 182,R.SURESH,Party for the Rights of Other backward Classes,530,0,530,0.29,21/21,11:27 PM,04/05/2026,182,ALANGUDI,-,7,180483,0.29365646625998015
S22182,ALANGUDI - 182,S MALAIYANDI,Akila Inthiya Makkal Marumalarchi Kazhakam,183,1,184,0.1,21/21,11:27 PM,04/05/2026,182,ALANGUDI,-,8,180483,0.10194865998459689
S22182,ALANGUDI - 182,K.MURUGESAN,Independent,174,0,174,0.1,21/21,11:27 PM,04/05/2026,182,ALANGUDI,Independent,9,180483,0.09640797194195576
S22182,ALANGUDI - 182,SASIKUMAR.P,Independent,155,3,158,0.09,21/21,11:27 PM,04/05/2026,182,ALANGUDI,Independent,10,180483,0.08754287107372993
S22182,ALANGUDI - 182,B.SELVAM,Independent,131,5,136,0.08,21/21,11:27 PM,04/05/2026,182,ALANGUDI,Independent,11,180483,0.07535335737991944
S22182,ALANGUDI - 182,S.VANMEGANADHAN,Independent,131,1,132,0.07,21/21,11:27 PM,04/05/2026,182,ALANGUDI,Independent,12,180483,0.07313708216286298
S22182,ALANGUDI - 182,M.NAGARAJAN,Independent,123,2,125,0.07,21/21,11:27 PM,04/05/2026,182,ALANGUDI,Independent,13,180483,0.06925860053301419
S22182,ALANGUDI - 182,T.THIRUMARAN,Independent,90,1,91,0.05,21/21,11:27 PM,04/05/2026,182,ALANGUDI,Independent,14,180483,0.05042026118803433
S22182,ALANGUDI - 182,V.KANNADASSAN,Independent,66,0,66,0.04,21/21,11:27 PM,04/05/2026,182,ALANGUDI,Independent,15,180483,0.03656854108143149
S22183,ARANTHANGI - 183,MOHAMED FARVAS. J,Tamilaga Vettri Kazhagam,72661,583,73244,40.08,23/23,11:27 PM,04/05/2026,183,ARANTHANGI,Solo,1,182730,40.083182838067096
S22183,ARANTHANGI - 183,RAMACHANDRAN . T,Indian National Congress,62449,733,63182,34.58,23/23,11:27 PM,04/05/2026,183,ARANTHANGI,INDIA/SPA,2,182730,34.576697860230944
S22183,ARANTHANGI - 183,KAVITHA SRIKANTH,Bharatiya Janata Party,31147,309,31456,17.21,23/23,11:27 PM,04/05/2026,183,ARANTHANGI,NDA,3,182730,17.214469435779566
S22183,ARANTHANGI - 183,MUTHULAKSHMI. S,Naam Tamilar Katchi,9871,104,9975,5.46,23/23,11:27 PM,04/05/2026,183,ARANTHANGI,Solo,4,182730,5.458873748153013
S22183,ARANTHANGI - 183,SHAHUL HAMEED . N,Independent,798,0,798,0.44,23/23,11:27 PM,04/05/2026,183,ARANTHANGI,Independent,5,182730,0.436709899852241
S22183,ARANTHANGI - 183,NAZIM KHAN. M,Tamizhaga Vaazhvurimai Katchi,767,7,774,0.42,23/23,11:27 PM,04/05/2026,183,ARANTHANGI,-,6,182730,0.42357576752585785
S22183,ARANTHANGI - 183,KALIMUTHU. P,Independent,754,8,762,0.42,23/23,11:27 PM,04/05/2026,183,ARANTHANGI,Independent,7,182730,0.4170087013626662
S22183,ARANTHANGI - 183,NOTA,None of the Above,575,5,580,0.32,23/23,11:27 PM,04/05/2026,183,ARANTHANGI,NOTA/Unaligned,8,182730,0.3174081978875937
S22183,ARANTHANGI - 183,DHETCHNA MOORTHY. DOCTOR. S,Independent,401,7,408,0.22,23/23,11:27 PM,04/05/2026,183,ARANTHANGI,Independent,9,182730,0.2232802495485142
S22183,ARANTHANGI - 183,ABDUL JAFFAR. S,Independent,319,3,322,0.18,23/23,11:27 PM,04/05/2026,183,ARANTHANGI,Independent,10,182730,0.17621627537897444
S22183,ARANTHANGI - 183,MURUGARETHINAM. T,Independent,302,3,305,0.17,23/23,11:27 PM,04/05/2026,183,ARANTHANGI,Independent,11,182730,0.16691293164778634
S22183,ARANTHANGI - 183,SUNDAR . A,Independent,291,2,293,0.16,23/23,11:27 PM,04/05/2026,183,ARANTHANGI,Independent,12,182730,0.16034586548459476
S22183,ARANTHANGI - 183,ARUNAGIRI . M,Independent,209,1,210,0.11,23/23,11:27 PM,04/05/2026,183,ARANTHANGI,Independent,13,182730,0.1149236578558529
S22183,ARANTHANGI - 183,KARTHIKEYAN. N,Independent,147,2,149,0.08,23/23,11:27 PM,04/05/2026,183,ARANTHANGI,Independent,14,182730,0.08154107152629562
S22183,ARANTHANGI - 183,AIYAPPAN,Independent,136,2,138,0.08,23/23,11:27 PM,04/05/2026,183,ARANTHANGI,Independent,15,182730,0.07552126087670333
S22183,ARANTHANGI - 183,UDAIYAPPAN. M,Independent,134,0,134,0.07,23/23,11:27 PM,04/05/2026,183,ARANTHANGI,Independent,16,182730,0.07333223882230613
S22184,KARAIKUDI - 184,DR.PRABHU. TK,Tamilaga Vettri Kazhagam,100627,731,101358,44.21,30/30,11:27 PM,04/05/2026,184,KARAIKUDI,Solo,1,229267,44.209589692367416
S22184,KARAIKUDI - 184,MANGUDI. S,Indian National Congress,54417,867,55284,24.11,30/30,11:27 PM,04/05/2026,184,KARAIKUDI,INDIA/SPA,2,229267,24.113370000915964
S22184,KARAIKUDI - 184,DHERPOKI V.PANDI,Amma Makkal Munnettra Kazagam,33066,286,33352,14.55,30/30,11:27 PM,04/05/2026,184,KARAIKUDI,NDA,3,229267,14.547230957791571
S22184,KARAIKUDI - 184,SEEMAN,Naam Tamilar Katchi,30477,316,30793,13.43,30/30,11:27 PM,04/05/2026,184,KARAIKUDI,Solo,4,229267,13.431065090047849
S22184,KARAIKUDI - 184,NEWTON BABU. C,Puthiya Tamilagam,791,5,796,0.35,30/30,11:27 PM,04/05/2026,184,KARAIKUDI,-,5,229267,0.3471934469417753
S22184,KARAIKUDI - 184,VELU. K,Independent,688,1,689,0.3,30/30,11:27 PM,04/05/2026,184,KARAIKUDI,Independent,6,229267,0.30052297103377285
S22184,KARAIKUDI - 184,KALIMUTHU. A,All India Puratchi Thalaivar Makkal Munnettra Kazhagam,597,5,602,0.26,30/30,11:27 PM,04/05/2026,184,KARAIKUDI,-,7,229267,0.2625759485665185
S22184,KARAIKUDI - 184,KARUPPIAH. K,Republican Party of India (Athawale),577,13,590,0.26,30/30,11:27 PM,04/05/2026,184,KARAIKUDI,-,8,229267,0.25734187650206963
S22184,KARAIKUDI - 184,DINESH. K,Independent,531,0,531,0.23,30/30,11:27 PM,04/05/2026,184,KARAIKUDI,Independent,9,229267,0.23160768885186267
S22184,KARAIKUDI - 184,NOTA,None of the Above,513,6,519,0.23,30/30,11:27 PM,04/05/2026,184,KARAIKUDI,NOTA/Unaligned,10,229267,0.2263736167874138
S22184,KARAIKUDI - 184,PRABU. G,Independent,497,5,502,0.22,30/30,11:27 PM,04/05/2026,184,KARAIKUDI,Independent,11,229267,0.2189586813627779
S22184,KARAIKUDI - 184,MANIMARAN. R,Independent,470,1,471,0.21,30/30,11:27 PM,04/05/2026,184,KARAIKUDI,Independent,12,229267,0.2054373285296183
S22184,KARAIKUDI - 184,KALIDASS. R,Independent,460,9,469,0.2,30/30,11:27 PM,04/05/2026,184,KARAIKUDI,Independent,13,229267,0.2045649831855435
S22184,KARAIKUDI - 184,RANJITHKUMAR BALUSAMY,Bahujan Samaj Party,454,4,458,0.2,30/30,11:27 PM,04/05/2026,184,KARAIKUDI,Solo,14,229267,0.19976708379313202
S22184,KARAIKUDI - 184,PANDI. S,Independent,360,1,361,0.16,30/30,11:27 PM,04/05/2026,184,KARAIKUDI,Independent,15,229267,0.15745833460550362
S22184,KARAIKUDI - 184,JEEVITHA. A,Independent,321,0,321,0.14,30/30,11:27 PM,04/05/2026,184,KARAIKUDI,Independent,16,229267,0.14001142772400738
S22184,KARAIKUDI - 184,AZIZ ABDUL RAHMAN. J,Samaniya Makkal Nala Katchi,310,5,315,0.14,30/30,11:27 PM,04/05/2026,184,KARAIKUDI,-,17,229267,0.13739439169178294
S22184,KARAIKUDI - 184,SHANTHI. B,Independent,261,2,263,0.11,30/30,11:27 PM,04/05/2026,184,KARAIKUDI,Independent,18,229267,0.11471341274583782
S22184,KARAIKUDI - 184,LAKSHMANAN. R,Independent,258,0,258,0.11,30/30,11:27 PM,04/05/2026,184,KARAIKUDI,Independent,19,229267,0.11253254938565078
S22184,KARAIKUDI - 184,VEERAMANIKANDAN. V,Independent,234,2,236,0.1,30/30,11:27 PM,04/05/2026,184,KARAIKUDI,Independent,20,229267,0.10293675060082785
S22184,KARAIKUDI - 184,RAMU. M,Independent,214,2,216,0.09,30/30,11:27 PM,04/05/2026,184,KARAIKUDI,Independent,21,229267,0.09421329716007973
S22184,KARAIKUDI - 184,SURESH. V,Independent,214,2,216,0.09,30/30,11:27 PM,04/05/2026,184,KARAIKUDI,Independent,22,229267,0.09421329716007973
S22184,KARAIKUDI - 184,MUTHUKUMAR. K,Independent,171,4,175,0.08,30/30,11:27 PM,04/05/2026,184,KARAIKUDI,Independent,23,229267,0.07633021760654608
S22184,KARAIKUDI - 184,SELVI. K,Independent,169,0,169,0.07,30/30,11:27 PM,04/05/2026,184,KARAIKUDI,Independent,24,229267,0.07371318157432165
S22184,KARAIKUDI - 184,UDHUMAN ALI. M.S,Independent,165,1,166,0.07,30/30,11:27 PM,04/05/2026,184,KARAIKUDI,Independent,25,229267,0.07240466355820942
S22184,KARAIKUDI - 184,RAMANATHAN. S.V,Independent,155,2,157,0.07,30/30,11:27 PM,04/05/2026,184,KARAIKUDI,Independent,26,229267,0.06847910950987277
S22185,TIRUPPATTUR - 185,PERIAKARUPPAN. KR,Dravida Munnetra Kazhagam,82043,1183,83226,38.65,29/30,11:30 PM,04/05/2026,185,TIRUPPATTUR,INDIA/SPA,1,215316,38.652956584740565
S22185,TIRUPPATTUR - 185,SEENIVASA SETHUPATHY. R,Tamilaga Vettri Kazhagam,82831,365,83196,38.64,29/30,11:30 PM,04/05/2026,185,TIRUPPATTUR,Solo,2,215316,38.639023574653066
S22185,TIRUPPATTUR - 185,THIRUMARAN. K.C,Bharatiya Janata Party,28733,276,29009,13.47,29/30,11:30 PM,04/05/2026,185,TIRUPPATTUR,NDA,3,215316,13.472756320942244
S22185,TIRUPPATTUR - 185,RAMYA MOHAN,Naam Tamilar Katchi,15172,102,15274,7.09,29/30,11:30 PM,04/05/2026,185,TIRUPPATTUR,Solo,4,215316,7.093759869215479
S22185,TIRUPPATTUR - 185,RAJA. K.P.M,Independent,744,7,751,0.35,29/30,11:30 PM,04/05/2026,185,TIRUPPATTUR,Independent,5,215316,0.3487896858570659
S22185,TIRUPPATTUR - 185,NOTA,None of the Above,740,6,746,0.35,29/30,11:30 PM,04/05/2026,185,TIRUPPATTUR,NOTA/Unaligned,6,215316,0.34646751750914934
S22185,TIRUPPATTUR - 185,UMADEVI. S,All India Puratchi Thalaivar Makkal Munnettra Kazhagam,603,8,611,0.28,29/30,11:30 PM,04/05/2026,185,TIRUPPATTUR,-,7,215316,0.2837689721154025
S22185,TIRUPPATTUR - 185,VISHWANATHAN. S,Independent,496,0,496,0.23,29/30,11:30 PM,04/05/2026,185,TIRUPPATTUR,Independent,8,215316,0.2303591001133218
S22185,TIRUPPATTUR - 185,SHANMUGAM. M,Independent,379,3,382,0.18,29/30,11:30 PM,04/05/2026,185,TIRUPPATTUR,Independent,9,215316,0.17741366178082446
S22185,TIRUPPATTUR - 185,DR.VINAYAGA MEYYARASU. T,Independent,376,4,380,0.18,29/30,11:30 PM,04/05/2026,185,TIRUPPATTUR,Independent,10,215316,0.17648479444165785
S22185,TIRUPPATTUR - 185,MARIMUTHU. S,Independent,348,2,350,0.16,29/30,11:30 PM,04/05/2026,185,TIRUPPATTUR,Independent,11,215316,0.16255178435415854
S22185,TIRUPPATTUR - 185,BAKIYALAKSHMI. M,Independent,265,1,266,0.12,29/30,11:30 PM,04/05/2026,185,TIRUPPATTUR,Independent,12,215316,0.12353935610916049
S22185,TIRUPPATTUR - 185,PIRAMAN. P,Independent,219,3,222,0.1,29/30,11:30 PM,04/05/2026,185,TIRUPPATTUR,Independent,13,215316,0.10310427464749485
S22185,TIRUPPATTUR - 185,MALLIKA. A,Independent,135,8,143,0.07,29/30,11:30 PM,04/05/2026,185,TIRUPPATTUR,Independent,14,215316,0.06641401475041335
S22185,TIRUPPATTUR - 185,SETHU. P,Independent,134,1,135,0.06,29/30,11:30 PM,04/05/2026,185,TIRUPPATTUR,Independent,15,215316,0.06269854539374686
S22185,TIRUPPATTUR - 185,PANCHAVARNAM. M,Independent,129,0,129,0.06,29/30,11:30 PM,04/05/2026,185,TIRUPPATTUR,Independent,16,215316,0.059911943376247
S22186,SIVAGANGA - 186,KULANTHAI RANI A,Tamilaga Vettri Kazhagam,72917,820,73737,34.45,31/31,11:30 PM,04/05/2026,186,SIVAGANGA,Solo,1,214067,34.44575763662778
S22186,SIVAGANGA - 186,SENTHILNATHAN PR,All India Anna Dravida Munnetra Kazhagam,57987,669,58656,27.4,31/31,11:30 PM,04/05/2026,186,SIVAGANGA,NDA,2,214067,27.400767049568593
S22186,SIVAGANGA - 186,KARUNAAS S,Dravida Munnetra Kazhagam,56470,830,57300,26.77,31/31,11:30 PM,04/05/2026,186,SIVAGANGA,INDIA/SPA,3,214067,26.767320511802378
S22186,SIVAGANGA - 186,INDHUJA R,Naam Tamilar Katchi,18714,307,19021,8.89,31/31,11:30 PM,04/05/2026,186,SIVAGANGA,Solo,4,214067,8.885535836910874
S22186,SIVAGANGA - 186,MURUGANANTHAM GURU,All India Puratchi Thalaivar Makkal Munnettra Kazhagam,1168,18,1186,0.55,31/31,11:30 PM,04/05/2026,186,SIVAGANGA,-,5,214067,0.554032148813222
S22186,SIVAGANGA - 186,NOTA,None of the Above,1040,13,1053,0.49,31/31,11:30 PM,04/05/2026,186,SIVAGANGA,NOTA/Unaligned,6,214067,0.491902068044117
S22186,SIVAGANGA - 186,MARIMUTHU K,Bahujan Samaj Party,445,2,447,0.21,31/31,11:30 PM,04/05/2026,186,SIVAGANGA,Solo,7,214067,0.20881312859992432
S22186,SIVAGANGA - 186,KARTHIK M,Independent,361,8,369,0.17,31/31,11:30 PM,04/05/2026,186,SIVAGANGA,Independent,8,214067,0.17237593837443418
S22186,SIVAGANGA - 186,RAJAMANICKAM M,Desiya Makkal Sakthi Katchi,317,2,319,0.15,31/31,11:30 PM,04/05/2026,186,SIVAGANGA,-,9,214067,0.14901876515296614
S22186,SIVAGANGA - 186,PAULSAMY,Independent,281,1,282,0.13,31/31,11:30 PM,04/05/2026,186,SIVAGANGA,Independent,10,214067,0.13173445696907976
S22186,SIVAGANGA - 186,PRABAKARAN S.T,Independent,282,0,282,0.13,31/31,11:30 PM,04/05/2026,186,SIVAGANGA,Independent,11,214067,0.13173445696907976
S22186,SIVAGANGA - 186,NAGAPRABU,Independent,264,0,264,0.12,31/31,11:30 PM,04/05/2026,186,SIVAGANGA,Independent,12,214067,0.12332587460935128
S22186,SIVAGANGA - 186,RAJESH X,Tamizhaga Vaazhvurimai Katchi,259,4,263,0.12,31/31,11:30 PM,04/05/2026,186,SIVAGANGA,-,13,214067,0.12285873114492192
S22186,SIVAGANGA - 186,RAJKUMAR C,Party for the Rights of Other backward Classes,223,0,223,0.1,31/31,11:30 PM,04/05/2026,186,SIVAGANGA,-,14,214067,0.10417299256774748
S22186,SIVAGANGA - 186,KALEESWARAN M,Independent,207,3,210,0.1,31/31,11:30 PM,04/05/2026,186,SIVAGANGA,Independent,15,214067,0.0981001275301658
S22186,SIVAGANGA - 186,RAMESH K,Independent,195,0,195,0.09,31/31,11:30 PM,04/05/2026,186,SIVAGANGA,Independent,16,214067,0.09109297556372538
S22186,SIVAGANGA - 186,SANTHANAM,Independent,157,4,161,0.08,31/31,11:30 PM,04/05/2026,186,SIVAGANGA,Independent,17,214067,0.07521009777312711
S22186,SIVAGANGA - 186,IRUDAYARAJ V,Independent,98,1,99,0.05,31/31,11:30 PM,04/05/2026,186,SIVAGANGA,Independent,18,214067,0.04624720297850673
S22187,MANAMADURAI - 187,ELANGOVAN.D,Tamilaga Vettri Kazhagam,68882,1089,69971,33.54,27/27,11:27 PM,04/05/2026,187,MANAMADURAI,Solo,1,208643,33.53623174513403
S22187,MANAMADURAI - 187,TAMILARASI.A,Dravida Munnetra Kazhagam,67820,943,68763,32.96,27/27,11:27 PM,04/05/2026,187,MANAMADURAI,INDIA/SPA,2,208643,32.95725234012164
S22187,MANAMADURAI - 187,BALAGANAPATHY.V,Bharatiya Janata Party,41824,786,42610,20.42,27/27,11:27 PM,04/05/2026,187,MANAMADURAI,NDA,3,208643,20.422444079120794
S22187,MANAMADURAI - 187,SHANMUGAPRIYA.M,Naam Tamilar Katchi,19198,478,19676,9.43,27/27,11:27 PM,04/05/2026,187,MANAMADURAI,Solo,4,208643,9.430462560450147
S22187,MANAMADURAI - 187,ARUMUGAM.V,Republican Party of India,1657,35,1692,0.81,27/27,11:27 PM,04/05/2026,187,MANAMADURAI,-,5,208643,0.81095459708689
S22187,MANAMADURAI - 187,THILAGARAJ.K,All India Puratchi Thalaivar Makkal Munnettra Kazhagam,1645,41,1686,0.81,27/27,11:27 PM,04/05/2026,187,MANAMADURAI,-,6,208643,0.8080788715653053
S22187,MANAMADURAI - 187,NOTA,None of the Above,833,13,846,0.41,27/27,11:27 PM,04/05/2026,187,MANAMADURAI,NOTA/Unaligned,7,208643,0.405477298543445
S22187,MANAMADURAI - 187,RAJAMANIKKAM.A,Puthiya Tamilagam,679,27,706,0.34,27/27,11:27 PM,04/05/2026,187,MANAMADURAI,-,8,208643,0.338377036373135
S22187,MANAMADURAI - 187,BHARATHIDASAN.S,Independent,608,4,612,0.29,27/27,11:27 PM,04/05/2026,187,MANAMADURAI,Independent,9,208643,0.2933240032016411
S22187,MANAMADURAI - 187,ARUNPANDIAN.A,Tamizhaga Vaazhvurimai Katchi,475,9,484,0.23,27/27,11:27 PM,04/05/2026,187,MANAMADURAI,-,10,208643,0.23197519207450046
S22187,MANAMADURAI - 187,VEERAPANDI.V,Independent,427,1,428,0.21,27/27,11:27 PM,04/05/2026,187,MANAMADURAI,Independent,11,208643,0.20513508720637644
S22187,MANAMADURAI - 187,RAJU.J.M,Independent,327,1,328,0.16,27/27,11:27 PM,04/05/2026,187,MANAMADURAI,Independent,12,208643,0.15720632851329783
S22187,MANAMADURAI - 187,SATHISH.T,Independent,311,6,317,0.15,27/27,11:27 PM,04/05/2026,187,MANAMADURAI,Independent,13,208643,0.1519341650570592
S22187,MANAMADURAI - 187,SHANKARGANESAN.S,Independent,261,2,263,0.13,27/27,11:27 PM,04/05/2026,187,MANAMADURAI,Independent,14,208643,0.12605263536279673
S22187,MANAMADURAI - 187,KARUPPUSAMI.V,Independent,260,1,261,0.13,27/27,11:27 PM,04/05/2026,187,MANAMADURAI,Independent,15,208643,0.12509406018893518
S22188,MELUR - 188,P.VISWANATHAN,Indian National Congress,59486,594,60080,31.5,21/21,11:27 PM,04/05/2026,188,MELUR,INDIA/SPA,1,190726,31.500686849197276
S22188,MELUR - 188,A.MADURAIVEERAN,Tamilaga Vettri Kazhagam,56916,440,57356,30.07,21/21,11:27 PM,04/05/2026,188,MELUR,Solo,2,190726,30.072459968750984
S22188,MELUR - 188,P.PERIYAPULLAN (A) SELVAM,All India Anna Dravida Munnetra Kazhagam,56327,417,56744,29.75,21/21,11:27 PM,04/05/2026,188,MELUR,NDA,3,190726,29.751580801778466
S22188,MELUR - 188,KOTTAIKUMAR,Naam Tamilar Katchi,9440,130,9570,5.02,21/21,11:27 PM,04/05/2026,188,MELUR,Solo,4,190726,5.017669326678062
S22188,MELUR - 188,SONIAGANDHI,All India Puratchi Thalaivar Makkal Munnettra Kazhagam,2559,69,2628,1.38,21/21,11:27 PM,04/05/2026,188,MELUR,-,5,190726,1.3778928934702137
S22188,MELUR - 188,M.MURUGAN,Independent,2107,63,2170,1.14,21/21,11:27 PM,04/05/2026,188,MELUR,Independent,6,190726,1.1377578306051612
S22188,MELUR - 188,NOTA,None of the Above,544,10,554,0.29,21/21,11:27 PM,04/05/2026,188,MELUR,NOTA/Unaligned,7,190726,0.29046904984113336
S22188,MELUR - 188,M.PANNEERSELVAM,Puthiya Tamilagam,418,5,423,0.22,21/21,11:27 PM,04/05/2026,188,MELUR,-,8,190726,0.22178413011335632
S22188,MELUR - 188,C.RAMESH,Independent,317,0,317,0.17,21/21,11:27 PM,04/05/2026,188,MELUR,Independent,9,190726,0.1662070194939337
S22188,MELUR - 188,K.MEYYAR,Communist Party of India (Marxist-Leninist) (Liberation),273,3,276,0.14,21/21,11:27 PM,04/05/2026,188,MELUR,-,10,190726,0.1447102125562325
S22188,MELUR - 188,C.MOHANRAM,Independent,262,7,269,0.14,21/21,11:27 PM,04/05/2026,188,MELUR,Independent,11,190726,0.14104002600589327
S22188,MELUR - 188,K.MANIKANDAPRABU,Independent,138,0,138,0.07,21/21,11:27 PM,04/05/2026,188,MELUR,Independent,12,190726,0.07235510627811625
S22188,MELUR - 188,S.BOOPATHI,Independent,114,2,116,0.06,21/21,11:27 PM,04/05/2026,188,MELUR,Independent,13,190726,0.06082023426276439
S22188,MELUR - 188,K.SETHURAMAN,Independent,82,3,85,0.04,21/21,11:27 PM,04/05/2026,188,MELUR,Independent,14,190726,0.044566550968404936
S22189,MADURAI EAST - 189,KARTHIKEYAN S,Tamilaga Vettri Kazhagam,117714,1063,118777,43.74,29/29,11:27 PM,04/05/2026,189,MADURAI EAST,Solo,1,271566,43.73780222855586
S22189,MADURAI EAST - 189,MOORTHY P,Dravida Munnetra Kazhagam,100856,1374,102230,37.64,29/29,11:27 PM,04/05/2026,189,MADURAI EAST,INDIA/SPA,2,271566,37.64462414293395
S22189,MADURAI EAST - 189,MAHENDRAN K,All India Anna Dravida Munnetra Kazhagam,30511,505,31016,11.42,29/29,11:27 PM,04/05/2026,189,MADURAI EAST,NDA,3,271566,11.421164652423352
S22189,MADURAI EAST - 189,SELVAM K,Naam Tamilar Katchi,13446,183,13629,5.02,29/29,11:27 PM,04/05/2026,189,MADURAI EAST,Solo,4,271566,5.018669494708469
S22189,MADURAI EAST - 189,PRINCE S,Republican Party of India (Athawale),1543,48,1591,0.59,29/29,11:27 PM,04/05/2026,189,MADURAI EAST,-,5,271566,0.5858612639284742
S22189,MADURAI EAST - 189,NOTA,None of the Above,1146,31,1177,0.43,29/29,11:27 PM,04/05/2026,189,MADURAI EAST,NOTA/Unaligned,6,271566,0.43341213553979513
S22189,MADURAI EAST - 189,KARTHIKEYAN G,Independent,730,20,750,0.28,29/29,11:27 PM,04/05/2026,189,MADURAI EAST,Independent,7,271566,0.27617595722586774
S22189,MADURAI EAST - 189,BHARATHIRAJA A,Puthiya Tamilagam,580,14,594,0.22,29/29,11:27 PM,04/05/2026,189,MADURAI EAST,-,8,271566,0.21873135812288724
S22189,MADURAI EAST - 189,MUGESHKUMAR M,Independent,560,1,561,0.21,29/29,11:27 PM,04/05/2026,189,MADURAI EAST,Independent,9,271566,0.20657961600494906
S22189,MADURAI EAST - 189,PITCHAI V,Independent,240,0,240,0.09,29/29,11:27 PM,04/05/2026,189,MADURAI EAST,Independent,10,271566,0.08837630631227768
S22189,MADURAI EAST - 189,ARUN PANDIAN A J,Independent,217,0,217,0.08,29/29,11:27 PM,04/05/2026,189,MADURAI EAST,Independent,11,271566,0.0799069102906844
S22189,MADURAI EAST - 189,ARASU S,Independent,194,2,196,0.07,29/29,11:27 PM,04/05/2026,189,MADURAI EAST,Independent,12,271566,0.0721739834883601
S22189,MADURAI EAST - 189,AJAY KANNAN A,Independent,163,0,163,0.06,29/29,11:27 PM,04/05/2026,189,MADURAI EAST,Independent,13,271566,0.060022241370421926
S22189,MADURAI EAST - 189,BOOMIRAJAN K,Tamizhaga Vaazhvurimai Katchi,153,6,159,0.06,29/29,11:27 PM,04/05/2026,189,MADURAI EAST,-,14,271566,0.05854930293188396
S22189,MADURAI EAST - 189,VELLADURAI A,Independent,145,0,145,0.05,29/29,11:27 PM,04/05/2026,189,MADURAI EAST,Independent,15,271566,0.0533940183970011
S22189,MADURAI EAST - 189,CHANDRA MOULISWARAN A,Independent,114,7,121,0.04,29/29,11:27 PM,04/05/2026,189,MADURAI EAST,Independent,16,271566,0.04455638776577333
S22190,SHOLAVANDAN - 190,KARUPPAIAH.M.V,Tamilaga Vettri Kazhagam,63234,673,63907,33.8,19/19,11:30 PM,04/05/2026,190,SHOLAVANDAN,Solo,1,189080,33.798921091601436
S22190,SHOLAVANDAN - 190,VENKATESAN.A,Dravida Munnetra Kazhagam,60621,608,61229,32.38,19/19,11:30 PM,04/05/2026,190,SHOLAVANDAN,INDIA/SPA,2,189080,32.382589380156546
S22190,SHOLAVANDAN - 190,MANICKAM.K,All India Anna Dravida Munnetra Kazhagam,49080,414,49494,26.18,19/19,11:30 PM,04/05/2026,190,SHOLAVANDAN,NDA,3,189080,26.17622170509837
S22190,SHOLAVANDAN - 190,NAGALAKSHMI THIRUMARAN.T,Naam Tamilar Katchi,10226,204,10430,5.52,19/19,11:30 PM,04/05/2026,190,SHOLAVANDAN,Solo,4,189080,5.516183625978422
S22190,SHOLAVANDAN - 190,BALAMURUGAN.K,All India Puratchi Thalaivar Makkal Munnettra Kazhagam,2035,56,2091,1.11,19/19,11:30 PM,04/05/2026,190,SHOLAVANDAN,-,5,189080,1.1058811085254918
S22190,SHOLAVANDAN - 190,NOTA,None of the Above,551,20,571,0.3,19/19,11:30 PM,04/05/2026,190,SHOLAVANDAN,NOTA/Unaligned,6,189080,0.3019885762640152
S22190,SHOLAVANDAN - 190,RAGHU.K,Puthiya Tamilagam,260,5,265,0.14,19/19,11:30 PM,04/05/2026,190,SHOLAVANDAN,-,7,189080,0.14015231647979692
S22190,SHOLAVANDAN - 190,BALAMURUGAN.R,Independent,203,0,203,0.11,19/19,11:30 PM,04/05/2026,190,SHOLAVANDAN,Independent,8,189080,0.10736196319018405
S22190,SHOLAVANDAN - 190,THANGAPANDI.P,Tamizhaga Vaazhvurimai Katchi,192,3,195,0.1,19/19,11:30 PM,04/05/2026,190,SHOLAVANDAN,-,9,189080,0.10313094986249206
S22190,SHOLAVANDAN - 190,RANJITH KUMAR.S,Independent,187,0,187,0.1,19/19,11:30 PM,04/05/2026,190,SHOLAVANDAN,Independent,10,189080,0.09889993653480009
S22190,SHOLAVANDAN - 190,GUNASEKARAN.P,Independent,180,6,186,0.1,19/19,11:30 PM,04/05/2026,190,SHOLAVANDAN,Independent,11,189080,0.09837105986883858
S22190,SHOLAVANDAN - 190,BALAMURUGAN.C,Independent,142,1,143,0.08,19/19,11:30 PM,04/05/2026,190,SHOLAVANDAN,Independent,12,189080,0.07562936323249418
S22190,SHOLAVANDAN - 190,AJAY SUBASH.B,Independent,71,1,72,0.04,19/19,11:30 PM,04/05/2026,190,SHOLAVANDAN,Independent,13,189080,0.03807911994922784
S22190,SHOLAVANDAN - 190,RAMADOSS.C,Indhu Dravida Makkal Katchi,64,1,65,0.03,19/19,11:30 PM,04/05/2026,190,SHOLAVANDAN,-,14,189080,0.03437698328749735
S22190,SHOLAVANDAN - 190,KRISHNASAMY.P,Independent,42,0,42,0.02,19/19,11:30 PM,04/05/2026,190,SHOLAVANDAN,Independent,15,189080,0.022212819970382908
S22191,MADURAI NORTH - 191,A.KALLANAI,Tamilaga Vettri Kazhagam,72121,732,72853,45.03,19/19,11:27 PM,04/05/2026,191,MADURAI NORTH,Solo,1,161801,45.026297736107935
S22191,MADURAI NORTH - 191,G.THALAPATHI,Dravida Munnetra Kazhagam,54088,727,54815,33.88,19/19,11:27 PM,04/05/2026,191,MADURAI NORTH,INDIA/SPA,2,161801,33.878035364429145
S22191,MADURAI NORTH - 191,P.SARAVANAN,All India Anna Dravida Munnetra Kazhagam,24557,425,24982,15.44,19/19,11:27 PM,04/05/2026,191,MADURAI NORTH,NDA,3,161801,15.439954017589509
S22191,MADURAI NORTH - 191,V THIRUNAVUKKARASU,Naam Tamilar Katchi,7281,134,7415,4.58,19/19,11:27 PM,04/05/2026,191,MADURAI NORTH,Solo,4,161801,4.582789970395733
S22191,MADURAI NORTH - 191,NOTA,None of the Above,732,21,753,0.47,19/19,11:27 PM,04/05/2026,191,MADURAI NORTH,NOTA/Unaligned,5,161801,0.4653864932849612
S22191,MADURAI NORTH - 191,D.MOHAMED ISMAIL,Independent,161,3,164,0.1,19/19,11:27 PM,04/05/2026,191,MADURAI NORTH,Independent,6,161801,0.10135907689074851
S22191,MADURAI NORTH - 191,R RAJKUMAR,Naam Indiar Party,135,3,138,0.09,19/19,11:27 PM,04/05/2026,191,MADURAI NORTH,-,7,161801,0.08528995494465423
S22191,MADURAI NORTH - 191,A.RAJANGAM,Independent,133,2,135,0.08,19/19,11:27 PM,04/05/2026,191,MADURAI NORTH,Independent,8,161801,0.08343582548933566
S22191,MADURAI NORTH - 191,M J VOLTAIRE,Socialist Unity Centre Of India (COMMUNIST),120,2,122,0.08,19/19,11:27 PM,04/05/2026,191,MADURAI NORTH,-,9,161801,0.07540126451628852
S22191,MADURAI NORTH - 191,M.P.SANKARAPANDI,Independent,122,0,122,0.08,19/19,11:27 PM,04/05/2026,191,MADURAI NORTH,Independent,10,161801,0.07540126451628852
S22191,MADURAI NORTH - 191,P MUTHUSAMY,Independent,101,0,101,0.06,19/19,11:27 PM,04/05/2026,191,MADURAI NORTH,Independent,11,161801,0.062422358329058535
S22191,MADURAI NORTH - 191,C.SATHISHKUMAR,Independent,92,2,94,0.06,19/19,11:27 PM,04/05/2026,191,MADURAI NORTH,Independent,12,161801,0.05809605626664854
S22191,MADURAI NORTH - 191,J.KESAVARAJAH,Independent,82,0,82,0.05,19/19,11:27 PM,04/05/2026,191,MADURAI NORTH,Independent,13,161801,0.050679538445374255
S22191,MADURAI NORTH - 191,N.KUPPUSAMY,Independent,25,0,25,0.02,19/19,11:27 PM,04/05/2026,191,MADURAI NORTH,Independent,14,161801,0.01545107879432142
S22192,MADURAI SOUTH - 192,M.M.GOPISON,Tamilaga Vettri Kazhagam,62162,253,62415,44.11,17/17,11:27 PM,04/05/2026,192,MADURAI SOUTH,Solo,1,141503,44.108605471262095
S22192,MADURAI SOUTH - 192,M.BOOMINATHAN,Dravida Munnetra Kazhagam,40600,286,40886,28.89,17/17,11:27 PM,04/05/2026,192,MADURAI SOUTH,INDIA/SPA,2,141503,28.894087051157925
S22192,MADURAI SOUTH - 192,RAAMA SREENIVASAN,Bharatiya Janata Party,30900,200,31100,21.98,17/17,11:27 PM,04/05/2026,192,MADURAI SOUTH,NDA,3,141503,21.97833261485622
S22192,MADURAI SOUTH - 192,B.M.SUMATHY,Naam Tamilar Katchi,5808,55,5863,4.14,17/17,11:27 PM,04/05/2026,192,MADURAI SOUTH,Solo,4,141503,4.143375052119036
S22192,MADURAI SOUTH - 192,NOTA,None of the Above,606,6,612,0.43,17/17,11:27 PM,04/05/2026,192,MADURAI SOUTH,NOTA/Unaligned,5,141503,0.432499664318071
S22192,MADURAI SOUTH - 192,S.IRUTHYARAJ,Tamizhaga Vaazhvurimai Katchi,368,2,370,0.26,17/17,11:27 PM,04/05/2026,192,MADURAI SOUTH,-,6,141503,0.26147855522497754
S22192,MADURAI SOUTH - 192,K.JEYA,Independent,257,0,257,0.18,17/17,11:27 PM,04/05/2026,192,MADURAI SOUTH,Independent,7,141503,0.1816215910616736
S22193,MADURAI CENTRAL - 193,MADHAR BADHURUDEEN,Tamilaga Vettri Kazhagam,63106,308,63414,42.68,19/19,11:30 PM,04/05/2026,193,MADURAI CENTRAL,Solo,1,148586,42.67831424225701
S22193,MADURAI CENTRAL - 193,PALANIVEL THIAGA RAJAN,Dravida Munnetra Kazhagam,43834,452,44286,29.8,19/19,11:30 PM,04/05/2026,193,MADURAI CENTRAL,INDIA/SPA,2,148586,29.8049614364745
S22193,MADURAI CENTRAL - 193,SUNDAR C,All India Anna Dravida Munnetra Kazhagam,33298,240,33538,22.57,19/19,11:30 PM,04/05/2026,193,MADURAI CENTRAL,NDA,3,148586,22.571440108758566
S22193,MADURAI CENTRAL - 193,ABDUL HAKEEM K,Naam Tamilar Katchi,5486,63,5549,3.73,19/19,11:30 PM,04/05/2026,193,MADURAI CENTRAL,Solo,4,148586,3.7345375741994533
S22193,MADURAI CENTRAL - 193,NOTA,None of the Above,644,12,656,0.44,19/19,11:30 PM,04/05/2026,193,MADURAI CENTRAL,NOTA/Unaligned,5,148586,0.44149516105151226
S22193,MADURAI CENTRAL - 193,SAKKARAVARTHY P,All India Puratchi Thalaivar Makkal Munnettra Kazhagam,310,3,313,0.21,19/19,11:30 PM,04/05/2026,193,MADURAI CENTRAL,-,6,148586,0.2106524167822002
S22193,MADURAI CENTRAL - 193,RAMAR PANDI T,Bahujan Samaj Party,263,5,268,0.18,19/19,11:30 PM,04/05/2026,193,MADURAI CENTRAL,Solo,7,148586,0.18036692555153244
S22193,MADURAI CENTRAL - 193,AVADAINATHAN V,Independent,145,0,145,0.1,19/19,11:30 PM,04/05/2026,193,MADURAI CENTRAL,Independent,8,148586,0.0975865828543739
S22193,MADURAI CENTRAL - 193,SALEEM,Independent,104,1,105,0.07,19/19,11:30 PM,04/05/2026,193,MADURAI CENTRAL,Independent,9,148586,0.07066614620489145
S22193,MADURAI CENTRAL - 193,RAJENDRAN R,Independent,91,1,92,0.06,19/19,11:30 PM,04/05/2026,193,MADURAI CENTRAL,Independent,10,148586,0.06191700429380965
S22193,MADURAI CENTRAL - 193,MANIVANNAN,Independent,83,0,83,0.06,19/19,11:30 PM,04/05/2026,193,MADURAI CENTRAL,Independent,11,148586,0.05585990604767609
S22193,MADURAI CENTRAL - 193,GURU KARTHICK T,Independent,72,0,72,0.05,19/19,11:30 PM,04/05/2026,193,MADURAI CENTRAL,Independent,12,148586,0.04845678596906842
S22193,MADURAI CENTRAL - 193,SIVAPERUMAL V,Independent,64,1,65,0.04,19/19,11:30 PM,04/05/2026,193,MADURAI CENTRAL,Independent,13,148586,0.04374570955540899
S22194,MADURAI WEST - 194,THANGAPANDI SR,Tamilaga Vettri Kazhagam,87539,711,88250,40.78,27/27,11:27 PM,04/05/2026,194,MADURAI WEST,Solo,1,216403,40.780395835547566
S22194,MADURAI WEST - 194,BALAJI R,Dravida Munnetra Kazhagam,75484,835,76319,35.27,27/27,11:27 PM,04/05/2026,194,MADURAI WEST,INDIA/SPA,2,216403,35.2670711589026
S22194,MADURAI WEST - 194,SELLUR K RAJU,All India Anna Dravida Munnetra Kazhagam,38526,435,38961,18.0,27/27,11:27 PM,04/05/2026,194,MADURAI WEST,NDA,3,216403,18.00390937279058
S22194,MADURAI WEST - 194,VIGNESHKUMAR S,Naam Tamilar Katchi,10432,142,10574,4.89,27/27,11:27 PM,04/05/2026,194,MADURAI WEST,Solo,4,216403,4.886253887423003
S22194,MADURAI WEST - 194,NOTA,None of the Above,871,22,893,0.41,27/27,11:27 PM,04/05/2026,194,MADURAI WEST,NOTA/Unaligned,5,216403,0.41265601678350117
S22194,MADURAI WEST - 194,RAJKUMAR S,Independent,255,2,257,0.12,27/27,11:27 PM,04/05/2026,194,MADURAI WEST,Independent,6,216403,0.11875990628595721
S22194,MADURAI WEST - 194,MUTHUKUMAR S,Independent,189,1,190,0.09,27/27,11:27 PM,04/05/2026,194,MADURAI WEST,Independent,7,216403,0.0877991525071279
S22194,MADURAI WEST - 194,VENKATESAN M,Independent,188,2,190,0.09,27/27,11:27 PM,04/05/2026,194,MADURAI WEST,Independent,8,216403,0.0877991525071279
S22194,MADURAI WEST - 194,MADURAI VEERAN S,Tamizhaga Vaazhvurimai Katchi,169,1,170,0.08,27/27,11:27 PM,04/05/2026,194,MADURAI WEST,-,9,216403,0.07855713645374603
S22194,MADURAI WEST - 194,ANANDH K,Independent,129,1,130,0.06,27/27,11:27 PM,04/05/2026,194,MADURAI WEST,Independent,10,216403,0.06007310434698225
S22194,MADURAI WEST - 194,THARMA PRABU V S,Independent,126,0,126,0.06,27/27,11:27 PM,04/05/2026,194,MADURAI WEST,Independent,11,216403,0.05822470113630587
S22194,MADURAI WEST - 194,MUTHUPANDI R,Vishwa Tamil Kazhagam,116,0,116,0.05,27/27,11:27 PM,04/05/2026,194,MADURAI WEST,-,12,216403,0.05360369310961493
S22194,MADURAI WEST - 194,MUTHUKUMAR D,Independent,88,1,89,0.04,27/27,11:27 PM,04/05/2026,194,MADURAI WEST,Independent,13,216403,0.041126971437549384
S22194,MADURAI WEST - 194,RAHAMADULLAH S,Independent,85,1,86,0.04,27/27,11:27 PM,04/05/2026,194,MADURAI WEST,Independent,14,216403,0.039740669029542104
S22194,MADURAI WEST - 194,MANOJ KUMAR R,Independent,51,1,52,0.02,27/27,11:27 PM,04/05/2026,194,MADURAI WEST,Independent,15,216403,0.0240292417387929
S22195,THIRUPARANKUNDRAM - 195,NIRMALKUMAR. R.,Tamilaga Vettri Kazhagam,113578,738,114316,44.75,27/27,11:30 PM,04/05/2026,195,THIRUPARANKUNDRAM,Solo,1,255466,44.74802909193396
S22195,THIRUPARANKUNDRAM - 195,KIRUTHIGA THANGAPANDI,Dravida Munnetra Kazhagam,72075,688,72763,28.48,27/27,11:30 PM,04/05/2026,195,THIRUPARANKUNDRAM,INDIA/SPA,2,255466,28.482459505374493
S22195,THIRUPARANKUNDRAM - 195,RAJANCHELLAPPA. V.V.,All India Anna Dravida Munnetra Kazhagam,49423,442,49865,19.52,27/27,11:30 PM,04/05/2026,195,THIRUPARANKUNDRAM,NDA,3,255466,19.51923152200293
S22195,THIRUPARANKUNDRAM - 195,SATHYADEVI. T.,Naam Tamilar Katchi,14156,194,14350,5.62,27/27,11:30 PM,04/05/2026,195,THIRUPARANKUNDRAM,Solo,4,255466,5.617185848606077
S22195,THIRUPARANKUNDRAM - 195,NOTA,None of the Above,1133,15,1148,0.45,27/27,11:30 PM,04/05/2026,195,THIRUPARANKUNDRAM,NOTA/Unaligned,5,255466,0.44937486788848613
S22195,THIRUPARANKUNDRAM - 195,THANAPANDIAN. T.,All India Puratchi Thalaivar Makkal Munnettra Kazhagam,1068,20,1088,0.43,27/27,11:30 PM,04/05/2026,195,THIRUPARANKUNDRAM,-,6,255466,0.4258883765354294
S22195,THIRUPARANKUNDRAM - 195,SETHURAMAN. A.,Puthiya Tamilagam,361,7,368,0.14,27/27,11:30 PM,04/05/2026,195,THIRUPARANKUNDRAM,-,7,255466,0.14405048029874817
S22195,THIRUPARANKUNDRAM - 195,RAJ. P.,Independent,352,1,353,0.14,27/27,11:30 PM,04/05/2026,195,THIRUPARANKUNDRAM,Independent,8,255466,0.13817885746048397
S22195,THIRUPARANKUNDRAM - 195,MOOKKAYEE. C.,Ezhuchi Tamilargal Munnetra Kazhagam,249,0,249,0.1,27/27,11:30 PM,04/05/2026,195,THIRUPARANKUNDRAM,-,9,255466,0.09746893911518559
S22195,THIRUPARANKUNDRAM - 195,CHELLADURAI. R,Naam Indiar Party,230,1,231,0.09,27/27,11:30 PM,04/05/2026,195,THIRUPARANKUNDRAM,-,10,255466,0.09042299170926855
S22195,THIRUPARANKUNDRAM - 195,SYED IBRAHIM. M.,Tamizhaga Vaazhvurimai Katchi,161,2,163,0.06,27/27,11:30 PM,04/05/2026,195,THIRUPARANKUNDRAM,-,11,255466,0.06380496817580422
S22195,THIRUPARANKUNDRAM - 195,RENGANATHAN DORAISAMY,Rashtriya Samaj Dal (R),137,3,140,0.05,27/27,11:30 PM,04/05/2026,195,THIRUPARANKUNDRAM,-,12,255466,0.05480181315713246
S22195,THIRUPARANKUNDRAM - 195,VALLARASAN. K.,Independent,136,0,136,0.05,27/27,11:30 PM,04/05/2026,195,THIRUPARANKUNDRAM,Independent,13,255466,0.05323604706692867
S22195,THIRUPARANKUNDRAM - 195,UKKRA PANDIAN. S.,Independent,119,3,122,0.05,27/27,11:30 PM,04/05/2026,195,THIRUPARANKUNDRAM,Independent,14,255466,0.047755865751215425
S22195,THIRUPARANKUNDRAM - 195,ARUMUGAM. G.,Independent,103,5,108,0.04,27/27,11:30 PM,04/05/2026,195,THIRUPARANKUNDRAM,Independent,15,255466,0.04227568443550218
S22195,THIRUPARANKUNDRAM - 195,POUNRAJ. N.,Independent,66,0,66,0.03,27/27,11:30 PM,04/05/2026,195,THIRUPARANKUNDRAM,Independent,16,255466,0.025835140488362444
S22196,THIRUMANGALAM - 196,MANIMARAN.M,Dravida Munnetra Kazhagam,87063,1228,88291,38.22,26/26,11:30 PM,04/05/2026,196,THIRUMANGALAM,INDIA/SPA,1,230980,38.22452160360204
S22196,THIRUMANGALAM - 196,UDHAYAKUMAR.R.B,All India Anna Dravida Munnetra Kazhagam,63652,832,64484,27.92,26/26,11:30 PM,04/05/2026,196,THIRUMANGALAM,NDA,2,230980,27.917568620659797
S22196,THIRUMANGALAM - 196,SATHISHKUMAR.N,Tamilaga Vettri Kazhagam,59700,1126,60826,26.33,26/26,11:30 PM,04/05/2026,196,THIRUMANGALAM,Solo,3,230980,26.333881721361156
S22196,THIRUMANGALAM - 196,MUNISH.N,Naam Tamilar Katchi,10751,388,11139,4.82,26/26,11:30 PM,04/05/2026,196,THIRUMANGALAM,Solo,4,230980,4.822495454151874
S22196,THIRUMANGALAM - 196,JEEVITHA NACHIYAR.B,All India Puratchi Thalaivar Makkal Munnettra Kazhagam,2750,101,2851,1.23,26/26,11:30 PM,04/05/2026,196,THIRUMANGALAM,-,5,230980,1.2343060005195254
S22196,THIRUMANGALAM - 196,NOTA,None of the Above,908,25,933,0.4,26/26,11:30 PM,04/05/2026,196,THIRUMANGALAM,NOTA/Unaligned,6,230980,0.40393107628366093
S22196,THIRUMANGALAM - 196,BHARATH.M,Independent,906,18,924,0.4,26/26,11:30 PM,04/05/2026,196,THIRUMANGALAM,Independent,7,230980,0.4000346350333362
S22196,THIRUMANGALAM - 196,VENGATESWARAN.B,Independent,425,2,427,0.18,26/26,11:30 PM,04/05/2026,196,THIRUMANGALAM,Independent,8,230980,0.18486449043207204
S22196,THIRUMANGALAM - 196,KALAISELVI.R,Ahila India Dhayaga Makkal Munnetra Katchi,280,3,283,0.12,26/26,11:30 PM,04/05/2026,196,THIRUMANGALAM,NOTA/Unaligned,9,230980,0.12252143042687678
S22196,THIRUMANGALAM - 196,MURUGAN.S,Independent,239,14,253,0.11,26/26,11:30 PM,04/05/2026,196,THIRUMANGALAM,Independent,10,230980,0.10953329292579445
S22196,THIRUMANGALAM - 196,ALAGAR.A,Ezhuchi Tamilargal Munnetra Kazhagam,131,2,133,0.06,26/26,11:30 PM,04/05/2026,196,THIRUMANGALAM,-,11,230980,0.05758074292146506
S22196,THIRUMANGALAM - 196,AYYANAN.P,Independent,110,2,112,0.05,26/26,11:30 PM,04/05/2026,196,THIRUMANGALAM,Independent,12,230980,0.04848904667070742
S22196,THIRUMANGALAM - 196,SAKKARAVARTHY.P,Independent,97,8,105,0.05,26/26,11:30 PM,04/05/2026,196,THIRUMANGALAM,Independent,13,230980,0.04545848125378821
S22196,THIRUMANGALAM - 196,NAGOOR.M,Independent,80,4,84,0.04,26/26,11:30 PM,04/05/2026,196,THIRUMANGALAM,Independent,14,230980,0.03636678500303057
S22196,THIRUMANGALAM - 196,MUTHURAJA.M,Independent,81,2,83,0.04,26/26,11:30 PM,04/05/2026,196,THIRUMANGALAM,Independent,15,230980,0.03593384708632782
S22196,THIRUMANGALAM - 196,GIRISHKUMAR.A,Independent,52,0,52,0.02,26/26,11:30 PM,04/05/2026,196,THIRUMANGALAM,Independent,16,230980,0.022512771668542732
S22197,USILAMPATTI - 197,VIJAY. M,Tamilaga Vettri Kazhagam,64693,1050,65743,29.34,25/25,11:30 PM,04/05/2026,197,USILAMPATTI,Solo,1,224048,29.343265728772405
S22197,USILAMPATTI - 197,MAHENDRAN. I,All India Anna Dravida Munnetra Kazhagam,63206,732,63938,28.54,25/25,11:30 PM,04/05/2026,197,USILAMPATTI,NDA,2,224048,28.537634792544456
S22197,USILAMPATTI - 197,SARAVANAKUMAR. T,Indian National Congress,58841,624,59465,26.54,25/25,11:30 PM,04/05/2026,197,USILAMPATTI,INDIA/SPA,3,224048,26.541187602656574
S22197,USILAMPATTI - 197,AYYAPPAN. P,All India Puratchi Thalaivar Makkal Munnettra Kazhagam,16303,317,16620,7.42,25/25,11:30 PM,04/05/2026,197,USILAMPATTI,-,4,224048,7.418053274298365
S22197,USILAMPATTI - 197,ABIRAMI. D,Naam Tamilar Katchi,14749,436,15185,6.78,25/25,11:30 PM,04/05/2026,197,USILAMPATTI,Solo,5,224048,6.777565521673927
S22197,USILAMPATTI - 197,VELLAIPANDI. V,Bahujan Samaj Party,711,13,724,0.32,25/25,11:30 PM,04/05/2026,197,USILAMPATTI,Solo,6,224048,0.3231450403484967
S22197,USILAMPATTI - 197,NOTA,None of the Above,671,21,692,0.31,25/25,11:30 PM,04/05/2026,197,USILAMPATTI,NOTA/Unaligned,7,224048,0.3088623866314361
S22197,USILAMPATTI - 197,PRAVEENA. S,Independent,343,0,343,0.15,25/25,11:30 PM,04/05/2026,197,USILAMPATTI,Independent,8,224048,0.15309219452974362
S22197,USILAMPATTI - 197,THIAGARAJAN. O. V,Independent,332,5,337,0.15,25/25,11:30 PM,04/05/2026,197,USILAMPATTI,Independent,9,224048,0.15041419695779476
S22197,USILAMPATTI - 197,MUTHU. N,Independent,299,1,300,0.13,25/25,11:30 PM,04/05/2026,197,USILAMPATTI,Independent,10,224048,0.1338998785974434
S22197,USILAMPATTI - 197,THIRUMOORTHY. A,Independent,268,2,270,0.12,25/25,11:30 PM,04/05/2026,197,USILAMPATTI,Independent,11,224048,0.12050989073769906
S22197,USILAMPATTI - 197,KIRANYA. S,Independent,259,3,262,0.12,25/25,11:30 PM,04/05/2026,197,USILAMPATTI,Independent,12,224048,0.11693922730843391
S22197,USILAMPATTI - 197,DHANASEKARAN. T,Independent,169,0,169,0.08,25/25,11:30 PM,04/05/2026,197,USILAMPATTI,Independent,13,224048,0.07543026494322645
S22198,ANDIPATTI - 198,MAHARAJAN.A,Dravida Munnetra Kazhagam,73609,715,74324,34.2,25/25,11:27 PM,04/05/2026,198,ANDIPATTI,INDIA/SPA,1,217329,34.19884138794178
S22198,ANDIPATTI - 198,PANDI.V,Tamilaga Vettri Kazhagam,63841,929,64770,29.8,25/25,11:27 PM,04/05/2026,198,ANDIPATTI,Solo,2,217329,29.80274146570407
S22198,ANDIPATTI - 198,LOGIRAJAN.A,All India Anna Dravida Munnetra Kazhagam,62645,698,63343,29.15,25/25,11:27 PM,04/05/2026,198,ANDIPATTI,NDA,3,217329,29.146133281798562
S22198,ANDIPATTI - 198,GOMATHI .M,Naam Tamilar Katchi,10075,271,10346,4.76,25/25,11:27 PM,04/05/2026,198,ANDIPATTI,Solo,4,217329,4.760524366283377
S22198,ANDIPATTI - 198,NOTA,None of the Above,998,30,1028,0.47,25/25,11:27 PM,04/05/2026,198,ANDIPATTI,NOTA/Unaligned,5,217329,0.4730155662612905
S22198,ANDIPATTI - 198,CHELLAPANDIYAN.S,All India Puratchi Thalaivar Makkal Munnettra Kazhagam,570,16,586,0.27,25/25,11:27 PM,04/05/2026,198,ANDIPATTI,-,6,217329,0.2696372780438874
S22198,ANDIPATTI - 198,ELAYARAJA.M,Puthiya Tamilagam,499,17,516,0.24,25/25,11:27 PM,04/05/2026,198,ANDIPATTI,-,7,217329,0.2374280468782353
S22198,ANDIPATTI - 198,IRUMBORAI.G,Communist Party of India (Marxist-Leninist) Red Star,503,2,505,0.23,25/25,11:27 PM,04/05/2026,198,ANDIPATTI,-,8,217329,0.23236659626648998
S22198,ANDIPATTI - 198,ESAKKIAMMAL.M,Bahujan Samaj Party,416,4,420,0.19,25/25,11:27 PM,04/05/2026,198,ANDIPATTI,Solo,9,217329,0.19325538699391245
S22198,ANDIPATTI - 198,GOPAL.S,Independent,229,3,232,0.11,25/25,11:27 PM,04/05/2026,198,ANDIPATTI,Independent,10,217329,0.10675059472044689
S22198,ANDIPATTI - 198,PANDIDURAI.P,Independent,220,0,220,0.1,25/25,11:27 PM,04/05/2026,198,ANDIPATTI,Independent,11,217329,0.10122901223490652
S22198,ANDIPATTI - 198,GOPINATH.P,Independent,181,2,183,0.08,25/25,11:27 PM,04/05/2026,198,ANDIPATTI,Independent,12,217329,0.08420413290449043
S22198,ANDIPATTI - 198,NEELAKANNAN.T,Independent,158,1,159,0.07,25/25,11:27 PM,04/05/2026,198,ANDIPATTI,Independent,13,217329,0.07316096793340972
S22198,ANDIPATTI - 198,JAGADEESAN.P,Independent,151,2,153,0.07,25/25,11:27 PM,04/05/2026,198,ANDIPATTI,Independent,14,217329,0.07040017669063954
S22198,ANDIPATTI - 198,MOHAMMED RUKMAN.M,Tamizhaga Vaazhvurimai Katchi,142,6,148,0.07,25/25,11:27 PM,04/05/2026,198,ANDIPATTI,-,15,217329,0.06809951732166439
S22198,ANDIPATTI - 198,PACKIARAJ.S,Independent,130,3,133,0.06,25/25,11:27 PM,04/05/2026,198,ANDIPATTI,Independent,16,217329,0.061197539214738944
S22198,ANDIPATTI - 198,VIJAYARAJ.R,Independent,112,1,113,0.05,25/25,11:27 PM,04/05/2026,198,ANDIPATTI,Independent,17,217329,0.05199490173883835
S22198,ANDIPATTI - 198,JEYAMURUGAN.M.P,Veerath Thiyagi Viswanathadoss Thozhilalarkal Katchi,81,1,82,0.04,25/25,11:27 PM,04/05/2026,198,ANDIPATTI,-,18,217329,0.03773081365119243
S22198,ANDIPATTI - 198,KARUPPAIYA,Independent,67,1,68,0.03,25/25,11:27 PM,04/05/2026,198,ANDIPATTI,Independent,19,217329,0.031288967418062016
S22199,PERIYAKULAM - 199,SABARI IYNGARAN G.,Tamilaga Vettri Kazhagam,84822,834,85656,40.56,26/26,11:30 PM,04/05/2026,199,PERIYAKULAM,Solo,1,211209,40.555089981961
S22199,PERIYAKULAM - 199,SAKTHIVEL P.,Viduthalai Chiruthaigal Katchi,65657,678,66335,31.41,26/26,11:30 PM,04/05/2026,199,PERIYAKULAM,INDIA/SPA,2,211209,31.40727904587399
S22199,PERIYAKULAM - 199,DR KATHIRKAMU K.,Amma Makkal Munnettra Kazagam,43902,619,44521,21.08,26/26,11:30 PM,04/05/2026,199,PERIYAKULAM,NDA,3,211209,21.079120681410355
S22199,PERIYAKULAM - 199,VIMALA R.,Naam Tamilar Katchi,9413,197,9610,4.55,26/26,11:30 PM,04/05/2026,199,PERIYAKULAM,Solo,4,211209,4.549995502085612
S22199,PERIYAKULAM - 199,NOTA,None of the Above,1463,43,1506,0.71,26/26,11:30 PM,04/05/2026,199,PERIYAKULAM,NOTA/Unaligned,5,211209,0.7130377966848004
S22199,PERIYAKULAM - 199,MARISAMY V.,Puthiya Tamilagam,1141,20,1161,0.55,26/26,11:30 PM,04/05/2026,199,PERIYAKULAM,-,6,211209,0.5496924846952544
S22199,PERIYAKULAM - 199,PALANICHAMY T.,Independent,632,4,636,0.3,26/26,11:30 PM,04/05/2026,199,PERIYAKULAM,Independent,7,211209,0.30112353166768463
S22199,PERIYAKULAM - 199,ABITHA M.,Independent,388,2,390,0.18,26/26,11:30 PM,04/05/2026,199,PERIYAKULAM,Independent,8,211209,0.1846512222490519
S22199,PERIYAKULAM - 199,DR. MOHANRAJ A.C. (P.T),Independent,334,9,343,0.16,26/26,11:30 PM,04/05/2026,199,PERIYAKULAM,Independent,9,211209,0.16239838264467896
S22199,PERIYAKULAM - 199,VAIRAMUTHU D.,Independent,263,2,265,0.13,26/26,11:30 PM,04/05/2026,199,PERIYAKULAM,Independent,10,211209,0.1254681381948686
S22199,PERIYAKULAM - 199,SELVARAJ R.,Independent,253,2,255,0.12,26/26,11:30 PM,04/05/2026,199,PERIYAKULAM,Independent,11,211209,0.12073349147053393
S22199,PERIYAKULAM - 199,RANJEETH KUMAR J.,Socialist Unity Centre Of India (COMMUNIST),237,3,240,0.11,26/26,11:30 PM,04/05/2026,199,PERIYAKULAM,-,12,211209,0.11363152138403193
S22199,PERIYAKULAM - 199,KUMAR S.,Independent,138,8,146,0.07,26/26,11:30 PM,04/05/2026,199,PERIYAKULAM,Independent,13,211209,0.06912584217528608
S22199,PERIYAKULAM - 199,SANMUGAVEL K.,Independent,141,4,145,0.07,26/26,11:30 PM,04/05/2026,199,PERIYAKULAM,Independent,14,211209,0.06865237750285262
S22200,BODINAYAKANUR - 200,PANNEERSELVAM.O,Dravida Munnetra Kazhagam,84228,978,85206,38.62,25/25,11:27 PM,04/05/2026,200,BODINAYAKANUR,INDIA/SPA,1,220628,38.61975814493174
S22200,BODINAYAKANUR - 200,PRAKASH.S,Tamilaga Vettri Kazhagam,77571,830,78401,35.54,25/25,11:27 PM,04/05/2026,200,BODINAYAKANUR,Solo,2,220628,35.53538082201715
S22200,BODINAYAKANUR - 200,NARAYANASAMY V.T.,All India Anna Dravida Munnetra Kazhagam,40787,499,41286,18.71,25/25,11:27 PM,04/05/2026,200,BODINAYAKANUR,NDA,3,220628,18.71294667947858
S22200,BODINAYAKANUR - 200,KALAIARASU.S,Naam Tamilar Katchi,11172,283,11455,5.19,25/25,11:27 PM,04/05/2026,200,BODINAYAKANUR,Solo,4,220628,5.191997389270627
S22200,BODINAYAKANUR - 200,NOTA,None of the Above,900,31,931,0.42,25/25,11:27 PM,04/05/2026,200,BODINAYAKANUR,NOTA/Unaligned,5,220628,0.421977264898381
S22200,BODINAYAKANUR - 200,PADMANABHAN.N,All India Puratchi Thalaivar Makkal Munnettra Kazhagam,651,8,659,0.3,25/25,11:27 PM,04/05/2026,200,BODINAYAKANUR,-,6,220628,0.2986928223072321
S22200,BODINAYAKANUR - 200,SELVAMURUGAN.P,Independent,514,15,529,0.24,25/25,11:27 PM,04/05/2026,200,BODINAYAKANUR,Independent,7,220628,0.23977011077469768
S22200,BODINAYAKANUR - 200,NAGANANTHINI.V,Independent,524,2,526,0.24,25/25,11:27 PM,04/05/2026,200,BODINAYAKANUR,Independent,8,220628,0.23841035589317766
S22200,BODINAYAKANUR - 200,DR.PANDIKUMAR.S,Communist Party of India (Marxist-Leninist) (Liberation),404,13,417,0.19,25/25,11:27 PM,04/05/2026,200,BODINAYAKANUR,-,9,220628,0.18900592853128342
S22200,BODINAYAKANUR - 200,BALASUBRAMANI.R,Independent,279,0,279,0.13,25/25,11:27 PM,04/05/2026,200,BODINAYAKANUR,Independent,10,220628,0.1264572039813623
S22200,BODINAYAKANUR - 200,KARUPPAIAH.G,Independent,191,10,201,0.09,25/25,11:27 PM,04/05/2026,200,BODINAYAKANUR,Independent,11,220628,0.09110357706184165
S22200,BODINAYAKANUR - 200,RAJA.M,Vishwa Tamil Kazhagam,188,1,189,0.09,25/25,11:27 PM,04/05/2026,200,BODINAYAKANUR,-,12,220628,0.08566455753576155
S22200,BODINAYAKANUR - 200,VELRAJ.K,Independent,180,0,180,0.08,25/25,11:27 PM,04/05/2026,200,BODINAYAKANUR,Independent,13,220628,0.08158529289120148
S22200,BODINAYAKANUR - 200,SARAVANAKUMAR.V,Independent,170,2,172,0.08,25/25,11:27 PM,04/05/2026,200,BODINAYAKANUR,Independent,14,220628,0.07795927987381475
S22200,BODINAYAKANUR - 200,CHANDRASEKARAN.S,Independent,115,4,119,0.05,25/25,11:27 PM,04/05/2026,200,BODINAYAKANUR,Independent,15,220628,0.053936943633627644
S22200,BODINAYAKANUR - 200,GOWTHAM.R,Independent,78,0,78,0.04,25/25,11:27 PM,04/05/2026,200,BODINAYAKANUR,Independent,16,220628,0.03535362691952064
S22201,CUMBUM - 201,JEGANATHMISHRA PLA,Tamilaga Vettri Kazhagam,84340,1054,85394,40.55,25/25,11:27 PM,04/05/2026,201,CUMBUM,Solo,1,210574,40.55296475348334
S22201,CUMBUM - 201,ERAMAKRISHNAN N,Dravida Munnetra Kazhagam,83594,1049,84643,40.2,25/25,11:27 PM,04/05/2026,201,CUMBUM,INDIA/SPA,2,210574,40.19632053339919
S22201,CUMBUM - 201,JAKKAIYAN S.T.K.,All India Anna Dravida Munnetra Kazhagam,26853,454,27307,12.97,25/25,11:27 PM,04/05/2026,201,CUMBUM,NDA,3,210574,12.96788777341932
S22201,CUMBUM - 201,ANBUSELVI A,Naam Tamilar Katchi,9367,232,9599,4.56,25/25,11:27 PM,04/05/2026,201,CUMBUM,Solo,4,210574,4.558492501448422
S22201,CUMBUM - 201,NOTA,None of the Above,644,23,667,0.32,25/25,11:27 PM,04/05/2026,201,CUMBUM,NOTA/Unaligned,5,210574,0.3167532553876547
S22201,CUMBUM - 201,MUTHU BAGAVATHI M.,Tamizhaga Vaazhvurimai Katchi,427,4,431,0.2,25/25,11:27 PM,04/05/2026,201,CUMBUM,-,6,210574,0.20467864028797478
S22201,CUMBUM - 201,RAJAMOHAMMED T,Independent,421,1,422,0.2,25/25,11:27 PM,04/05/2026,201,CUMBUM,Independent,7,210574,0.20040460835620733
S22201,CUMBUM - 201,KATHIRAVAN S,New Generation People's Party,317,2,319,0.15,25/25,11:27 PM,04/05/2026,201,CUMBUM,-,8,210574,0.15149068735931312
S22201,CUMBUM - 201,PRAKASH P.,Independent,253,1,254,0.12,25/25,11:27 PM,04/05/2026,201,CUMBUM,Independent,9,210574,0.12062267896321484
S22201,CUMBUM - 201,MUTHUSELVAM G.,Independent,213,1,214,0.1,25/25,11:27 PM,04/05/2026,201,CUMBUM,Independent,10,210574,0.10162698148869281
S22201,CUMBUM - 201,THASTHAKEER I,Independent,190,6,196,0.09,25/25,11:27 PM,04/05/2026,201,CUMBUM,Independent,11,210574,0.0930789176251579
S22201,CUMBUM - 201,ASHOK KUMAR A,Independent,181,3,184,0.09,25/25,11:27 PM,04/05/2026,201,CUMBUM,Independent,12,210574,0.08738020838280129
S22201,CUMBUM - 201,PRAKASH P.,Independent,177,4,181,0.09,25/25,11:27 PM,04/05/2026,201,CUMBUM,Independent,13,210574,0.08595553107221214
S22201,CUMBUM - 201,ARUNKUMAR A,Independent,161,0,161,0.08,25/25,11:27 PM,04/05/2026,201,CUMBUM,Independent,14,210574,0.07645768233495114
S22201,CUMBUM - 201,VINOTH KUMAR R,Independent,154,0,154,0.07,25/25,11:27 PM,04/05/2026,201,CUMBUM,Independent,15,210574,0.07313343527690978
S22201,CUMBUM - 201,SARAVANAN S.R.,Independent,110,1,111,0.05,25/25,11:27 PM,04/05/2026,201,CUMBUM,Independent,16,210574,0.05271306049179861
S22201,CUMBUM - 201,BALAN R,Independent,103,3,106,0.05,25/25,11:27 PM,04/05/2026,201,CUMBUM,Independent,17,210574,0.050338598307483357
S22201,CUMBUM - 201,RAJADURAI S,Independent,96,2,98,0.05,25/25,11:27 PM,04/05/2026,201,CUMBUM,Independent,18,210574,0.04653945881257895
S22201,CUMBUM - 201,NANTHAKUMAR A.,Independent,69,2,71,0.03,25/25,11:27 PM,04/05/2026,201,CUMBUM,Independent,19,210574,0.03371736301727659
S22201,CUMBUM - 201,SUBRAMANIYAM L R,Independent,61,1,62,0.03,25/25,11:27 PM,04/05/2026,201,CUMBUM,Independent,20,210574,0.02944333108550913
S22202,RAJAPALAYAM - 202,JEGADESHWARI. K,Tamilaga Vettri Kazhagam,64947,601,65548,35.81,21/21,11:30 PM,04/05/2026,202,RAJAPALAYAM,Solo,1,183020,35.81466506392744
S22202,RAJAPALAYAM - 202,THANGAPANDIAN. S,Dravida Munnetra Kazhagam,54189,754,54943,30.02,21/21,11:30 PM,04/05/2026,202,RAJAPALAYAM,INDIA/SPA,2,183020,30.02021636979565
S22202,RAJAPALAYAM - 202,PRISCILLA PANDIAN. J,Bharatiya Janata Party,35878,440,36318,19.84,21/21,11:30 PM,04/05/2026,202,RAJAPALAYAM,NDA,3,183020,19.843732925363348
S22202,RAJAPALAYAM - 202,DR. KARTHIKEYAN. T.E.,Naam Tamilar Katchi,16675,297,16972,9.27,21/21,11:30 PM,04/05/2026,202,RAJAPALAYAM,Solo,4,183020,9.273303464102284
S22202,RAJAPALAYAM - 202,RAMADEVI. T,Puthiya Tamilagam,2485,59,2544,1.39,21/21,11:30 PM,04/05/2026,202,RAJAPALAYAM,-,5,183020,1.3900120205442028
S22202,RAJAPALAYAM - 202,HARISH. A,All India Puratchi Thalaivar Makkal Munnettra Kazhagam,1531,16,1547,0.85,21/21,11:30 PM,04/05/2026,202,RAJAPALAYAM,-,6,183020,0.8452628128073435
S22202,RAJAPALAYAM - 202,NASRIN BANU. T,Republican Party of India (Athawale),1213,27,1240,0.68,21/21,11:30 PM,04/05/2026,202,RAJAPALAYAM,-,7,183020,0.6775215823407278
S22202,RAJAPALAYAM - 202,NOTA,None of the Above,730,23,753,0.41,21/21,11:30 PM,04/05/2026,202,RAJAPALAYAM,NOTA/Unaligned,8,183020,0.4114304447601355
S22202,RAJAPALAYAM - 202,MANMATHAN. M,Independent,411,3,414,0.23,21/21,11:30 PM,04/05/2026,202,RAJAPALAYAM,Independent,9,183020,0.22620478636214622
S22202,RAJAPALAYAM - 202,MUTHULAKSHMI. R,Independent,351,0,351,0.19,21/21,11:30 PM,04/05/2026,202,RAJAPALAYAM,Independent,10,183020,0.1917823188722544
S22202,RAJAPALAYAM - 202,THANGAPANDI. B,Independent,304,0,304,0.17,21/21,11:30 PM,04/05/2026,202,RAJAPALAYAM,Independent,11,183020,0.1661020653480494
S22202,RAJAPALAYAM - 202,SELVI. K,Independent,291,7,298,0.16,21/21,11:30 PM,04/05/2026,202,RAJAPALAYAM,Independent,12,183020,0.16282373511091683
S22202,RAJAPALAYAM - 202,JEGATHISHWARI. N,Independent,291,1,292,0.16,21/21,11:30 PM,04/05/2026,202,RAJAPALAYAM,Independent,13,183020,0.1595454048737843
S22202,RAJAPALAYAM - 202,ALAGUMURUGAN. S,Independent,267,1,268,0.15,21/21,11:30 PM,04/05/2026,202,RAJAPALAYAM,Independent,14,183020,0.14643208392525406
S22202,RAJAPALAYAM - 202,BALAMURUGAN. V,Independent,202,1,203,0.11,21/21,11:30 PM,04/05/2026,202,RAJAPALAYAM,Independent,15,183020,0.11091683968965141
S22202,RAJAPALAYAM - 202,SELVAKUMAR. A,Independent,178,2,180,0.1,21/21,11:30 PM,04/05/2026,202,RAJAPALAYAM,Independent,16,183020,0.09834990711397662
S22202,RAJAPALAYAM - 202,MURUGAN. D,Independent,170,1,171,0.09,21/21,11:30 PM,04/05/2026,202,RAJAPALAYAM,Independent,17,183020,0.09343241175827778
S22202,RAJAPALAYAM - 202,SAMUEL RAJ,Independent,139,1,140,0.08,21/21,11:30 PM,04/05/2026,202,RAJAPALAYAM,Independent,18,183020,0.07649437219975959
S22202,RAJAPALAYAM - 202,SHANMUGACHANDRA VELAVAN. C.C,Independent,135,2,137,0.07,21/21,11:30 PM,04/05/2026,202,RAJAPALAYAM,Independent,19,183020,0.07485520708119331
S22202,RAJAPALAYAM - 202,SARAVANAN. G,Independent,117,2,119,0.07,21/21,11:30 PM,04/05/2026,202,RAJAPALAYAM,Independent,20,183020,0.06502021636979564
S22202,RAJAPALAYAM - 202,VIJENDRAN. G,Independent,107,1,108,0.06,21/21,11:30 PM,04/05/2026,202,RAJAPALAYAM,Independent,21,183020,0.05900994426838597
S22202,RAJAPALAYAM - 202,GANESAN. K,Independent,94,1,95,0.05,21/21,11:30 PM,04/05/2026,202,RAJAPALAYAM,Independent,22,183020,0.051906895421265434
S22202,RAJAPALAYAM - 202,ALAGUPANDIAN. A,Independent,75,0,75,0.04,21/21,11:30 PM,04/05/2026,202,RAJAPALAYAM,Independent,23,183020,0.040979127964156925
S22203,SRIVILLIPUTHUR - 203,KARTHIK.A,Tamilaga Vettri Kazhagam,64709,944,65653,33.93,24/24,11:30 PM,04/05/2026,203,SRIVILLIPUTHUR,Solo,1,193471,33.934284724842485
S22203,SRIVILLIPUTHUR - 203,MAHALINGAM.P,Communist Party of India,56261,811,57072,29.5,24/24,11:30 PM,04/05/2026,203,SRIVILLIPUTHUR,INDIA/SPA,2,193471,29.498994681373436
S22203,SRIVILLIPUTHUR - 203,CHANDRAPRABHA.M,All India Anna Dravida Munnetra Kazhagam,42148,691,42839,22.14,24/24,11:30 PM,04/05/2026,203,SRIVILLIPUTHUR,NDA,3,193471,22.142336577574934
S22203,SRIVILLIPUTHUR - 203,KARIKALAPANDIYAN.A,Naam Tamilar Katchi,12948,326,13274,6.86,24/24,11:30 PM,04/05/2026,203,SRIVILLIPUTHUR,Solo,4,193471,6.8609765804694245
S22203,SRIVILLIPUTHUR - 203,DR. SHYAM KRISHNASAMY,Puthiya Tamilagam,9329,193,9522,4.92,24/24,11:30 PM,04/05/2026,203,SRIVILLIPUTHUR,-,5,193471,4.92166784686077
S22203,SRIVILLIPUTHUR - 203,CHANDRA.M,All India Puratchi Thalaivar Makkal Munnettra Kazhagam,1684,42,1726,0.89,24/24,11:30 PM,04/05/2026,203,SRIVILLIPUTHUR,-,6,193471,0.8921233673263693
S22203,SRIVILLIPUTHUR - 203,NOTA,None of the Above,845,28,873,0.45,24/24,11:30 PM,04/05/2026,203,SRIVILLIPUTHUR,NOTA/Unaligned,7,193471,0.4512304169617152
S22203,SRIVILLIPUTHUR - 203,DEVIALAKSHMI SARANYA.K,Independent,505,4,509,0.26,24/24,11:30 PM,04/05/2026,203,SRIVILLIPUTHUR,Independent,8,193471,0.26308852489520396
S22203,SRIVILLIPUTHUR - 203,MUTHURAJ.U,Independent,441,2,443,0.23,24/24,11:30 PM,04/05/2026,203,SRIVILLIPUTHUR,Independent,9,193471,0.22897488512490244
S22203,SRIVILLIPUTHUR - 203,ALAGURAJA T,Independent,360,5,365,0.19,24/24,11:30 PM,04/05/2026,203,SRIVILLIPUTHUR,Independent,10,193471,0.1886587653963643
S22203,SRIVILLIPUTHUR - 203,MURUGESAN.S,Independent,335,6,341,0.18,24/24,11:30 PM,04/05/2026,203,SRIVILLIPUTHUR,Independent,11,193471,0.17625380547989106
S22203,SRIVILLIPUTHUR - 203,PANDIYAMMAL.M,Independent,339,1,340,0.18,24/24,11:30 PM,04/05/2026,203,SRIVILLIPUTHUR,Independent,12,193471,0.175736932150038
S22203,SRIVILLIPUTHUR - 203,SURYAPRAKASH.R,Independent,234,1,235,0.12,24/24,11:30 PM,04/05/2026,203,SRIVILLIPUTHUR,Independent,13,193471,0.12146523251546744
S22203,SRIVILLIPUTHUR - 203,SUDANDIRADOSS.M,Independent,151,0,151,0.08,24/24,11:30 PM,04/05/2026,203,SRIVILLIPUTHUR,Independent,14,193471,0.07804787280781099
S22203,SRIVILLIPUTHUR - 203,VARATHARAJAN.A,Naam Indiar Party,126,2,128,0.07,24/24,11:30 PM,04/05/2026,203,SRIVILLIPUTHUR,-,15,193471,0.06615978622119077
S22204,SATTUR - 204,KADARKARAIRAJ. A,Dravida Munnetra Kazhagam,61342,718,62060,31.23,21/21,11:30 PM,04/05/2026,204,SATTUR,INDIA/SPA,1,198734,31.22767115843288
S22204,SATTUR - 204,NAINAR NAGENTHRAN,Bharatiya Janata Party,55465,606,56071,28.21,21/21,11:30 PM,04/05/2026,204,SATTUR,NDA,2,198734,28.214095222760072
S22204,SATTUR - 204,AJITH. M,Tamilaga Vettri Kazhagam,52904,594,53498,26.92,21/21,11:30 PM,04/05/2026,204,SATTUR,Solo,3,198734,26.919399800738677
S22204,SATTUR - 204,ESAKKIRAJA. K,All India Puratchi Thalaivar Makkal Munnettra Kazhagam,11485,117,11602,5.84,21/21,11:30 PM,04/05/2026,204,SATTUR,-,4,198734,5.837954250405064
S22204,SATTUR - 204,ANANDHARAJA. D.,Naam Tamilar Katchi,9064,171,9235,4.65,21/21,11:30 PM,04/05/2026,204,SATTUR,Solo,5,198734,4.646914971771312
S22204,SATTUR - 204,VELMURUGAN. S,Puthiya Tamilagam,2293,50,2343,1.18,21/21,11:30 PM,04/05/2026,204,SATTUR,-,6,198734,1.1789628347439292
S22204,SATTUR - 204,NOTA,None of the Above,461,15,476,0.24,21/21,11:30 PM,04/05/2026,204,SATTUR,NOTA/Unaligned,7,198734,0.23951613714814776
S22204,SATTUR - 204,MAYAKKANNAN. V,Independent,462,0,462,0.23,21/21,11:30 PM,04/05/2026,204,SATTUR,Independent,8,198734,0.2324715448790846
S22204,SATTUR - 204,MANIVASAGAM.S,Independent,456,0,456,0.23,21/21,11:30 PM,04/05/2026,204,SATTUR,Independent,9,198734,0.22945243390662895
S22204,SATTUR - 204,KAMALA VEL SELVAN. P,Bahujan Samaj Party,400,4,404,0.2,21/21,11:30 PM,04/05/2026,204,SATTUR,Solo,10,198734,0.20328680547868005
S22204,SATTUR - 204,RAMESH KUMAR. B,Independent,339,1,340,0.17,21/21,11:30 PM,04/05/2026,204,SATTUR,Independent,11,198734,0.17108295510581983
S22204,SATTUR - 204,THANGA MARIAPPAN. J,Independent,239,0,239,0.12,21/21,11:30 PM,04/05/2026,204,SATTUR,Independent,12,198734,0.12026125373614983
S22204,SATTUR - 204,MAHENDRAN. M,Independent,230,1,231,0.12,21/21,11:30 PM,04/05/2026,204,SATTUR,Independent,13,198734,0.1162357724395423
S22204,SATTUR - 204,MAHESHKUMAR. M,Independent,193,0,193,0.1,21/21,11:30 PM,04/05/2026,204,SATTUR,Independent,14,198734,0.09711473628065656
S22204,SATTUR - 204,SARAVANAN. P,Independent,186,4,190,0.1,21/21,11:30 PM,04/05/2026,204,SATTUR,Independent,15,198734,0.09560518079442873
S22204,SATTUR - 204,VIJENDRAN. G,Independent,186,4,190,0.1,21/21,11:30 PM,04/05/2026,204,SATTUR,Independent,16,198734,0.09560518079442873
S22204,SATTUR - 204,THANGA DURAI. P,Puthiya Makkal Tamil Desam Katchi,130,0,130,0.07,21/21,11:30 PM,04/05/2026,204,SATTUR,-,17,198734,0.06541407106987229
S22204,SATTUR - 204,MUTHARASAN. M,Independent,126,0,126,0.06,21/21,11:30 PM,04/05/2026,204,SATTUR,Independent,18,198734,0.06340133042156852
S22204,SATTUR - 204,VENKATESAN. M,Independent,122,1,123,0.06,21/21,11:30 PM,04/05/2026,204,SATTUR,Independent,19,198734,0.061891774935340704
S22204,SATTUR - 204,MUTHUKANNU. C,Tamilaga Makkal Nala Katchi,100,5,105,0.05,21/21,11:30 PM,04/05/2026,204,SATTUR,-,20,198734,0.05283444201797377
S22204,SATTUR - 204,NARMADA NANDHAKUMAR,Independent,85,3,88,0.04,21/21,11:30 PM,04/05/2026,204,SATTUR,Independent,21,198734,0.04428029426268278
S22204,SATTUR - 204,AJITHKUMAR. S,Independent,86,0,86,0.04,21/21,11:30 PM,04/05/2026,204,SATTUR,Independent,22,198734,0.0432739239385309
S22204,SATTUR - 204,KALIRAJ. M,Independent,86,0,86,0.04,21/21,11:30 PM,04/05/2026,204,SATTUR,Independent,23,198734,0.0432739239385309
S22205,SIVAKASI - 205,KEERTHANA S,Tamilaga Vettri Kazhagam,68273,436,68709,35.51,22/22,11:30 PM,04/05/2026,205,SIVAKASI,Solo,1,193517,35.50540779363053
S22205,SIVAKASI - 205,ASHOKAN G,Indian National Congress,56596,443,57039,29.47,22/22,11:30 PM,04/05/2026,205,SIVAKASI,INDIA/SPA,2,193517,29.47492985112419
S22205,SIVAKASI - 205,RAJENTHRABHALAJI K T,All India Anna Dravida Munnetra Kazhagam,50595,483,51078,26.39,22/22,11:30 PM,04/05/2026,205,SIVAKASI,NDA,3,193517,26.39458032110874
S22205,SIVAKASI - 205,ESTHER MARY DIANA A,Naam Tamilar Katchi,10087,104,10191,5.27,22/22,11:30 PM,04/05/2026,205,SIVAKASI,Solo,4,193517,5.266204002749112
S22205,SIVAKASI - 205,KANIPANDI M,Puthiya Tamilagam,2484,29,2513,1.3,22/22,11:30 PM,04/05/2026,205,SIVAKASI,-,5,193517,1.2985939219810145
S22205,SIVAKASI - 205,GANESAN M,All India Puratchi Thalaivar Makkal Munnettra Kazhagam,1695,34,1729,0.89,22/22,11:30 PM,04/05/2026,205,SIVAKASI,-,6,193517,0.8934615563490546
S22205,SIVAKASI - 205,NOTA,None of the Above,933,15,948,0.49,22/22,11:30 PM,04/05/2026,205,SIVAKASI,NOTA/Unaligned,7,193517,0.4898794421161965
S22205,SIVAKASI - 205,SURESH K,Bahujan Samaj Party,229,0,229,0.12,22/22,11:30 PM,04/05/2026,205,SIVAKASI,Solo,8,193517,0.11833585679811076
S22205,SIVAKASI - 205,RAMESH P,Independent,210,3,213,0.11,22/22,11:30 PM,04/05/2026,205,SIVAKASI,Independent,9,193517,0.11006784933623402
S22205,SIVAKASI - 205,NAGALAKSHMI V,Independent,204,1,205,0.11,22/22,11:30 PM,04/05/2026,205,SIVAKASI,Independent,10,193517,0.10593384560529566
S22205,SIVAKASI - 205,VENKATESH V,Independent,195,4,199,0.1,22/22,11:30 PM,04/05/2026,205,SIVAKASI,Independent,11,193517,0.10283334280709189
S22205,SIVAKASI - 205,CHINNADURAI ALIAS DIMITRO S,Communist Party of India (Marxist-Leninist) (Liberation),162,0,162,0.08,22/22,11:30 PM,04/05/2026,205,SIVAKASI,-,12,193517,0.08371357555150194
S22205,SIVAKASI - 205,MURUGAN M,Independent,120,0,120,0.06,22/22,11:30 PM,04/05/2026,205,SIVAKASI,Independent,13,193517,0.06201005596407551
S22205,SIVAKASI - 205,GANESAN S,Independent,102,0,102,0.05,22/22,11:30 PM,04/05/2026,205,SIVAKASI,Independent,14,193517,0.05270854756946418
S22205,SIVAKASI - 205,GANESAN V,Independent,80,0,80,0.04,22/22,11:30 PM,04/05/2026,205,SIVAKASI,Independent,15,193517,0.041340037309383675
S22206,VIRUDHUNAGAR - 206,SELVAM P,Tamilaga Vettri Kazhagam,63070,583,63653,37.93,23/23,11:30 PM,04/05/2026,206,VIRUDHUNAGAR,Solo,1,167832,37.92661709328376
S22206,VIRUDHUNAGAR - 206,VIJAYAPRABHAKAR,Desiya Murpokku Dravida Kazhagam,53689,573,54262,32.33,23/23,11:30 PM,04/05/2026,206,VIRUDHUNAGAR,INDIA/SPA,2,167832,32.331140664474
S22206,VIRUDHUNAGAR - 206,GANESAN V.G.,All India Anna Dravida Munnetra Kazhagam,33851,361,34212,20.38,23/23,11:30 PM,04/05/2026,206,VIRUDHUNAGAR,NDA,3,167832,20.384670384670386
S22206,VIRUDHUNAGAR - 206,LAKSHMANAN,Naam Tamilar Katchi,9938,182,10120,6.03,23/23,11:30 PM,04/05/2026,206,VIRUDHUNAGAR,Solo,4,167832,6.029839363172696
S22206,VIRUDHUNAGAR - 206,BALASUBRAMANIAM M,Puthiya Tamilagam,2166,51,2217,1.32,23/23,11:30 PM,04/05/2026,206,VIRUDHUNAGAR,-,5,167832,1.320963820963821
S22206,VIRUDHUNAGAR - 206,NOTA,None of the Above,940,14,954,0.57,23/23,11:30 PM,04/05/2026,206,VIRUDHUNAGAR,NOTA/Unaligned,6,167832,0.5684255684255685
S22206,VIRUDHUNAGAR - 206,AJAY I,Independent,532,0,532,0.32,23/23,11:30 PM,04/05/2026,206,VIRUDHUNAGAR,Independent,7,167832,0.31698365031698367
S22206,VIRUDHUNAGAR - 206,MUTHUVEL S,Independent,508,1,509,0.3,23/23,11:30 PM,04/05/2026,206,VIRUDHUNAGAR,Independent,8,167832,0.30327946994613664
S22206,VIRUDHUNAGAR - 206,SUBBURAJ K,Independent,342,1,343,0.2,23/23,11:30 PM,04/05/2026,206,VIRUDHUNAGAR,Independent,9,167832,0.20437103770437104
S22206,VIRUDHUNAGAR - 206,GUNASUNDARAM R,Independent,204,0,204,0.12,23/23,11:30 PM,04/05/2026,206,VIRUDHUNAGAR,Independent,10,167832,0.12155012155012156
S22206,VIRUDHUNAGAR - 206,GURUSAMY S,Independent,180,2,182,0.11,23/23,11:30 PM,04/05/2026,206,VIRUDHUNAGAR,Independent,11,167832,0.10844177510844177
S22206,VIRUDHUNAGAR - 206,RATHINARAJA S,Nam Naadu Nam Makkal Nam Ethirkaalam Katchi,145,3,148,0.09,23/23,11:30 PM,04/05/2026,206,VIRUDHUNAGAR,-,12,167832,0.08818342151675485
S22206,VIRUDHUNAGAR - 206,SANTHOSH KUMAR R,Independent,137,0,137,0.08,23/23,11:30 PM,04/05/2026,206,VIRUDHUNAGAR,Independent,13,167832,0.08162924829591496
S22206,VIRUDHUNAGAR - 206,AMIRTHA PANDI M.V,Independent,121,1,122,0.07,23/23,11:30 PM,04/05/2026,206,VIRUDHUNAGAR,Independent,14,167832,0.07269173935840602
S22206,VIRUDHUNAGAR - 206,RANJITH S,Independent,118,1,119,0.07,23/23,11:30 PM,04/05/2026,206,VIRUDHUNAGAR,Independent,15,167832,0.07090423757090424
S22206,VIRUDHUNAGAR - 206,VIKRAMAN N,Desa Makkal Munnetrak Kazhagam,115,3,118,0.07,23/23,11:30 PM,04/05/2026,206,VIRUDHUNAGAR,NOTA/Unaligned,16,167832,0.07030840364173697
S22207,ARUPPUKKOTTAI - 207,RAMACHANDRAN. K.K.S.S.R,Dravida Munnetra Kazhagam,64124,980,65104,36.49,20/20,11:27 PM,04/05/2026,207,ARUPPUKKOTTAI,INDIA/SPA,1,178413,36.49061447316059
S22207,ARUPPUKKOTTAI - 207,KARTHIK KUMAR. K,Tamilaga Vettri Kazhagam,59556,605,60161,33.72,20/20,11:27 PM,04/05/2026,207,ARUPPUKKOTTAI,Solo,2,178413,33.720076451828064
S22207,ARUPPUKKOTTAI - 207,SETHUPATHY. S,All India Anna Dravida Munnetra Kazhagam,36783,407,37190,20.84,20/20,11:27 PM,04/05/2026,207,ARUPPUKKOTTAI,NDA,3,178413,20.844893589592687
S22207,ARUPPUKKOTTAI - 207,MANIMARAN. G,Naam Tamilar Katchi,8338,161,8499,4.76,20/20,11:27 PM,04/05/2026,207,ARUPPUKKOTTAI,Solo,4,178413,4.76366632476333
S22207,ARUPPUKKOTTAI - 207,RAGUPATHI. K,Puthiya Tamilagam,2107,72,2179,1.22,20/20,11:27 PM,04/05/2026,207,ARUPPUKKOTTAI,-,5,178413,1.221323558260889
S22207,ARUPPUKKOTTAI - 207,DHARMARAJ. P,All India Puratchi Thalaivar Makkal Munnettra Kazhagam,1130,17,1147,0.64,20/20,11:27 PM,04/05/2026,207,ARUPPUKKOTTAI,-,6,178413,0.6428903723383386
S22207,ARUPPUKKOTTAI - 207,NOTA,None of the Above,666,26,692,0.39,20/20,11:27 PM,04/05/2026,207,ARUPPUKKOTTAI,NOTA/Unaligned,7,178413,0.38786411304109003
S22207,ARUPPUKKOTTAI - 207,ARUMUGAM. V,Independent,639,2,641,0.36,20/20,11:27 PM,04/05/2026,207,ARUPPUKKOTTAI,Independent,8,178413,0.359278752108871
S22207,ARUPPUKKOTTAI - 207,SURESHKUMAR. K,Independent,573,0,573,0.32,20/20,11:27 PM,04/05/2026,207,ARUPPUKKOTTAI,Independent,9,178413,0.3211649375325789
S22207,ARUPPUKKOTTAI - 207,SUNDARAMOORTHI. S,Independent,424,0,424,0.24,20/20,11:27 PM,04/05/2026,207,ARUPPUKKOTTAI,Independent,10,178413,0.23765084382864476
S22207,ARUPPUKKOTTAI - 207,SENTHILKUMAR. S,Independent,263,2,265,0.15,20/20,11:27 PM,04/05/2026,207,ARUPPUKKOTTAI,Independent,11,178413,0.148531777392903
S22207,ARUPPUKKOTTAI - 207,GANESAN. V,Puthiya Makkal Tamil Desam Katchi,194,0,194,0.11,20/20,11:27 PM,04/05/2026,207,ARUPPUKKOTTAI,-,12,178413,0.1087364709970686
S22207,ARUPPUKKOTTAI - 207,RAMAKRISHNAN. S,Independent,161,1,162,0.09,20/20,11:27 PM,04/05/2026,207,ARUPPUKKOTTAI,Independent,13,178413,0.09080055825528409
S22207,ARUPPUKKOTTAI - 207,SANJAY GANDHI. V,Desa Makkal Munnetrak Kazhagam,160,0,160,0.09,20/20,11:27 PM,04/05/2026,207,ARUPPUKKOTTAI,NOTA/Unaligned,14,178413,0.08967956370892255
S22207,ARUPPUKKOTTAI - 207,ADVOCATE SADHURAGIRI. M,Independent,159,1,160,0.09,20/20,11:27 PM,04/05/2026,207,ARUPPUKKOTTAI,Independent,15,178413,0.08967956370892255
S22207,ARUPPUKKOTTAI - 207,ELANGO. G,Ezhuchi Tamilargal Munnetra Kazhagam,137,2,139,0.08,20/20,11:27 PM,04/05/2026,207,ARUPPUKKOTTAI,-,16,178413,0.07790912097212647
S22207,ARUPPUKKOTTAI - 207,SUNDARAMAHALINGAM. A,Independent,120,0,120,0.07,20/20,11:27 PM,04/05/2026,207,ARUPPUKKOTTAI,Independent,17,178413,0.06725967278169191
S22207,ARUPPUKKOTTAI - 207,ANANDHAN. A,Independent,112,3,115,0.06,20/20,11:27 PM,04/05/2026,207,ARUPPUKKOTTAI,Independent,18,178413,0.06445718641578808
S22207,ARUPPUKKOTTAI - 207,MUNIYANDI. M,Independent,79,1,80,0.04,20/20,11:27 PM,04/05/2026,207,ARUPPUKKOTTAI,Independent,19,178413,0.044839781854461275
S22207,ARUPPUKKOTTAI - 207,CHINNASAMY. G,Independent,75,1,76,0.04,20/20,11:27 PM,04/05/2026,207,ARUPPUKKOTTAI,Independent,20,178413,0.04259779276173822
S22207,ARUPPUKKOTTAI - 207,PALANIKUMAR. M,Independent,68,0,68,0.04,20/20,11:27 PM,04/05/2026,207,ARUPPUKKOTTAI,Independent,21,178413,0.038113814576292086
S22207,ARUPPUKKOTTAI - 207,RAMAMOORTHY. G,Independent,57,1,58,0.03,20/20,11:27 PM,04/05/2026,207,ARUPPUKKOTTAI,Independent,22,178413,0.032508841844484423
S22207,ARUPPUKKOTTAI - 207,VEERARAJ. R,Independent,55,1,56,0.03,20/20,11:27 PM,04/05/2026,207,ARUPPUKKOTTAI,Independent,23,178413,0.0313878472981229
S22207,ARUPPUKKOTTAI - 207,KARTHIK. M,Independent,52,1,53,0.03,20/20,11:27 PM,04/05/2026,207,ARUPPUKKOTTAI,Independent,24,178413,0.029706355478580596
S22207,ARUPPUKKOTTAI - 207,VENKATESAN. P.S,Independent,49,0,49,0.03,20/20,11:27 PM,04/05/2026,207,ARUPPUKKOTTAI,Independent,25,178413,0.027464366385857534
S22207,ARUPPUKKOTTAI - 207,MARIVEL. K,Independent,48,0,48,0.03,20/20,11:27 PM,04/05/2026,207,ARUPPUKKOTTAI,Independent,26,178413,0.026903869112676768
S22208,TIRUCHULI - 208,THANGAM THENARASU,Dravida Munnetra Kazhagam,74298,787,75085,41.43,23/23,11:30 PM,04/05/2026,208,TIRUCHULI,INDIA/SPA,1,181250,41.426206896551726
S22208,TIRUCHULI - 208,SAMAYAN.S,Tamilaga Vettri Kazhagam,60912,688,61600,33.99,23/23,11:30 PM,04/05/2026,208,TIRUCHULI,Solo,2,181250,33.98620689655172
S22208,TIRUCHULI - 208,RAJAVARMAN.M.S.R,All India Anna Dravida Munnetra Kazhagam,25205,376,25581,14.11,23/23,11:30 PM,04/05/2026,208,TIRUCHULI,NDA,3,181250,14.113655172413793
S22208,TIRUCHULI - 208,AVARANGADU KARTHIK RAJA,Naam Tamilar Katchi,12522,241,12763,7.04,23/23,11:30 PM,04/05/2026,208,TIRUCHULI,Solo,4,181250,7.041655172413793
S22208,TIRUCHULI - 208,GUNASEKARAN.G,Puthiya Tamilagam,1222,26,1248,0.69,23/23,11:30 PM,04/05/2026,208,TIRUCHULI,-,5,181250,0.6885517241379311
S22208,TIRUCHULI - 208,MURUGESAPANDIAN.T,All India Puratchi Thalaivar Makkal Munnettra Kazhagam,1097,10,1107,0.61,23/23,11:30 PM,04/05/2026,208,TIRUCHULI,-,6,181250,0.6107586206896551
S22208,TIRUCHULI - 208,MALAI ALAGU.M,Independent,631,0,631,0.35,23/23,11:30 PM,04/05/2026,208,TIRUCHULI,Independent,7,181250,0.34813793103448276
S22208,TIRUCHULI - 208,ADVOCATE THANGAPANDIAN,Independent,518,7,525,0.29,23/23,11:30 PM,04/05/2026,208,TIRUCHULI,Independent,8,181250,0.2896551724137931
S22208,TIRUCHULI - 208,NOTA,None of the Above,407,18,425,0.23,23/23,11:30 PM,04/05/2026,208,TIRUCHULI,NOTA/Unaligned,9,181250,0.23448275862068965
S22208,TIRUCHULI - 208,MARIMUTHU.M,Independent,392,0,392,0.22,23/23,11:30 PM,04/05/2026,208,TIRUCHULI,Independent,10,181250,0.2162758620689655
S22208,TIRUCHULI - 208,KANNAN.G,Ezhuchi Tamilargal Munnetra Kazhagam,281,0,281,0.16,23/23,11:30 PM,04/05/2026,208,TIRUCHULI,-,11,181250,0.1550344827586207
S22208,TIRUCHULI - 208,SETHURAMALINGAM.S,Independent,245,0,245,0.14,23/23,11:30 PM,04/05/2026,208,TIRUCHULI,Independent,12,181250,0.13517241379310344
S22208,TIRUCHULI - 208,PALANIYANDI.M,Independent,194,1,195,0.11,23/23,11:30 PM,04/05/2026,208,TIRUCHULI,Independent,13,181250,0.10758620689655173
S22208,TIRUCHULI - 208,NALLAMARUTHU.K,Independent,164,0,164,0.09,23/23,11:30 PM,04/05/2026,208,TIRUCHULI,Independent,14,181250,0.09048275862068965
S22208,TIRUCHULI - 208,RAJANGAM.C,Independent,162,0,162,0.09,23/23,11:30 PM,04/05/2026,208,TIRUCHULI,Independent,15,181250,0.08937931034482759
S22208,TIRUCHULI - 208,KALIMUTHU.S,Independent,124,0,124,0.07,23/23,11:30 PM,04/05/2026,208,TIRUCHULI,Independent,16,181250,0.06841379310344828
S22208,TIRUCHULI - 208,RAJKUMAR.D,Tamizhaga Vaazhvurimai Katchi,119,0,119,0.07,23/23,11:30 PM,04/05/2026,208,TIRUCHULI,-,17,181250,0.06565517241379311
S22208,TIRUCHULI - 208,GURUSAMY.T,Independent,108,6,114,0.06,23/23,11:30 PM,04/05/2026,208,TIRUCHULI,Independent,18,181250,0.06289655172413793
S22208,TIRUCHULI - 208,VELLAISAMY.P,Ahimsa Socialist Party,108,0,108,0.06,23/23,11:30 PM,04/05/2026,208,TIRUCHULI,-,19,181250,0.059586206896551724
S22208,TIRUCHULI - 208,JEYACHITRA,Independent,86,2,88,0.05,23/23,11:30 PM,04/05/2026,208,TIRUCHULI,Independent,20,181250,0.04855172413793103
S22208,TIRUCHULI - 208,CHENNA KESAVAN.P,Independent,82,3,85,0.05,23/23,11:30 PM,04/05/2026,208,TIRUCHULI,Independent,21,181250,0.04689655172413793
S22208,TIRUCHULI - 208,MUNIYASAMY.R,Independent,77,0,77,0.04,23/23,11:30 PM,04/05/2026,208,TIRUCHULI,Independent,22,181250,0.042482758620689655
S22208,TIRUCHULI - 208,MARNADU.M,Independent,66,0,66,0.04,23/23,11:30 PM,04/05/2026,208,TIRUCHULI,Independent,23,181250,0.03641379310344828
S22208,TIRUCHULI - 208,ARAVINTHASAMY.J,Independent,65,0,65,0.04,23/23,11:30 PM,04/05/2026,208,TIRUCHULI,Independent,24,181250,0.03586206896551724
S22209,PARAMAKUDI - 209,ADVOCATE. KATHIRAVAN. K.K,Dravida Munnetra Kazhagam,58217,944,59161,31.18,25/25,11:30 PM,04/05/2026,209,PARAMAKUDI,INDIA/SPA,1,189753,31.177899690650477
S22209,PARAMAKUDI - 209,GOPIRAJAN. G,Tamilaga Vettri Kazhagam,54856,757,55613,29.31,25/25,11:30 PM,04/05/2026,209,PARAMAKUDI,Solo,2,189753,29.308100530689895
S22209,PARAMAKUDI - 209,DR. MUTHIAH. S,All India Anna Dravida Munnetra Kazhagam,53299,800,54099,28.51,25/25,11:30 PM,04/05/2026,209,PARAMAKUDI,NDA,3,189753,28.5102211822738
S22209,PARAMAKUDI - 209,EZHIL ELAVARASI. R,Naam Tamilar Katchi,15013,350,15363,8.1,25/25,11:30 PM,04/05/2026,209,PARAMAKUDI,Solo,4,189753,8.096314682771814
S22209,PARAMAKUDI - 209,AMIRTHA. M,All India Puratchi Thalaivar Makkal Munnettra Kazhagam,2191,48,2239,1.18,25/25,11:30 PM,04/05/2026,209,PARAMAKUDI,-,5,189753,1.17995499412394
S22209,PARAMAKUDI - 209,RATHINA PRAKASH. K,Puthiya Tamilagam,936,68,1004,0.53,25/25,11:30 PM,04/05/2026,209,PARAMAKUDI,-,6,189753,0.5291088941940312
S22209,PARAMAKUDI - 209,NOTA,None of the Above,685,25,710,0.37,25/25,11:30 PM,04/05/2026,209,PARAMAKUDI,NOTA/Unaligned,7,189753,0.37417063234836867
S22209,PARAMAKUDI - 209,KATHIRAVAN. R,Independent,377,2,379,0.2,25/25,11:30 PM,04/05/2026,209,PARAMAKUDI,Independent,8,189753,0.19973333754934045
S22209,PARAMAKUDI - 209,RAJU. A,Independent,322,2,324,0.17,25/25,11:30 PM,04/05/2026,209,PARAMAKUDI,Independent,9,189753,0.17074828856460766
S22209,PARAMAKUDI - 209,RAJA. M,Independent,265,3,268,0.14,25/25,11:30 PM,04/05/2026,209,PARAMAKUDI,Independent,10,189753,0.1412362386892434
S22209,PARAMAKUDI - 209,KARTHIK VANI. B,Independent,230,0,230,0.12,25/25,11:30 PM,04/05/2026,209,PARAMAKUDI,Independent,11,189753,0.1212102048452462
S22209,PARAMAKUDI - 209,MUTHTHIAH. M,Independent,223,2,225,0.12,25/25,11:30 PM,04/05/2026,209,PARAMAKUDI,Independent,12,189753,0.11857520039208866
S22209,PARAMAKUDI - 209,RADHA KRISHNAN. G,Independent,137,1,138,0.07,25/25,11:30 PM,04/05/2026,209,PARAMAKUDI,Independent,13,189753,0.07272612290714771
S22210,TIRUVADANAI - 210,RAJEEV,Tamilaga Vettri Kazhagam,69001,550,69551,31.57,28/28,11:30 PM,04/05/2026,210,TIRUVADANAI,Solo,1,220278,31.574192611154995
S22210,TIRUVADANAI - 210,RM. KARUMANICKAM,Indian National Congress,66394,644,67038,30.43,28/28,11:30 PM,04/05/2026,210,TIRUVADANAI,INDIA/SPA,2,220278,30.43336147958489
S22210,TIRUVADANAI - 210,M.KEERTHIKA,All India Anna Dravida Munnetra Kazhagam,63205,674,63879,29.0,28/28,11:30 PM,04/05/2026,210,TIRUVADANAI,NDA,3,220278,28.99926456568518
S22210,TIRUVADANAI - 210,N PREMNATH,Naam Tamilar Katchi,13224,165,13389,6.08,28/28,11:30 PM,04/05/2026,210,TIRUVADANAI,Solo,4,220278,6.078228420450522
S22210,TIRUVADANAI - 210,S SURESH KASINI VENTHAN,All India Forward Bloc,1463,19,1482,0.67,28/28,11:30 PM,04/05/2026,210,TIRUVADANAI,-,5,220278,0.672786206520851
S22210,TIRUVADANAI - 210,ALAGARSAMY PANDIAN,Independent,657,18,675,0.31,28/28,11:30 PM,04/05/2026,210,TIRUVADANAI,Independent,6,220278,0.3064309645084847
S22210,TIRUVADANAI - 210,S.BALUSAMY,Puthiya Tamilagam,607,12,619,0.28,28/28,11:30 PM,04/05/2026,210,TIRUVADANAI,-,7,220278,0.2810085437492623
S22210,TIRUVADANAI - 210,A DINESH KUMAR,Independent,486,5,491,0.22,28/28,11:30 PM,04/05/2026,210,TIRUVADANAI,Independent,8,220278,0.22290015344246816
S22210,TIRUVADANAI - 210,A SEGU ALI UDUMAN,Independent,480,1,481,0.22,28/28,11:30 PM,04/05/2026,210,TIRUVADANAI,Independent,9,220278,0.21836043544974987
S22210,TIRUVADANAI - 210,R THILAGESWARAN,Independent,455,2,457,0.21,28/28,11:30 PM,04/05/2026,210,TIRUVADANAI,Independent,10,220278,0.20746511226722597
S22210,TIRUVADANAI - 210,NOTA,None of the Above,347,7,354,0.16,28/28,11:30 PM,04/05/2026,210,TIRUVADANAI,NOTA/Unaligned,11,220278,0.16070601694222755
S22210,TIRUVADANAI - 210,B SIKKANDAR,Independent,328,2,330,0.15,28/28,11:30 PM,04/05/2026,210,TIRUVADANAI,Independent,12,220278,0.14981069375970366
S22210,TIRUVADANAI - 210,A MUTHUSAMY,Bahujan Samaj Party,256,2,258,0.12,28/28,11:30 PM,04/05/2026,210,TIRUVADANAI,Solo,13,220278,0.11712472421213194
S22210,TIRUVADANAI - 210,K KALEESWARAN,Tamizhaga Vaazhvurimai Katchi,214,1,215,0.1,28/28,11:30 PM,04/05/2026,210,TIRUVADANAI,-,14,220278,0.09760393684344329
S22210,TIRUVADANAI - 210,MS ABDUL BAKKI,Independent,208,1,209,0.09,28/28,11:30 PM,04/05/2026,210,TIRUVADANAI,Independent,15,220278,0.09488010604781232
S22210,TIRUVADANAI - 210,R ILAIYARAJA,Indhu Dravida Makkal Katchi,180,0,180,0.08,28/28,11:30 PM,04/05/2026,210,TIRUVADANAI,-,16,220278,0.08171492386892926
S22210,TIRUVADANAI - 210,SAKTHIK KUMAR,Independent,149,1,150,0.07,28/28,11:30 PM,04/05/2026,210,TIRUVADANAI,Independent,17,220278,0.06809576989077439
S22210,TIRUVADANAI - 210,N ANBU BAGURUDEEN,Independent,123,2,125,0.06,28/28,11:30 PM,04/05/2026,210,TIRUVADANAI,Independent,18,220278,0.056746474908978654
S22210,TIRUVADANAI - 210,ALLA PICHAI,Independent,111,1,112,0.05,28/28,11:30 PM,04/05/2026,210,TIRUVADANAI,Independent,19,220278,0.05084484151844487
S22210,TIRUVADANAI - 210,DEVASITHAM,Independent,110,2,112,0.05,28/28,11:30 PM,04/05/2026,210,TIRUVADANAI,Independent,20,220278,0.05084484151844487
S22210,TIRUVADANAI - 210,M.VIJAY,Independent,106,3,109,0.05,28/28,11:30 PM,04/05/2026,210,TIRUVADANAI,Independent,21,220278,0.049482926120629385
S22210,TIRUVADANAI - 210,A MANI,Independent,59,3,62,0.03,28/28,11:30 PM,04/05/2026,210,TIRUVADANAI,Independent,22,220278,0.028146251554853414
S22211,RAMANATHAPURAM - 211,KATHARBATCHA MUTHURAMALINGAM,Dravida Munnetra Kazhagam,88339,798,89137,37.52,31/31,11:30 PM,04/05/2026,211,RAMANATHAPURAM,INDIA/SPA,1,237576,37.51936222514059
S22211,RAMANATHAPURAM - 211,SHAHUL HAMEED,Tamilaga Vettri Kazhagam,76228,450,76678,32.28,31/31,11:30 PM,04/05/2026,211,RAMANATHAPURAM,Solo,2,237576,32.27514563760649
S22211,RAMANATHAPURAM - 211,GBS K.NAGENDRAN,Bharatiya Janata Party,57156,574,57730,24.3,31/31,11:30 PM,04/05/2026,211,RAMANATHAPURAM,NDA,3,237576,24.299592551436174
S22211,RAMANATHAPURAM - 211,S.M. MUTHU KESAVAN,Naam Tamilar Katchi,10637,129,10766,4.53,31/31,11:30 PM,04/05/2026,211,RAMANATHAPURAM,Solo,4,237576,4.53160251877294
S22211,RAMANATHAPURAM - 211,NOTA,None of the Above,942,11,953,0.4,31/31,11:30 PM,04/05/2026,211,RAMANATHAPURAM,NOTA/Unaligned,5,237576,0.4011347947604135
S22211,RAMANATHAPURAM - 211,DR.J. ABUBAKKAR SITHICK,Anna Puratchi Thalaivar Amma Dravida Munnetra Kazhagam,359,0,359,0.15,31/31,11:30 PM,04/05/2026,211,RAMANATHAPURAM,NDA,6,237576,0.15110953968414317
S22211,RAMANATHAPURAM - 211,K. MALESWARAN,Independent,355,1,356,0.15,31/31,11:30 PM,04/05/2026,211,RAMANATHAPURAM,Independent,7,237576,0.14984678587062666
S22211,RAMANATHAPURAM - 211,A. CHINNA RAJA,Independent,343,7,350,0.15,31/31,11:30 PM,04/05/2026,211,RAMANATHAPURAM,Independent,8,237576,0.14732127824359362
S22211,RAMANATHAPURAM - 211,KAN ILANGO,Independent,340,7,347,0.15,31/31,11:30 PM,04/05/2026,211,RAMANATHAPURAM,Independent,9,237576,0.1460585244300771
S22211,RAMANATHAPURAM - 211,C. PARIRAJAN,Veerath Thiyagi Viswanathadoss Thozhilalarkal Katchi,226,3,229,0.1,31/31,11:30 PM,04/05/2026,211,RAMANATHAPURAM,-,10,237576,0.09639020776509412
S22211,RAMANATHAPURAM - 211,PULLANI,Independent,223,0,223,0.09,31/31,11:30 PM,04/05/2026,211,RAMANATHAPURAM,Independent,11,237576,0.09386470013806109
S22211,RAMANATHAPURAM - 211,KARTHIGAI PANDI,Independent,158,2,160,0.07,31/31,11:30 PM,04/05/2026,211,RAMANATHAPURAM,Independent,12,237576,0.06734687005421423
S22211,RAMANATHAPURAM - 211,S. MURUGABOOPATHY,Communist Party of India (Marxist-Leninist) (Liberation),145,1,146,0.06,31/31,11:30 PM,04/05/2026,211,RAMANATHAPURAM,-,13,237576,0.061454018924470485
S22211,RAMANATHAPURAM - 211,BALAKRISHNAN,Independent,141,1,142,0.06,31/31,11:30 PM,04/05/2026,211,RAMANATHAPURAM,Independent,14,237576,0.05977034717311513
S22212,MUDHUKULATHUR - 212,R.S.RAJAKANNAPPAN,Dravida Munnetra Kazhagam,67117,886,68003,29.39,31/31,11:27 PM,04/05/2026,212,MUDHUKULATHUR,INDIA/SPA,1,231373,29.391069830965584
S22212,MUDHUKULATHUR - 212,MALARVIZHI. B,Tamilaga Vettri Kazhagam,50787,618,51405,22.22,31/31,11:27 PM,04/05/2026,212,MUDHUKULATHUR,Solo,2,231373,22.21737194919027
S22212,MUDHUKULATHUR - 212,S.PANDI,All India Anna Dravida Munnetra Kazhagam,47085,416,47501,20.53,31/31,11:27 PM,04/05/2026,212,MUDHUKULATHUR,NDA,3,231373,20.530053204133583
S22212,MUDHUKULATHUR - 212,DR.R.RAMKUMAR,All India Puratchi Thalaivar Makkal Munnettra Kazhagam,39742,680,40422,17.47,31/31,11:27 PM,04/05/2026,212,MUDHUKULATHUR,-,4,231373,17.47049137107614
S22212,MUDHUKULATHUR - 212,CHANDRA PRABHA JEYAPAL,Naam Tamilar Katchi,14774,338,15112,6.53,31/31,11:27 PM,04/05/2026,212,MUDHUKULATHUR,Solo,5,231373,6.531444896336219
S22212,MUDHUKULATHUR - 212,SATHIYAM C.SARAVANAN,Independent,2035,7,2042,0.88,31/31,11:27 PM,04/05/2026,212,MUDHUKULATHUR,Independent,6,231373,0.8825576017945049
S22212,MUDHUKULATHUR - 212,M. IRULANDI,Naadaalum Makkal Katchi,1250,0,1250,0.54,31/31,11:27 PM,04/05/2026,212,MUDHUKULATHUR,-,7,231373,0.540253184252268
S22212,MUDHUKULATHUR - 212,K.SENTHIL MALLAR,Tamizhaga Vaazhvurimai Katchi,1086,63,1149,0.5,31/31,11:27 PM,04/05/2026,212,MUDHUKULATHUR,-,8,231373,0.4966007269646847
S22212,MUDHUKULATHUR - 212,C.MALAISELVAM,Puthiya Tamilagam,967,26,993,0.43,31/31,11:27 PM,04/05/2026,212,MUDHUKULATHUR,-,9,231373,0.4291771295700017
S22212,MUDHUKULATHUR - 212,R.MOOVENDRAN,Independent,484,2,486,0.21,31/31,11:27 PM,04/05/2026,212,MUDHUKULATHUR,Independent,10,231373,0.2100504380372818
S22212,MUDHUKULATHUR - 212,RAVI GOVINTHAN,Independent,445,0,445,0.19,31/31,11:27 PM,04/05/2026,212,MUDHUKULATHUR,Independent,11,231373,0.1923301335938074
S22212,MUDHUKULATHUR - 212,V.PANDI,Independent,438,2,440,0.19,31/31,11:27 PM,04/05/2026,212,MUDHUKULATHUR,Independent,12,231373,0.19016912085679832
S22212,MUDHUKULATHUR - 212,NOTA,None of the Above,421,8,429,0.19,31/31,11:27 PM,04/05/2026,212,MUDHUKULATHUR,NOTA/Unaligned,13,231373,0.18541489283537838
S22212,MUDHUKULATHUR - 212,G. SELVARAJ,Puthiya Makkal Tamil Desam Katchi,337,2,339,0.15,31/31,11:27 PM,04/05/2026,212,MUDHUKULATHUR,-,14,231373,0.14651666356921508
S22212,MUDHUKULATHUR - 212,M.BOOMINATHAN (A) M.K.VAIYAVAN,Independent,335,0,335,0.14,31/31,11:27 PM,04/05/2026,212,MUDHUKULATHUR,Independent,15,231373,0.1447878533796078
S22212,MUDHUKULATHUR - 212,K.MURUGAN,Independent,207,1,208,0.09,31/31,11:27 PM,04/05/2026,212,MUDHUKULATHUR,Independent,16,231373,0.08989812985957739
S22212,MUDHUKULATHUR - 212,K.GANGAI AMARAN,Independent,194,2,196,0.08,31/31,11:27 PM,04/05/2026,212,MUDHUKULATHUR,Independent,17,231373,0.08471169929075562
S22212,MUDHUKULATHUR - 212,C.KENGUSAMY,Independent,165,1,166,0.07,31/31,11:27 PM,04/05/2026,212,MUDHUKULATHUR,Independent,18,231373,0.07174562286870119
S22212,MUDHUKULATHUR - 212,M.KARUPPA SAMY,Independent,159,5,164,0.07,31/31,11:27 PM,04/05/2026,212,MUDHUKULATHUR,Independent,19,231373,0.07088121777389755
S22212,MUDHUKULATHUR - 212,A. SARAVANAKUMAR,Naam Indiar Party,147,1,148,0.06,31/31,11:27 PM,04/05/2026,212,MUDHUKULATHUR,-,20,231373,0.06396597701546852
S22212,MUDHUKULATHUR - 212,K.RAJAKUMAR,Independent,140,0,140,0.06,31/31,11:27 PM,04/05/2026,212,MUDHUKULATHUR,Independent,21,231373,0.060508356636254014
S22213,VILATHIKULAM - 213,MARKANDAYAN G V,Dravida Munnetra Kazhagam,57458,937,58395,33.4,20/20,11:30 PM,04/05/2026,213,VILATHIKULAM,INDIA/SPA,1,174814,33.40407518848605
S22213,VILATHIKULAM - 213,P. KASIRAM,Tamilaga Vettri Kazhagam,49578,589,50167,28.7,20/20,11:30 PM,04/05/2026,213,VILATHIKULAM,Solo,2,174814,28.69735833514478
S22213,VILATHIKULAM - 213,R. SATHYA,All India Anna Dravida Munnetra Kazhagam,48461,418,48879,27.96,20/20,11:30 PM,04/05/2026,213,VILATHIKULAM,NDA,3,174814,27.960575239969337
S22213,VILATHIKULAM - 213,BALAJI RAMACHANDRAN,Naam Tamilar Katchi,11574,206,11780,6.74,20/20,11:30 PM,04/05/2026,213,VILATHIKULAM,Solo,4,174814,6.738590730719507
S22213,VILATHIKULAM - 213,P.MADASAMY,Puthiya Tamilagam,1995,62,2057,1.18,20/20,11:30 PM,04/05/2026,213,VILATHIKULAM,-,5,174814,1.1766792133353163
S22213,VILATHIKULAM - 213,C. PONPANDI,All India Puratchi Thalaivar Makkal Munnettra Kazhagam,1359,21,1380,0.79,20/20,11:30 PM,04/05/2026,213,VILATHIKULAM,-,6,174814,0.7894104591165467
S22213,VILATHIKULAM - 213,NOTA,None of the Above,636,6,642,0.37,20/20,11:30 PM,04/05/2026,213,VILATHIKULAM,NOTA/Unaligned,7,174814,0.36724747445856737
S22213,VILATHIKULAM - 213,P. RAJASEKARAN,Independent,440,1,441,0.25,20/20,11:30 PM,04/05/2026,213,VILATHIKULAM,Independent,8,174814,0.2522681249785486
S22213,VILATHIKULAM - 213,G. MUNIYASAMY,Independent,175,0,175,0.1,20/20,11:30 PM,04/05/2026,213,VILATHIKULAM,Independent,9,174814,0.10010639880101137
S22213,VILATHIKULAM - 213,M. PONNUSAMY,Independent,166,6,172,0.1,20/20,11:30 PM,04/05/2026,213,VILATHIKULAM,Independent,10,174814,0.09839028910727973
S22213,VILATHIKULAM - 213,R. PERUMAL,Naam Indiar Party,164,2,166,0.09,20/20,11:30 PM,04/05/2026,213,VILATHIKULAM,-,11,174814,0.09495806971981649
S22213,VILATHIKULAM - 213,K. AJAY KUMAR,Independent,163,3,166,0.09,20/20,11:30 PM,04/05/2026,213,VILATHIKULAM,Independent,12,174814,0.09495806971981649
S22213,VILATHIKULAM - 213,P. JEYAKUMAR,Independent,145,3,148,0.08,20/20,11:30 PM,04/05/2026,213,VILATHIKULAM,Independent,13,174814,0.08466141155742675
S22213,VILATHIKULAM - 213,V. GANESAN,Independent,87,1,88,0.05,20/20,11:30 PM,04/05/2026,213,VILATHIKULAM,Independent,14,174814,0.050339217682794285
S22213,VILATHIKULAM - 213,A. PRABAHAR,Independent,87,0,87,0.05,20/20,11:30 PM,04/05/2026,213,VILATHIKULAM,Independent,15,174814,0.049767181118217076
S22213,VILATHIKULAM - 213,A. PATTURAJ,Independent,68,3,71,0.04,20/20,11:30 PM,04/05/2026,213,VILATHIKULAM,Independent,16,174814,0.040614596084981754
S22214,THOOTHUKKUDI - 214,SRINATH,Tamilaga Vettri Kazhagam,99900,636,100536,49.11,26/26,11:30 PM,04/05/2026,214,THOOTHUKKUDI,Solo,1,204712,49.110946109656496
S22214,THOOTHUKKUDI - 214,P. GEETHA JEEVAN,Dravida Munnetra Kazhagam,62045,760,62805,30.68,26/26,11:30 PM,04/05/2026,214,THOOTHUKKUDI,INDIA/SPA,2,204712,30.679686584079096
S22214,THOOTHUKKUDI - 214,CHELLAPANDIAN S.T.,All India Anna Dravida Munnetra Kazhagam,25879,334,26213,12.8,26/26,11:30 PM,04/05/2026,214,THOOTHUKKUDI,NDA,3,204712,12.804818476689203
S22214,THOOTHUKKUDI - 214,JACOB DEVADOSS ABISHEAK R.,Naam Tamilar Katchi,11574,178,11752,5.74,26/26,11:30 PM,04/05/2026,214,THOOTHUKKUDI,Solo,4,204712,5.740747977646645
S22214,THOOTHUKKUDI - 214,NOTA,None of the Above,835,18,853,0.42,26/26,11:30 PM,04/05/2026,214,THOOTHUKKUDI,NOTA/Unaligned,5,204712,0.41668294970495134
S22214,THOOTHUKKUDI - 214,YESADURAI S.,All India Puratchi Thalaivar Makkal Munnettra Kazhagam,682,7,689,0.34,26/26,11:30 PM,04/05/2026,214,THOOTHUKKUDI,-,6,204712,0.33657040134432764
S22214,THOOTHUKKUDI - 214,SAMUEL J.,Independent,338,4,342,0.17,26/26,11:30 PM,04/05/2026,214,THOOTHUKKUDI,Independent,7,204712,0.16706397280081284
S22214,THOOTHUKKUDI - 214,DHINAKARAN S.T.R.M.,Independent,260,2,262,0.13,26/26,11:30 PM,04/05/2026,214,THOOTHUKKUDI,Independent,8,204712,0.12798468091758178
S22214,THOOTHUKKUDI - 214,PONKUMARAN P.P.M.T,Nam Naadu Nam Makkal Nam Ethirkaalam Katchi,259,2,261,0.13,26/26,11:30 PM,04/05/2026,214,THOOTHUKKUDI,-,9,204712,0.1274961897690414
S22214,THOOTHUKKUDI - 214,SRIKANTH M.V.,Naam Indiar Party,243,0,243,0.12,26/26,11:30 PM,04/05/2026,214,THOOTHUKKUDI,-,10,204712,0.1187033490953144
S22214,THOOTHUKKUDI - 214,KIDAR SAMSDEEN N.A.,Tamizhaga Vaazhvurimai Katchi,170,2,172,0.08,26/26,11:30 PM,04/05/2026,214,THOOTHUKKUDI,-,11,204712,0.08402047754894681
S22214,THOOTHUKKUDI - 214,SAHAYAM T.,Communist Party of India (Marxist-Leninist) (Liberation),143,0,143,0.07,26/26,11:30 PM,04/05/2026,214,THOOTHUKKUDI,-,12,204712,0.06985423424127554
S22214,THOOTHUKKUDI - 214,PRASANNA KUMAR M.,Makkal Nalvaazhvuk Katchi,137,0,137,0.07,26/26,11:30 PM,04/05/2026,214,THOOTHUKKUDI,-,13,204712,0.06692328735003322
S22214,THOOTHUKKUDI - 214,BABU P.,Independent,112,3,115,0.06,26/26,11:30 PM,04/05/2026,214,THOOTHUKKUDI,Independent,14,204712,0.05617648208214467
S22214,THOOTHUKKUDI - 214,MUNEESWARA MOORTHY S.,Independent,103,1,104,0.05,26/26,11:30 PM,04/05/2026,214,THOOTHUKKUDI,Independent,15,204712,0.0508030794482004
S22214,THOOTHUKKUDI - 214,MARUTHU PANDIAN P.,Independent,85,0,85,0.04,26/26,11:30 PM,04/05/2026,214,THOOTHUKKUDI,Independent,16,204712,0.04152174762593302
S22215,TIRUCHENDUR - 215,ANITHA R. RADHAKRISHNAN,Dravida Munnetra Kazhagam,71564,1159,72723,39.09,22/22,11:30 PM,04/05/2026,215,TIRUCHENDUR,INDIA/SPA,1,186050,39.08787960225746
S22215,TIRUCHENDUR - 215,J. MURUGAN,Tamilaga Vettri Kazhagam,66350,501,66851,35.93,22/22,11:30 PM,04/05/2026,215,TIRUCHENDUR,Solo,2,186050,35.93173877989788
S22215,TIRUCHENDUR - 215,K R M RADHAKRISHNAN,Bharatiya Janata Party,33665,494,34159,18.36,22/22,11:30 PM,04/05/2026,215,TIRUCHENDUR,NDA,3,186050,18.360118247782854
S22215,TIRUCHENDUR - 215,OPHILIYA,Naam Tamilar Katchi,9676,118,9794,5.26,22/22,11:30 PM,04/05/2026,215,TIRUCHENDUR,Solo,4,186050,5.264176296694437
S22215,TIRUCHENDUR - 215,NOTA,None of the Above,710,12,722,0.39,22/22,11:30 PM,04/05/2026,215,TIRUCHENDUR,NOTA/Unaligned,5,186050,0.38806772373018006
S22215,TIRUCHENDUR - 215,GOPALAKRISHNAN,All India Puratchi Thalaivar Makkal Munnettra Kazhagam,437,5,442,0.24,22/22,11:30 PM,04/05/2026,215,TIRUCHENDUR,-,6,186050,0.2375705455522709
S22215,TIRUCHENDUR - 215,MAHARAJAN. M,Puthiya Makkal Tamil Desam Katchi,320,1,321,0.17,22/22,11:30 PM,04/05/2026,215,TIRUCHENDUR,-,7,186050,0.17253426498253158
S22215,TIRUCHENDUR - 215,RASIK MUSSAMMIL. K,Tamizhaga Vaazhvurimai Katchi,236,1,237,0.13,22/22,11:30 PM,04/05/2026,215,TIRUCHENDUR,-,8,186050,0.12738511152915882
S22215,TIRUCHENDUR - 215,VENKATESH PERUMAL. S,Independent,224,1,225,0.12,22/22,11:30 PM,04/05/2026,215,TIRUCHENDUR,Independent,9,186050,0.12093523246439129
S22215,TIRUCHENDUR - 215,MEERA SAHIB,Independent,173,2,175,0.09,22/22,11:30 PM,04/05/2026,215,TIRUCHENDUR,Independent,10,186050,0.09406073636119323
S22215,TIRUCHENDUR - 215,SHAIK ABDUL KADER. P.S.J,Independent,149,0,149,0.08,22/22,11:30 PM,04/05/2026,215,TIRUCHENDUR,Independent,11,186050,0.08008599838753024
S22215,TIRUCHENDUR - 215,PACKIA SAM. T,Naam Indiar Party,96,1,97,0.05,22/22,11:30 PM,04/05/2026,215,TIRUCHENDUR,-,12,186050,0.052136522440204246
S22215,TIRUCHENDUR - 215,VEERAPPA. T,Independent,95,1,96,0.05,22/22,11:30 PM,04/05/2026,215,TIRUCHENDUR,Independent,13,186050,0.051599032518140284
S22215,TIRUCHENDUR - 215,RAJALINGAM. M,Independent,59,0,59,0.03,22/22,11:30 PM,04/05/2026,215,TIRUCHENDUR,Independent,14,186050,0.03171190540177372
S22216,SRIVAIKUNTAM - 216,SARAVANAN. G,Tamilaga Vettri Kazhagam,58143,671,58814,33.34,21/21,11:30 PM,04/05/2026,216,SRIVAIKUNTAM,Solo,1,176421,33.337301114946634
S22216,SRIVAIKUNTAM - 216,SHANMUGANATHAN. S. P,All India Anna Dravida Munnetra Kazhagam,56712,916,57628,32.67,21/21,11:30 PM,04/05/2026,216,SRIVAIKUNTAM,NDA,2,176421,32.66504554446466
S22216,SRIVAIKUNTAM - 216,OORVASI AMIRTHARAJ. S,Indian National Congress,40316,961,41277,23.4,21/21,11:30 PM,04/05/2026,216,SRIVAIKUNTAM,INDIA/SPA,3,176421,23.39687452174061
S22216,SRIVAIKUNTAM - 216,SHUNMUGASUNDARAM. S,Naam Tamilar Katchi,12912,241,13153,7.46,21/21,11:30 PM,04/05/2026,216,SRIVAIKUNTAM,Solo,4,176421,7.455461651390707
S22216,SRIVAIKUNTAM - 216,MUTHURAMALINGAM. S,All India Forward Bloc,2299,48,2347,1.33,21/21,11:30 PM,04/05/2026,216,SRIVAIKUNTAM,-,5,176421,1.3303404923450157
S22216,SRIVAIKUNTAM - 216,RAJASUTHAN. N,Puthiya Tamilagam,959,56,1015,0.58,21/21,11:30 PM,04/05/2026,216,SRIVAIKUNTAM,-,6,176421,0.5753283339285006
S22216,SRIVAIKUNTAM - 216,NOTA,None of the Above,566,13,579,0.33,21/21,11:30 PM,04/05/2026,216,SRIVAIKUNTAM,NOTA/Unaligned,7,176421,0.328192222014386
S22216,SRIVAIKUNTAM - 216,SUDALAIMANI. A,Nam Naadu Nam Makkal Nam Ethirkaalam Katchi,295,1,296,0.17,21/21,11:30 PM,04/05/2026,216,SRIVAIKUNTAM,-,8,176421,0.16778047964811446
S22216,SRIVAIKUNTAM - 216,BISHOP DR GODFREY NOBLE,Independent,245,3,248,0.14,21/21,11:30 PM,04/05/2026,216,SRIVAIKUNTAM,Independent,9,176421,0.14057283429977158
S22216,SRIVAIKUNTAM - 216,SUBRAMANIAN. M,Puthiya Makkal Tamil Desam Katchi,206,2,208,0.12,21/21,11:30 PM,04/05/2026,216,SRIVAIKUNTAM,-,10,176421,0.11789979650948583
S22216,SRIVAIKUNTAM - 216,VASANTH FERNANDO. T,Independent,187,0,187,0.11,21/21,11:30 PM,04/05/2026,216,SRIVAIKUNTAM,Independent,11,176421,0.10599645166958582
S22216,SRIVAIKUNTAM - 216,MURUGAN. S,Independent,177,1,178,0.1,21/21,11:30 PM,04/05/2026,216,SRIVAIKUNTAM,Independent,12,176421,0.10089501816677153
S22216,SRIVAIKUNTAM - 216,ARUNACHALAM. C,Independent,137,2,139,0.08,21/21,11:30 PM,04/05/2026,216,SRIVAIKUNTAM,Independent,13,176421,0.07878880632124294
S22216,SRIVAIKUNTAM - 216,VIYANARASU. A,Tamizhaga Vaazhvurimai Katchi,132,3,135,0.08,21/21,11:30 PM,04/05/2026,216,SRIVAIKUNTAM,-,14,176421,0.07652150254221436
S22216,SRIVAIKUNTAM - 216,MUNDASAMY. K,Vishwa Tamil Kazhagam,129,1,130,0.07,21/21,11:30 PM,04/05/2026,216,SRIVAIKUNTAM,-,15,176421,0.07368737281842865
S22216,SRIVAIKUNTAM - 216,BHARATH. M,Naam Indiar Party,85,2,87,0.05,21/21,11:30 PM,04/05/2026,216,SRIVAIKUNTAM,-,16,176421,0.04931385719387148
S22217,OTTAPIDARAM - 217,P .MATHANRAJA,Tamilaga Vettri Kazhagam,80561,1064,81625,41.62,24/24,11:27 PM,04/05/2026,217,OTTAPIDARAM,Solo,1,196117,41.620563235211634
S22217,OTTAPIDARAM - 217,P.M.RAMAJEYAM,Dravida Munnetra Kazhagam,51927,615,52542,26.79,24/24,11:27 PM,04/05/2026,217,OTTAPIDARAM,INDIA/SPA,2,196117,26.791150180759445
S22217,OTTAPIDARAM - 217,R SUNDARARAJ,Amma Makkal Munnettra Kazagam,25390,481,25871,13.19,24/24,11:27 PM,04/05/2026,217,OTTAPIDARAM,NDA,3,196117,13.191615209288333
S22217,OTTAPIDARAM - 217,M. ANUSIYA,Naam Tamilar Katchi,16966,313,17279,8.81,24/24,11:27 PM,04/05/2026,217,OTTAPIDARAM,Solo,4,196117,8.81055696344529
S22217,OTTAPIDARAM - 217,DR.K. KRISHNASAMY,Puthiya Tamilagam,14756,294,15050,7.67,24/24,11:27 PM,04/05/2026,217,OTTAPIDARAM,-,5,196117,7.673990526063523
S22217,OTTAPIDARAM - 217,NOTA,None of the Above,853,26,879,0.45,24/24,11:27 PM,04/05/2026,217,OTTAPIDARAM,NOTA/Unaligned,6,196117,0.448201838698328
S22217,OTTAPIDARAM - 217,C. ARUNA DEVI,Nam Naadu Nam Makkal Nam Ethirkaalam Katchi,745,16,761,0.39,24/24,11:27 PM,04/05/2026,217,OTTAPIDARAM,-,7,196117,0.3880336737763682
S22217,OTTAPIDARAM - 217,C .SELVAKUMAR,Tamizhaga Vaazhvurimai Katchi,506,9,515,0.26,24/24,11:27 PM,04/05/2026,217,OTTAPIDARAM,-,8,196117,0.26259834690516376
S22217,OTTAPIDARAM - 217,VEDAPRAKASH. A,Independent,387,0,387,0.2,24/24,11:27 PM,04/05/2026,217,OTTAPIDARAM,Independent,9,196117,0.19733118495591917
S22217,OTTAPIDARAM - 217,M. ANANTH,Independent,354,3,357,0.18,24/24,11:27 PM,04/05/2026,217,OTTAPIDARAM,Independent,10,196117,0.18203419387406497
S22217,OTTAPIDARAM - 217,S .MUTHUSELVAM,Independent,260,4,264,0.13,24/24,11:27 PM,04/05/2026,217,OTTAPIDARAM,Independent,11,196117,0.13461352152031694
S22217,OTTAPIDARAM - 217,SUBBULAKSHMI. S,Naam Indiar Party,226,4,230,0.12,24/24,11:27 PM,04/05/2026,217,OTTAPIDARAM,-,12,196117,0.11727693162754886
S22217,OTTAPIDARAM - 217,M .LAKSHMANAN,Independent,197,4,201,0.1,24/24,11:27 PM,04/05/2026,217,OTTAPIDARAM,Independent,13,196117,0.10248984024842314
S22217,OTTAPIDARAM - 217,G .MURUGAN,Independent,152,4,156,0.08,24/24,11:27 PM,04/05/2026,217,OTTAPIDARAM,Independent,14,196117,0.07954435362564184
S22218,KOVILPATTI - 218,KARUNANITHI.K,Dravida Munnetra Kazhagam,60803,840,61643,31.74,25/25,11:27 PM,04/05/2026,218,KOVILPATTI,INDIA/SPA,1,194232,31.736788994604392
S22218,KOVILPATTI - 218,BALASUBRAMANIAN.S,Tamilaga Vettri Kazhagam,60142,658,60800,31.3,25/25,11:27 PM,04/05/2026,218,KOVILPATTI,Solo,2,194232,31.302771942831253
S22218,KOVILPATTI - 218,KADAMBUR RAJU.C,All India Anna Dravida Munnetra Kazhagam,52393,621,53014,27.29,25/25,11:27 PM,04/05/2026,218,KOVILPATTI,NDA,3,194232,27.294163680546976
S22218,KOVILPATTI - 218,PANDI.P,Naam Tamilar Katchi,11691,228,11919,6.14,25/25,11:27 PM,04/05/2026,218,KOVILPATTI,Solo,4,194232,6.136475966884962
S22218,KOVILPATTI - 218,ATHIKUMAR KUDUMBAR.B,Independent,2932,60,2992,1.54,25/25,11:27 PM,04/05/2026,218,KOVILPATTI,Independent,5,194232,1.5404258824498538
S22218,KOVILPATTI - 218,NOTA,None of the Above,574,19,593,0.31,25/25,11:27 PM,04/05/2026,218,KOVILPATTI,NOTA/Unaligned,6,194232,0.3053049960871535
S22218,KOVILPATTI - 218,KANNAN.S,All India Puratchi Thalaivar Makkal Munnettra Kazhagam,437,9,446,0.23,25/25,11:27 PM,04/05/2026,218,KOVILPATTI,-,7,194232,0.22962230734379505
S22218,KOVILPATTI - 218,POUNDURAI.K,Independent,398,0,398,0.2,25/25,11:27 PM,04/05/2026,218,KOVILPATTI,Independent,8,194232,0.20490959265208616
S22218,KOVILPATTI - 218,PREMKUMAR.K,Independent,376,2,378,0.19,25/25,11:27 PM,04/05/2026,218,KOVILPATTI,Independent,9,194232,0.19461262819720745
S22218,KOVILPATTI - 218,PANDIMUNEESWARI.K,Independent,366,1,367,0.19,25/25,11:27 PM,04/05/2026,218,KOVILPATTI,Independent,10,194232,0.18894929774702418
S22218,KOVILPATTI - 218,SARAVANAN.S,Thamizh Perarasu Katchi,353,3,356,0.18,25/25,11:27 PM,04/05/2026,218,KOVILPATTI,-,11,194232,0.18328596729684088
S22218,KOVILPATTI - 218,PARAMASIVAN.S,Independent,275,0,275,0.14,25/25,11:27 PM,04/05/2026,218,KOVILPATTI,Independent,12,194232,0.14158326125458215
S22218,KOVILPATTI - 218,RAMACHANDRAN.R,Bahujan Samaj Party,186,8,194,0.1,25/25,11:27 PM,04/05/2026,218,KOVILPATTI,Solo,13,194232,0.0998805552123234
S22218,KOVILPATTI - 218,SEKAR.C,Independent,176,1,177,0.09,25/25,11:27 PM,04/05/2026,218,KOVILPATTI,Independent,14,194232,0.0911281354256765
S22218,KOVILPATTI - 218,HARI BALAKRISHNAN.G,Puthiya Makkal Tamil Desam Katchi,139,0,139,0.07,25/25,11:27 PM,04/05/2026,218,KOVILPATTI,-,15,194232,0.07156390296140698
S22218,KOVILPATTI - 218,GURUSAMY.K,Independent,103,1,104,0.05,25/25,11:27 PM,04/05/2026,218,KOVILPATTI,Independent,16,194232,0.05354421516536925
S22218,KOVILPATTI - 218,CHINNA MAHARAJA.K,Independent,94,0,94,0.05,25/25,11:27 PM,04/05/2026,218,KOVILPATTI,Independent,17,194232,0.0483957329379299
S22218,KOVILPATTI - 218,RENGANAYAGALU.S,Independent,90,0,90,0.05,25/25,11:27 PM,04/05/2026,218,KOVILPATTI,Independent,18,194232,0.04633634004695416
S22218,KOVILPATTI - 218,PONNUSAMY.M,Independent,77,0,77,0.04,25/25,11:27 PM,04/05/2026,218,KOVILPATTI,Independent,19,194232,0.039643313151283
S22218,KOVILPATTI - 218,MUNEESWARAN.R,Independent,69,0,69,0.04,25/25,11:27 PM,04/05/2026,218,KOVILPATTI,Independent,20,194232,0.035524527369331524
S22218,KOVILPATTI - 218,GUNASEKARAN.P,Independent,50,5,55,0.03,25/25,11:27 PM,04/05/2026,218,KOVILPATTI,Independent,21,194232,0.02831665225091643
S22218,KOVILPATTI - 218,ARUMUGAVEL.T,Naam Indiar Party,50,2,52,0.03,25/25,11:27 PM,04/05/2026,218,KOVILPATTI,-,22,194232,0.026772107582684626
S22219,SANKARANKOVIL - 219,DR. DHILIPAN JAISHANKAR,All India Anna Dravida Munnetra Kazhagam,63854,1011,64865,33.01,24/24,11:30 PM,04/05/2026,219,SANKARANKOVIL,NDA,1,196480,33.01353827361564
S22219,SANKARANKOVIL - 219,C. RAMARAJAN,Tamilaga Vettri Kazhagam,57194,1182,58376,29.71,24/24,11:30 PM,04/05/2026,219,SANKARANKOVIL,Solo,2,196480,29.710912052117266
S22219,SANKARANKOVIL - 219,SANGAI. GANESAN,Indian National Congress,41969,598,42567,21.66,24/24,11:30 PM,04/05/2026,219,SANKARANKOVIL,INDIA/SPA,3,196480,21.664800488599347
S22219,SANKARANKOVIL - 219,M. KAVITHA,Naam Tamilar Katchi,12442,325,12767,6.5,24/24,11:30 PM,04/05/2026,219,SANKARANKOVIL,Solo,4,196480,6.497862377850163
S22219,SANKARANKOVIL - 219,VASANTHI MURUGESAN,All India Puratchi Thalaivar Makkal Munnettra Kazhagam,7763,243,8006,4.07,24/24,11:30 PM,04/05/2026,219,SANKARANKOVIL,-,5,196480,4.074714983713355
S22219,SANKARANKOVIL - 219,PRABAKARAN,Puthiya Tamilagam,4509,103,4612,2.35,24/24,11:30 PM,04/05/2026,219,SANKARANKOVIL,-,6,196480,2.347312703583062
S22219,SANKARANKOVIL - 219,K.SURESH,Independent,762,4,766,0.39,24/24,11:30 PM,04/05/2026,219,SANKARANKOVIL,Independent,7,196480,0.3898615635179153
S22219,SANKARANKOVIL - 219,ANAND,Independent,653,8,661,0.34,24/24,11:30 PM,04/05/2026,219,SANKARANKOVIL,Independent,8,196480,0.33642100977198697
S22219,SANKARANKOVIL - 219,NOTA,None of the Above,529,31,560,0.29,24/24,11:30 PM,04/05/2026,219,SANKARANKOVIL,NOTA/Unaligned,9,196480,0.28501628664495116
S22219,SANKARANKOVIL - 219,V. PAULPANDIAN,Independent,502,2,504,0.26,24/24,11:30 PM,04/05/2026,219,SANKARANKOVIL,Independent,10,196480,0.25651465798045603
S22219,SANKARANKOVIL - 219,S. MARIAPPAN,Bahujan Samaj Party,495,5,500,0.25,24/24,11:30 PM,04/05/2026,219,SANKARANKOVIL,Solo,11,196480,0.2544788273615635
S22219,SANKARANKOVIL - 219,C. RAVI,Tamilaga Makkal Nala Katchi,481,6,487,0.25,24/24,11:30 PM,04/05/2026,219,SANKARANKOVIL,-,12,196480,0.24786237785016288
S22219,SANKARANKOVIL - 219,K. RAVIKUMAR,Independent,398,0,398,0.2,24/24,11:30 PM,04/05/2026,219,SANKARANKOVIL,Independent,13,196480,0.20256514657980457
S22219,SANKARANKOVIL - 219,S.ARULRAJ,Independent,258,1,259,0.13,24/24,11:30 PM,04/05/2026,219,SANKARANKOVIL,Independent,14,196480,0.1318200325732899
S22219,SANKARANKOVIL - 219,K. SUBBURAJ,Independent,214,1,215,0.11,24/24,11:30 PM,04/05/2026,219,SANKARANKOVIL,Independent,15,196480,0.1094258957654723
S22219,SANKARANKOVIL - 219,J. PANDI,Bharatha Makkal Katchi,181,2,183,0.09,24/24,11:30 PM,04/05/2026,219,SANKARANKOVIL,-,16,196480,0.09313925081433225
S22219,SANKARANKOVIL - 219,S. MUTHUSELVAN,Independent,183,0,183,0.09,24/24,11:30 PM,04/05/2026,219,SANKARANKOVIL,Independent,17,196480,0.09313925081433225
S22219,SANKARANKOVIL - 219,VELRAJ .S,Tamizhaga Vaazhvurimai Katchi,167,3,170,0.09,24/24,11:30 PM,04/05/2026,219,SANKARANKOVIL,-,18,196480,0.08652280130293159
S22219,SANKARANKOVIL - 219,K. THANGAVEL,Puthiya Makkal Tamil Desam Katchi,162,1,163,0.08,24/24,11:30 PM,04/05/2026,219,SANKARANKOVIL,-,19,196480,0.0829600977198697
S22219,SANKARANKOVIL - 219,N.SELVAM,Naam Indiar Party,132,2,134,0.07,24/24,11:30 PM,04/05/2026,219,SANKARANKOVIL,-,20,196480,0.06820032573289903
S22219,SANKARANKOVIL - 219,M. RAJ,Independent,104,0,104,0.05,24/24,11:30 PM,04/05/2026,219,SANKARANKOVIL,Independent,21,196480,0.052931596091205214
S22220,VASUDEVANALLUR - 220,E. RAJA,Dravida Munnetra Kazhagam,61907,1138,63045,33.22,23/23,11:30 PM,04/05/2026,220,VASUDEVANALLUR,INDIA/SPA,1,189795,33.217418793961905
S22220,VASUDEVANALLUR - 220,ANANTHAN AYYASAMY,Bharatiya Janata Party,55452,1010,56462,29.75,23/23,11:30 PM,04/05/2026,220,VASUDEVANALLUR,NDA,2,189795,29.748939645406885
S22220,VASUDEVANALLUR - 220,R. AMUTHARANI,Tamilaga Vettri Kazhagam,45074,788,45862,24.16,23/23,11:30 PM,04/05/2026,220,VASUDEVANALLUR,Solo,3,189795,24.16396638478358
S22220,VASUDEVANALLUR - 220,ESAI MATHIVANAN,Naam Tamilar Katchi,12529,327,12856,6.77,23/23,11:30 PM,04/05/2026,220,VASUDEVANALLUR,Solo,4,189795,6.773624173450302
S22220,VASUDEVANALLUR - 220,K. PAULRAJ,Puthiya Tamilagam,3991,128,4119,2.17,23/23,11:30 PM,04/05/2026,220,VASUDEVANALLUR,-,5,189795,2.1702363075950366
S22220,VASUDEVANALLUR - 220,A. PONNUTHAI,All India Puratchi Thalaivar Makkal Munnettra Kazhagam,2205,44,2249,1.18,23/23,11:30 PM,04/05/2026,220,VASUDEVANALLUR,-,6,189795,1.1849627229379067
S22220,VASUDEVANALLUR - 220,A. PALANIKUMAR,Independent,1020,0,1020,0.54,23/23,11:30 PM,04/05/2026,220,VASUDEVANALLUR,Independent,7,189795,0.5374219552675255
S22220,VASUDEVANALLUR - 220,SENTHILKUMAR,Independent,730,1,731,0.39,23/23,11:30 PM,04/05/2026,220,VASUDEVANALLUR,Independent,8,189795,0.38515240127505995
S22220,VASUDEVANALLUR - 220,NOTA,None of the Above,616,21,637,0.34,23/23,11:30 PM,04/05/2026,220,VASUDEVANALLUR,NOTA/Unaligned,9,189795,0.33562527990726837
S22220,VASUDEVANALLUR - 220,PRABAKARAN .R,Independent,568,2,570,0.3,23/23,11:30 PM,04/05/2026,220,VASUDEVANALLUR,Independent,10,189795,0.3003240338259701
S22220,VASUDEVANALLUR - 220,P. KARPAGAVALLI,Independent,481,5,486,0.26,23/23,11:30 PM,04/05/2026,220,VASUDEVANALLUR,Independent,11,189795,0.2560657551568798
S22220,VASUDEVANALLUR - 220,I. SARAVANAN,Independent,361,2,363,0.19,23/23,11:30 PM,04/05/2026,220,VASUDEVANALLUR,Independent,12,189795,0.19125898996285465
S22220,VASUDEVANALLUR - 220,R. RAMESHKUMAR,Bahujan Samaj Party,331,2,333,0.18,23/23,11:30 PM,04/05/2026,220,VASUDEVANALLUR,Solo,13,189795,0.17545246186675098
S22220,VASUDEVANALLUR - 220,K. NAGARAJAN,Independent,257,2,259,0.14,23/23,11:30 PM,04/05/2026,220,VASUDEVANALLUR,Independent,14,189795,0.13646302589636186
S22220,VASUDEVANALLUR - 220,B. VEERALAKSHMI,Tamilaga Makkal Nala Katchi,179,4,183,0.1,23/23,11:30 PM,04/05/2026,220,VASUDEVANALLUR,-,15,189795,0.09641982138623252
S22220,VASUDEVANALLUR - 220,K. RAMACHANDRAN,Independent,178,1,179,0.09,23/23,11:30 PM,04/05/2026,220,VASUDEVANALLUR,Independent,16,189795,0.09431228430675202
S22220,VASUDEVANALLUR - 220,SELVARAJ .C,Independent,170,7,177,0.09,23/23,11:30 PM,04/05/2026,220,VASUDEVANALLUR,Independent,17,189795,0.09325851576701177
S22220,VASUDEVANALLUR - 220,K. RAJENDRAN,Puthiya Makkal Tamil Desam Katchi,141,0,141,0.07,23/23,11:30 PM,04/05/2026,220,VASUDEVANALLUR,-,18,189795,0.07429068205168735
S22220,VASUDEVANALLUR - 220,M. ARUMUGASAMY,Independent,123,0,123,0.06,23/23,11:30 PM,04/05/2026,220,VASUDEVANALLUR,Independent,19,189795,0.06480676519402513
S22221,KADAYANALLUR - 221,RAJENDRAN. T. M,Dravida Munnetra Kazhagam,78809,1023,79832,35.97,27/27,11:27 PM,04/05/2026,221,KADAYANALLUR,INDIA/SPA,1,221951,35.96829930930701
S22221,KADAYANALLUR - 221,C. KRISHNAMURALI,All India Anna Dravida Munnetra Kazhagam,72625,954,73579,33.15,27/27,11:27 PM,04/05/2026,221,KADAYANALLUR,NDA,2,221951,33.15101080869201
S22221,KADAYANALLUR - 221,ABDUL JALEEL. R. K,Tamilaga Vettri Kazhagam,48793,461,49254,22.19,27/27,11:27 PM,04/05/2026,221,KADAYANALLUR,Solo,3,221951,22.191384584885853
S22221,KADAYANALLUR - 221,ABUBACKER SIDDHEEQ,Naam Tamilar Katchi,10813,152,10965,4.94,27/27,11:27 PM,04/05/2026,221,KADAYANALLUR,Solo,4,221951,4.94027961126555
S22221,KADAYANALLUR - 221,KAVITHA. R,Puthiya Tamilagam,2785,97,2882,1.3,27/27,11:27 PM,04/05/2026,221,KADAYANALLUR,-,5,221951,1.2984848006992535
S22221,KADAYANALLUR - 221,ESAKKI PANDI. K,Independent,575,1,576,0.26,27/27,11:27 PM,04/05/2026,221,KADAYANALLUR,Independent,6,221951,0.25951674018139137
S22221,KADAYANALLUR - 221,MURUGAN. P,Independent,535,2,537,0.24,27/27,11:27 PM,04/05/2026,221,KADAYANALLUR,Independent,7,221951,0.24194529423160968
S22221,KADAYANALLUR - 221,NOTA,None of the Above,521,6,527,0.24,27/27,11:27 PM,04/05/2026,221,KADAYANALLUR,NOTA/Unaligned,8,221951,0.23743979527012718
S22221,KADAYANALLUR - 221,T. MAHESHKUMAR,Bahujan Samaj Party,505,5,510,0.23,27/27,11:27 PM,04/05/2026,221,KADAYANALLUR,Solo,9,221951,0.22978044703560696
S22221,KADAYANALLUR - 221,BARISHA BANU. M,Independent,463,4,467,0.21,27/27,11:27 PM,04/05/2026,221,KADAYANALLUR,Independent,10,221951,0.21040680150123225
S22221,KADAYANALLUR - 221,GANESAN. M,Independent,396,17,413,0.19,27/27,11:27 PM,04/05/2026,221,KADAYANALLUR,Independent,11,221951,0.1860771071092268
S22221,KADAYANALLUR - 221,SEENIVASAN. S,Independent,369,11,380,0.17,27/27,11:27 PM,04/05/2026,221,KADAYANALLUR,Independent,12,221951,0.1712089605363346
S22221,KADAYANALLUR - 221,SHAHIN FATHIMA. A,Tamizhaga Vaazhvurimai Katchi,351,5,356,0.16,27/27,11:27 PM,04/05/2026,221,KADAYANALLUR,-,13,221951,0.16039576302877662
S22221,KADAYANALLUR - 221,NAGARAJAN. L,Independent,290,0,290,0.13,27/27,11:27 PM,04/05/2026,221,KADAYANALLUR,Independent,14,221951,0.13065946988299218
S22221,KADAYANALLUR - 221,RAJAN. B. S,Aanaithinthiya Jananayaka Pathukappu Kazhagam,238,6,244,0.11,27/27,11:27 PM,04/05/2026,221,KADAYANALLUR,-,15,221951,0.10993417466017275
S22221,KADAYANALLUR - 221,RAJAMARAVAN. S,Independent,231,3,234,0.11,27/27,11:27 PM,04/05/2026,221,KADAYANALLUR,Independent,16,221951,0.10542867569869026
S22221,KADAYANALLUR - 221,PARTHIPAN. V,Independent,212,4,216,0.1,27/27,11:27 PM,04/05/2026,221,KADAYANALLUR,Independent,17,221951,0.09731877756802176
S22221,KADAYANALLUR - 221,LAKSHMI. A,Samata Party,176,3,179,0.08,27/27,11:27 PM,04/05/2026,221,KADAYANALLUR,-,18,221951,0.08064843141053656
S22221,KADAYANALLUR - 221,ESAKKI. K,Independent,138,0,138,0.06,27/27,11:27 PM,04/05/2026,221,KADAYANALLUR,Independent,19,221951,0.06217588566845835
S22221,KADAYANALLUR - 221,S. MURUGANANTHAM,Independent,107,2,109,0.05,27/27,11:27 PM,04/05/2026,221,KADAYANALLUR,Independent,20,221951,0.049109938680159136
S22221,KADAYANALLUR - 221,VENKATESH. P,Independent,108,1,109,0.05,27/27,11:27 PM,04/05/2026,221,KADAYANALLUR,Independent,21,221951,0.049109938680159136
S22221,KADAYANALLUR - 221,M. ARUMUGASAMY,Independent,99,2,101,0.05,27/27,11:27 PM,04/05/2026,221,KADAYANALLUR,Independent,22,221951,0.04550553951097314
S22221,KADAYANALLUR - 221,SURESHKUMAR. S,Naam Indiar Party,53,0,53,0.02,27/27,11:27 PM,04/05/2026,221,KADAYANALLUR,-,23,221951,0.023879144495857194
S22222,TENKASI - 222,DR.KALAI KATHIRAVAN,Dravida Munnetra Kazhagam,78535,1164,79699,33.92,26/26,11:30 PM,04/05/2026,222,TENKASI,INDIA/SPA,1,234987,33.91634430840855
S22222,TENKASI - 222,S.SELVA MOHANDAS PANDIAN,All India Anna Dravida Munnetra Kazhagam,68626,774,69400,29.53,26/26,11:30 PM,04/05/2026,222,TENKASI,NDA,2,234987,29.5335486643942
S22222,TENKASI - 222,A. RAJAPRAKASH,Tamilaga Vettri Kazhagam,54929,614,55543,23.64,26/26,11:30 PM,04/05/2026,222,TENKASI,Solo,3,234987,23.636626707009324
S22222,TENKASI - 222,P. PUSHPALATHA,Naam Tamilar Katchi,16121,273,16394,6.98,26/26,11:30 PM,04/05/2026,222,TENKASI,Solo,4,234987,6.976556149914676
S22222,TENKASI - 222,M.POOSA DURAI,All India Puratchi Thalaivar Makkal Munnettra Kazhagam,7639,76,7715,3.28,26/26,11:30 PM,04/05/2026,222,TENKASI,-,5,234987,3.283160345040364
S22222,TENKASI - 222,S.THIRUMALAI KUMAR,Puthiya Tamilagam,1321,44,1365,0.58,26/26,11:30 PM,04/05/2026,222,TENKASI,-,6,234987,0.5808831977939205
S22222,TENKASI - 222,NOTA,None of the Above,651,22,673,0.29,26/26,11:30 PM,04/05/2026,222,TENKASI,NOTA/Unaligned,7,234987,0.28639882206249706
S22222,TENKASI - 222,G. POORANA SELVAN,Independent,547,1,548,0.23,26/26,11:30 PM,04/05/2026,222,TENKASI,Independent,8,234987,0.23320439003008678
S22222,TENKASI - 222,ISAKI PANDIAN,Bahujan Samaj Party,515,3,518,0.22,26/26,11:30 PM,04/05/2026,222,TENKASI,Solo,9,234987,0.2204377263423083
S22222,TENKASI - 222,S. THANGAPALAM,Independent,425,7,432,0.18,26/26,11:30 PM,04/05/2026,222,TENKASI,Independent,10,234987,0.18383995710401002
S22222,TENKASI - 222,DURAIRAJ,Independent,420,4,424,0.18,26/26,11:30 PM,04/05/2026,222,TENKASI,Independent,11,234987,0.18043551345393574
S22222,TENKASI - 222,M. PONNUDURAI,Independent,311,0,311,0.13,26/26,11:30 PM,04/05/2026,222,TENKASI,Independent,12,234987,0.13234774689663684
S22222,TENKASI - 222,SHAHUL HAMEED,Independent,280,15,295,0.13,26/26,11:30 PM,04/05/2026,222,TENKASI,Independent,13,234987,0.1255388595964883
S22222,TENKASI - 222,S.MANOGARAN,Kamarajar Deseeya Congress,240,4,244,0.1,26/26,11:30 PM,04/05/2026,222,TENKASI,-,14,234987,0.10383553132726492
S22222,TENKASI - 222,P.NOBLE KRISHNA,Independent,238,1,239,0.1,26/26,11:30 PM,04/05/2026,222,TENKASI,Independent,15,234987,0.1017077540459685
S22222,TENKASI - 222,GOMATHI SANKAR,Tamizhaga Vaazhvurimai Katchi,228,6,234,0.1,26/26,11:30 PM,04/05/2026,222,TENKASI,-,16,234987,0.09957997676467209
S22222,TENKASI - 222,R. RAMKUMAR,Independent,221,3,224,0.1,26/26,11:30 PM,04/05/2026,222,TENKASI,Independent,17,234987,0.09532442220207926
S22222,TENKASI - 222,R.KRISHNAN,Independent,200,4,204,0.09,26/26,11:30 PM,04/05/2026,222,TENKASI,Independent,18,234987,0.08681331307689362
S22222,TENKASI - 222,K.M.KALIAPPAN,Independent,130,0,130,0.06,26/26,11:30 PM,04/05/2026,222,TENKASI,Independent,19,234987,0.05532220931370672
S22222,TENKASI - 222,K.MUTHU,Independent,114,0,114,0.05,26/26,11:30 PM,04/05/2026,222,TENKASI,Independent,20,234987,0.048513322013558194
S22222,TENKASI - 222,A.MARIAPPAN,Independent,109,2,111,0.05,26/26,11:30 PM,04/05/2026,222,TENKASI,Independent,21,234987,0.04723665564478035
S22222,TENKASI - 222,GANESHAN. S,Independent,89,1,90,0.04,26/26,11:30 PM,04/05/2026,222,TENKASI,Independent,22,234987,0.03829999106333542
S22222,TENKASI - 222,R. SELVAKUMAR,Naam Indiar Party,79,1,80,0.03,26/26,11:30 PM,04/05/2026,222,TENKASI,-,23,234987,0.0340444365007426
S22223,ALANGULAM - 223,PAUL MANOJ PANDIAN,Dravida Munnetra Kazhagam,67974,1196,69170,31.32,25/25,11:27 PM,04/05/2026,223,ALANGULAM,INDIA/SPA,1,220857,31.318907709513397
S22223,ALANGULAM - 223,K R P PRABAKARAN,All India Anna Dravida Munnetra Kazhagam,60584,788,61372,27.79,25/25,11:27 PM,04/05/2026,223,ALANGULAM,NDA,2,220857,27.78811629244262
S22223,ALANGULAM - 223,VIBIN CHAKKARAVARTHY,Tamilaga Vettri Kazhagam,60046,638,60684,27.48,25/25,11:27 PM,04/05/2026,223,ALANGULAM,Solo,3,220857,27.476602507504857
S22223,ALANGULAM - 223,R PAULRAJ,Naam Tamilar Katchi,23017,363,23380,10.59,25/25,11:27 PM,04/05/2026,223,ALANGULAM,Solo,4,220857,10.586035307914171
S22223,ALANGULAM - 223,MADASAMY,All India Puratchi Thalaivar Makkal Munnettra Kazhagam,2113,45,2158,0.98,25/25,11:27 PM,04/05/2026,223,ALANGULAM,-,5,220857,0.977102831243746
S22223,ALANGULAM - 223,A UDHAYAKUMAR,Puthiya Tamilagam,1590,30,1620,0.73,25/25,11:27 PM,04/05/2026,223,ALANGULAM,-,6,220857,0.73350629592904
S22223,ALANGULAM - 223,NOTA,None of the Above,961,21,982,0.44,25/25,11:27 PM,04/05/2026,223,ALANGULAM,NOTA/Unaligned,7,220857,0.4446315941989613
S22223,ALANGULAM - 223,JEYANTHI,Independent,426,6,432,0.2,25/25,11:27 PM,04/05/2026,223,ALANGULAM,Independent,8,220857,0.1956016789144107
S22223,ALANGULAM - 223,R KOTHERIMOHIDEEN,Independent,195,4,199,0.09,25/25,11:27 PM,04/05/2026,223,ALANGULAM,Independent,9,220857,0.09010355116659195
S22223,ALANGULAM - 223,W JAYSON,Independent,196,0,196,0.09,25/25,11:27 PM,04/05/2026,223,ALANGULAM,Independent,10,220857,0.08874520617413077
S22223,ALANGULAM - 223,U ARAVIND,Independent,183,6,189,0.09,25/25,11:27 PM,04/05/2026,223,ALANGULAM,Independent,11,220857,0.08557573452505467
S22223,ALANGULAM - 223,A SUBASH CHANDRA BOSE,Thakkam Katchi,180,2,182,0.08,25/25,11:27 PM,04/05/2026,223,ALANGULAM,-,12,220857,0.08240626287597858
S22223,ALANGULAM - 223,T MARIKUMAR,Independent,151,10,161,0.07,25/25,11:27 PM,04/05/2026,223,ALANGULAM,Independent,13,220857,0.07289784792875027
S22223,ALANGULAM - 223,K ARUNKUMAR,Independent,111,21,132,0.06,25/25,11:27 PM,04/05/2026,223,ALANGULAM,Independent,14,220857,0.059767179668292154
S22224,TIRUNELVELI - 224,MURUGHAN.R.S.,Tamilaga Vettri Kazhagam,75157,683,75840,34.72,28/28,11:30 PM,04/05/2026,224,TIRUNELVELI,Solo,1,218425,34.72130021746595
S22224,TIRUNELVELI - 224,SUBRAMANIAN.S,Dravida Munnetra Kazhagam,63449,977,64426,29.5,28/28,11:30 PM,04/05/2026,224,TIRUNELVELI,INDIA/SPA,2,218425,29.495707908893213
S22224,TIRUNELVELI - 224,THACHAI GANESARAJA,All India Anna Dravida Munnetra Kazhagam,46953,551,47504,21.75,28/28,11:30 PM,04/05/2026,224,TIRUNELVELI,NDA,3,218425,21.748426233260844
S22224,TIRUNELVELI - 224,SATHYA. B.,Naam Tamilar Katchi,14908,200,15108,6.92,28/28,11:30 PM,04/05/2026,224,TIRUNELVELI,Solo,4,218425,6.9167906604097515
S22224,TIRUNELVELI - 224,DR.SHYAM KRISHNASAMY,Puthiya Tamilagam,10473,161,10634,4.87,28/28,11:30 PM,04/05/2026,224,TIRUNELVELI,-,5,218425,4.868490328488039
S22224,TIRUNELVELI - 224,NOTA,None of the Above,698,19,717,0.33,28/28,11:30 PM,04/05/2026,224,TIRUNELVELI,NOTA/Unaligned,6,218425,0.3282591278470871
S22224,TIRUNELVELI - 224,ARUMUGARAJ. S.,Tamizhaga Vaazhvurimai Katchi,547,9,556,0.25,28/28,11:30 PM,04/05/2026,224,TIRUNELVELI,-,7,218425,0.25454961657319447
S22224,TIRUNELVELI - 224,THALABATHI MURUGAN. M.,Independent,472,4,476,0.22,28/28,11:30 PM,04/05/2026,224,TIRUNELVELI,Independent,8,218425,0.21792377246194347
S22224,TIRUNELVELI - 224,MURUGAN.S.,Independent,424,4,428,0.2,28/28,11:30 PM,04/05/2026,224,TIRUNELVELI,Independent,9,218425,0.19594826599519286
S22224,TIRUNELVELI - 224,CHENDUR MAHARAJAN,Puthiya Makkal Tamil Desam Katchi,343,3,346,0.16,28/28,11:30 PM,04/05/2026,224,TIRUNELVELI,-,10,218425,0.15840677578116058
S22224,TIRUNELVELI - 224,MUGESH SUBRAMANIAN,Independent,345,1,346,0.16,28/28,11:30 PM,04/05/2026,224,TIRUNELVELI,Independent,11,218425,0.15840677578116058
S22224,TIRUNELVELI - 224,VEERABAGHU. M.,Independent,337,0,337,0.15,28/28,11:30 PM,04/05/2026,224,TIRUNELVELI,Independent,12,218425,0.15428636831864484
S22224,TIRUNELVELI - 224,KANNAN. G.,Aanaithinthiya Jananayaka Pathukappu Kazhagam,286,4,290,0.13,28/28,11:30 PM,04/05/2026,224,TIRUNELVELI,-,13,218425,0.1327686849032849
S22224,TIRUNELVELI - 224,SUBRAMANIAN. E.,Independent,242,18,260,0.12,28/28,11:30 PM,04/05/2026,224,TIRUNELVELI,Independent,14,218425,0.11903399336156575
S22224,TIRUNELVELI - 224,ATHISAYA PNDIYAN. V.,Independent,221,9,230,0.11,28/28,11:30 PM,04/05/2026,224,TIRUNELVELI,Independent,15,218425,0.10529930181984663
S22224,TIRUNELVELI - 224,VELAYUTHAM. P.,Independent,213,8,221,0.1,28/28,11:30 PM,04/05/2026,224,TIRUNELVELI,Independent,16,218425,0.10117889435733089
S22224,TIRUNELVELI - 224,MURUGAN. P.,Thamizhaka Padaippalar Makkal Katchi,210,0,210,0.1,28/28,11:30 PM,04/05/2026,224,TIRUNELVELI,-,17,218425,0.09614284079203388
S22224,TIRUNELVELI - 224,MURUGALAKSHMANAN,Independent,168,3,171,0.08,28/28,11:30 PM,04/05/2026,224,TIRUNELVELI,Independent,18,218425,0.07828774178779901
S22224,TIRUNELVELI - 224,ESWARA VADIVU. S.,Naam Indiar Party,113,1,114,0.05,28/28,11:30 PM,04/05/2026,224,TIRUNELVELI,-,19,218425,0.05219182785853268
S22224,TIRUNELVELI - 224,SELVAKUMAR SINGH,Bahujan Dravida Party,108,1,109,0.05,28/28,11:30 PM,04/05/2026,224,TIRUNELVELI,-,20,218425,0.04990271260157949
S22224,TIRUNELVELI - 224,ESAKKIRAJA. V.,Independent,100,2,102,0.05,28/28,11:30 PM,04/05/2026,224,TIRUNELVELI,Independent,21,218425,0.046697951241845025
S22225,AMBASAMUDRAM - 225,DR.ESAKKI SUBAYA,All India Anna Dravida Munnetra Kazhagam,64632,957,65589,34.3,23/23,11:27 PM,04/05/2026,225,AMBASAMUDRAM,NDA,1,191195,34.304767384084315
S22225,AMBASAMUDRAM - 225,V.P.DURAI,Indian National Congress,54622,722,55344,28.95,23/23,11:27 PM,04/05/2026,225,AMBASAMUDRAM,INDIA/SPA,2,191195,28.946363660137557
S22225,AMBASAMUDRAM - 225,S.RAJAGOPAL,Tamilaga Vettri Kazhagam,53087,524,53611,28.04,23/23,11:27 PM,04/05/2026,225,AMBASAMUDRAM,Solo,3,191195,28.03995920395408
S22225,AMBASAMUDRAM - 225,DR.V.SIVASANKARAN,Naam Tamilar Katchi,14669,237,14906,7.8,23/23,11:27 PM,04/05/2026,225,AMBASAMUDRAM,Solo,4,191195,7.796228980883392
S22225,AMBASAMUDRAM - 225,NOTA,None of the Above,1046,14,1060,0.55,23/23,11:27 PM,04/05/2026,225,AMBASAMUDRAM,NOTA/Unaligned,5,191195,0.5544078035513481
S22225,AMBASAMUDRAM - 225,R.ESAIKANNAN,Bahujan Samaj Party,675,10,685,0.36,23/23,11:27 PM,04/05/2026,225,AMBASAMUDRAM,Solo,6,191195,0.3582729673893146
S22226,PALAYAMKOTTAI - 226,M.ABDUL WAHAB,Dravida Munnetra Kazhagam,78293,1451,79744,44.15,22/22,11:30 PM,04/05/2026,226,PALAYAMKOTTAI,INDIA/SPA,1,180620,44.15014948510685
S22226,PALAYAMKOTTAI - 226,MARIA JOHN,Tamilaga Vettri Kazhagam,64944,995,65939,36.51,22/22,11:30 PM,04/05/2026,226,PALAYAMKOTTAI,Solo,2,180620,36.50703133650759
S22226,PALAYAMKOTTAI - 226,SYED SULTHAN SAMSUDEEN,All India Anna Dravida Munnetra Kazhagam,19259,473,19732,10.92,22/22,11:30 PM,04/05/2026,226,PALAYAMKOTTAI,NDA,3,180620,10.924593068320231
S22226,PALAYAMKOTTAI - 226,SANKARA NARAYANAN ALIAS SARAN,Naam Tamilar Katchi,10218,247,10465,5.79,22/22,11:30 PM,04/05/2026,226,PALAYAMKOTTAI,Solo,4,180620,5.793932011958809
S22226,PALAYAMKOTTAI - 226,NOTA,None of the Above,804,47,851,0.47,22/22,11:30 PM,04/05/2026,226,PALAYAMKOTTAI,NOTA/Unaligned,5,180620,0.47115491086258443
S22226,PALAYAMKOTTAI - 226,PAULRAJ.V,Independent,700,17,717,0.4,22/22,11:30 PM,04/05/2026,226,PALAYAMKOTTAI,Independent,6,180620,0.3969660059794043
S22226,PALAYAMKOTTAI - 226,KARTHICK NARAYANAN S.,Independent,603,16,619,0.34,22/22,11:30 PM,04/05/2026,226,PALAYAMKOTTAI,Independent,7,180620,0.34270844867677996
S22226,PALAYAMKOTTAI - 226,ABDUL KOYA,Independent,539,21,560,0.31,22/22,11:30 PM,04/05/2026,226,PALAYAMKOTTAI,Independent,8,180620,0.31004318458642455
S22226,PALAYAMKOTTAI - 226,T.A.UMAR,Tamizhaga Vaazhvurimai Katchi,489,4,493,0.27,22/22,11:30 PM,04/05/2026,226,PALAYAMKOTTAI,-,9,180620,0.27294873214483445
S22226,PALAYAMKOTTAI - 226,SRINIVASH,Independent,346,0,346,0.19,22/22,11:30 PM,04/05/2026,226,PALAYAMKOTTAI,Independent,10,180620,0.19156239619089802
S22226,PALAYAMKOTTAI - 226,V.GEORGE,Independent,220,1,221,0.12,22/22,11:30 PM,04/05/2026,226,PALAYAMKOTTAI,Independent,11,180620,0.12235632820285683
S22226,PALAYAMKOTTAI - 226,ESAKKIMUTHU,Puthiya Makkal Tamil Desam Katchi,193,8,201,0.11,22/22,11:30 PM,04/05/2026,226,PALAYAMKOTTAI,-,12,180620,0.11128335732477024
S22226,PALAYAMKOTTAI - 226,M.MANIKANDAN,Independent,149,0,149,0.08,22/22,11:30 PM,04/05/2026,226,PALAYAMKOTTAI,Independent,13,180620,0.0824936330417451
S22226,PALAYAMKOTTAI - 226,NALLAKKANNU ALIAS KARTHIC.K,Independent,140,0,140,0.08,22/22,11:30 PM,04/05/2026,226,PALAYAMKOTTAI,Independent,14,180620,0.07751079614660614
S22226,PALAYAMKOTTAI - 226,A. SUDHAHAR,Independent,124,3,127,0.07,22/22,11:30 PM,04/05/2026,226,PALAYAMKOTTAI,Independent,15,180620,0.07031336507584986
S22226,PALAYAMKOTTAI - 226,S.THANGADURAI,Naam Indiar Party,121,2,123,0.07,22/22,11:30 PM,04/05/2026,226,PALAYAMKOTTAI,-,16,180620,0.06809877090023253
S22226,PALAYAMKOTTAI - 226,D.SANTHIYAGAPPAR ANTONY,Independent,97,7,104,0.06,22/22,11:30 PM,04/05/2026,226,PALAYAMKOTTAI,Independent,17,180620,0.057579448566050274
S22226,PALAYAMKOTTAI - 226,R.SESU,Independent,82,7,89,0.05,22/22,11:30 PM,04/05/2026,226,PALAYAMKOTTAI,Independent,18,180620,0.04927472040748533
S22227,NANGUNERI - 227,REDDIARPATTI V. NARAYANAN,Tamilaga Vettri Kazhagam,74047,905,74952,35.79,25/25,11:27 PM,04/05/2026,227,NANGUNERI,Solo,1,209419,35.79044881314494
S22227,NANGUNERI - 227,RUBY.R.MANOHARAN,Indian National Congress,57364,1169,58533,27.95,25/25,11:27 PM,04/05/2026,227,NANGUNERI,INDIA/SPA,2,209419,27.950185990764925
S22227,NANGUNERI - 227,R. ESAKKIMUTHU,Amma Makkal Munnettra Kazagam,37817,499,38316,18.3,25/25,11:27 PM,04/05/2026,227,NANGUNERI,NDA,3,209419,18.296334143511334
S22227,NANGUNERI - 227,S. SELVAM,Naam Tamilar Katchi,17379,239,17618,8.41,25/25,11:27 PM,04/05/2026,227,NANGUNERI,Solo,4,209419,8.412799220701082
S22227,NANGUNERI - 227,TAMILSELVI,Puthiya Tamilagam,11039,102,11141,5.32,25/25,11:27 PM,04/05/2026,227,NANGUNERI,-,5,209419,5.319956641947483
S22227,NANGUNERI - 227,M. KUMAR,Independent,1076,22,1098,0.52,25/25,11:27 PM,04/05/2026,227,NANGUNERI,Independent,6,209419,0.5243077275700868
S22227,NANGUNERI - 227,DR.S.VELLAI DURAI,All India Puratchi Thalaivar Makkal Munnettra Kazhagam,1003,45,1048,0.5,25/25,11:27 PM,04/05/2026,227,NANGUNERI,-,7,209419,0.5004321479903925
S22227,NANGUNERI - 227,NOTA,None of the Above,704,17,721,0.34,25/25,11:27 PM,04/05/2026,227,NANGUNERI,NOTA/Unaligned,8,209419,0.3442858575391918
S22227,NANGUNERI - 227,R. JANARTHANAN,Bahujan Samaj Party,647,12,659,0.31,25/25,11:27 PM,04/05/2026,227,NANGUNERI,Solo,9,209419,0.31468013886037083
S22227,NANGUNERI - 227,S.MARIYAPPAN,Independent,631,6,637,0.3,25/25,11:27 PM,04/05/2026,227,NANGUNERI,Independent,10,209419,0.30417488384530533
S22227,NANGUNERI - 227,A.RANI NADAR ALIAS PUSHPARANI,Independent,528,1,529,0.25,25/25,11:27 PM,04/05/2026,227,NANGUNERI,Independent,11,209419,0.25260363195316565
S22227,NANGUNERI - 227,CHITHIRAI SELVAN,Tamizhaga Vaazhvurimai Katchi,485,6,491,0.23,25/25,11:27 PM,04/05/2026,227,NANGUNERI,-,12,209419,0.234458191472598
S22227,NANGUNERI - 227,THANITHANGAM,Independent,440,1,441,0.21,25/25,11:27 PM,04/05/2026,227,NANGUNERI,Independent,13,209419,0.2105826118929037
S22227,NANGUNERI - 227,KRISH.MARIAPPAN,Thamizhaka Padaippalar Makkal Katchi,375,2,377,0.18,25/25,11:27 PM,04/05/2026,227,NANGUNERI,-,14,209419,0.180021870030895
S22227,NANGUNERI - 227,THULASI SUDALAI,Puthiya Makkal Tamil Desam Katchi,365,1,366,0.17,25/25,11:27 PM,04/05/2026,227,NANGUNERI,-,15,209419,0.17476924252336226
S22227,NANGUNERI - 227,T. SANKAR,Independent,358,2,360,0.17,25/25,11:27 PM,04/05/2026,227,NANGUNERI,Independent,16,209419,0.17190417297379895
S22227,NANGUNERI - 227,SHANMUGAM,Independent,285,8,293,0.14,25/25,11:27 PM,04/05/2026,227,NANGUNERI,Independent,17,209419,0.1399108963370086
S22227,NANGUNERI - 227,N.KALABERUMAL,Independent,264,1,265,0.13,25/25,11:27 PM,04/05/2026,227,NANGUNERI,Independent,18,209419,0.12654057177237976
S22227,NANGUNERI - 227,DEV.P.JEGADEESAN,Independent,264,1,265,0.13,25/25,11:27 PM,04/05/2026,227,NANGUNERI,Independent,19,209419,0.12654057177237976
S22227,NANGUNERI - 227,M. ARUNA,Independent,249,2,251,0.12,25/25,11:27 PM,04/05/2026,227,NANGUNERI,Independent,20,209419,0.11985540949006537
S22227,NANGUNERI - 227,S. SHUNMUGA SUNDARAM,Naam Indiar Party,199,3,202,0.1,25/25,11:27 PM,04/05/2026,227,NANGUNERI,-,21,209419,0.09645734150196496
S22227,NANGUNERI - 227,SUDAROLI S.MURUGAN YADHAV B.COM,Independent,186,5,191,0.09,25/25,11:27 PM,04/05/2026,227,NANGUNERI,Independent,22,209419,0.09120471399443221
S22227,NANGUNERI - 227,T. LINGADURAI,Independent,175,3,178,0.08,25/25,11:27 PM,04/05/2026,227,NANGUNERI,Independent,23,209419,0.08499706330371169
S22227,NANGUNERI - 227,NALLAKKANNU ALIAS KARTHIC.K,Independent,167,3,170,0.08,25/25,11:27 PM,04/05/2026,227,NANGUNERI,Independent,24,209419,0.08117697057096061
S22227,NANGUNERI - 227,R.ANANTHI,Independent,168,1,169,0.08,25/25,11:27 PM,04/05/2026,227,NANGUNERI,Independent,25,209419,0.08069945897936673
S22227,NANGUNERI - 227,T. RAJKUMAR,Independent,147,1,148,0.07,25/25,11:27 PM,04/05/2026,227,NANGUNERI,Independent,26,209419,0.07067171555589512
S22228,RADHAPURAM - 228,DR.SATHISH CHRISTOPHER,Tamilaga Vettri Kazhagam,69400,547,69947,34.99,26/26,11:30 PM,04/05/2026,228,RADHAPURAM,Solo,1,199931,34.98557002165747
S22228,RADHAPURAM - 228,APPAVU.M,Dravida Munnetra Kazhagam,56640,994,57634,28.83,26/26,11:30 PM,04/05/2026,228,RADHAPURAM,INDIA/SPA,2,199931,28.826945296127164
S22228,RADHAPURAM - 228,BALAKRISHNAN.S.P,Bharatiya Janata Party,52001,636,52637,26.33,26/26,11:30 PM,04/05/2026,228,RADHAPURAM,NDA,3,199931,26.32758301614057
S22228,RADHAPURAM - 228,GIRIJA THAMARAIPANDIAN.D,Naam Tamilar Katchi,15225,145,15370,7.69,26/26,11:30 PM,04/05/2026,228,RADHAPURAM,Solo,4,199931,7.687652240022808
S22228,RADHAPURAM - 228,DANIEL.A,Independent,818,1,819,0.41,26/26,11:30 PM,04/05/2026,228,RADHAPURAM,Independent,5,199931,0.40964132625755884
S22228,RADHAPURAM - 228,PON SANTHANA KUMARAN.R,Independent,476,6,482,0.24,26/26,11:30 PM,04/05/2026,228,RADHAPURAM,Independent,6,199931,0.24108317369492474
S22228,RADHAPURAM - 228,NOTA,None of the Above,462,7,469,0.23,26/26,11:30 PM,04/05/2026,228,RADHAPURAM,NOTA/Unaligned,7,199931,0.23458093042099523
S22228,RADHAPURAM - 228,ESSAKKIAMMAL.E,Bahujan Samaj Party,328,3,331,0.17,26/26,11:30 PM,04/05/2026,228,RADHAPURAM,Solo,8,199931,0.16555711720543587
S22228,RADHAPURAM - 228,SELVAN.T,Independent,280,5,285,0.14,26/26,11:30 PM,04/05/2026,228,RADHAPURAM,Independent,9,199931,0.1425491794669161
S22228,RADHAPURAM - 228,KARTHICK.V,Independent,222,10,232,0.12,26/26,11:30 PM,04/05/2026,228,RADHAPURAM,Independent,10,199931,0.11604003381166503
S22228,RADHAPURAM - 228,MANIKANDAN.L,Independent,222,1,223,0.11,26/26,11:30 PM,04/05/2026,228,RADHAPURAM,Independent,11,199931,0.11153848077586767
S22228,RADHAPURAM - 228,MANIKANDAN.S,Independent,205,0,205,0.1,26/26,11:30 PM,04/05/2026,228,RADHAPURAM,Independent,12,199931,0.10253537470427297
S22228,RADHAPURAM - 228,ANAND PRASAD,Independent,195,0,195,0.1,26/26,11:30 PM,04/05/2026,228,RADHAPURAM,Independent,13,199931,0.09753364910894259
S22228,RADHAPURAM - 228,MANIKANDAN.A.I,Independent,163,1,164,0.08,26/26,11:30 PM,04/05/2026,228,RADHAPURAM,Independent,14,199931,0.08202829976341838
S22228,RADHAPURAM - 228,JESURAJENDRAN.J,Naam Indiar Party,162,1,163,0.08,26/26,11:30 PM,04/05/2026,228,RADHAPURAM,-,15,199931,0.08152812720388534
S22228,RADHAPURAM - 228,KINGSLY ISACC JEBARAJ.S,Independent,131,3,134,0.07,26/26,11:30 PM,04/05/2026,228,RADHAPURAM,Independent,16,199931,0.06702312297742721
S22228,RADHAPURAM - 228,MURUGAN.P,Thamizhaka Padaippalar Makkal Katchi,120,1,121,0.06,26/26,11:30 PM,04/05/2026,228,RADHAPURAM,-,17,199931,0.060520879703497704
S22228,RADHAPURAM - 228,MAHALAKSHMI,Puthiya Makkal Tamil Desam Katchi,101,2,103,0.05,26/26,11:30 PM,04/05/2026,228,RADHAPURAM,-,18,199931,0.051517773631903005
S22228,RADHAPURAM - 228,SUNDARAJAN.S,Independent,93,0,93,0.05,26/26,11:30 PM,04/05/2026,228,RADHAPURAM,Independent,19,199931,0.04651604803657262
S22228,RADHAPURAM - 228,JEYARAJ.P V S,Independent,91,1,92,0.05,26/26,11:30 PM,04/05/2026,228,RADHAPURAM,Independent,20,199931,0.04601587547703958
S22228,RADHAPURAM - 228,ANANTHI.R,Independent,76,0,76,0.04,26/26,11:30 PM,04/05/2026,228,RADHAPURAM,Independent,21,199931,0.038013114524510956
S22228,RADHAPURAM - 228,OLIVER ANTON NAVAMONI. S,Independent,70,0,70,0.04,26/26,11:30 PM,04/05/2026,228,RADHAPURAM,Independent,22,199931,0.03501207916731272
S22228,RADHAPURAM - 228,RAJAN.P,Independent,52,0,52,0.03,26/26,11:30 PM,04/05/2026,228,RADHAPURAM,Independent,23,199931,0.02600897309571802
S22228,RADHAPURAM - 228,ARUNRAJ,Independent,34,0,34,0.02,26/26,11:30 PM,04/05/2026,228,RADHAPURAM,Independent,24,199931,0.017005867024123322
S22229,KANNIYAKUMARI - 229,THALAVAI SUNDARAM. N,All India Anna Dravida Munnetra Kazhagam,73563,1482,75045,31.38,34/34,11:30 PM,04/05/2026,229,KANNIYAKUMARI,NDA,1,239150,31.37988710014635
S22229,KANNIYAKUMARI - 229,MAHESH.R,Dravida Munnetra Kazhagam,73186,1645,74831,31.29,34/34,11:30 PM,04/05/2026,229,KANNIYAKUMARI,INDIA/SPA,2,239150,31.29040351243989
S22229,KANNIYAKUMARI - 229,MADHAVAN.S.R,Tamilaga Vettri Kazhagam,72264,713,72977,30.52,34/34,11:30 PM,04/05/2026,229,KANNIYAKUMARI,Solo,3,239150,30.515157850721305
S22229,KANNIYAKUMARI - 229,MARIA JENNIFER,Naam Tamilar Katchi,13415,274,13689,5.72,34/34,11:30 PM,04/05/2026,229,KANNIYAKUMARI,Solo,4,239150,5.72402257997073
S22229,KANNIYAKUMARI - 229,NOTA,None of the Above,813,12,825,0.34,34/34,11:30 PM,04/05/2026,229,KANNIYAKUMARI,NOTA/Unaligned,5,239150,0.34497177503658794
S22229,KANNIYAKUMARI - 229,RAJAN. S,Independent,453,1,454,0.19,34/34,11:30 PM,04/05/2026,229,KANNIYAKUMARI,Independent,6,239150,0.18983901317164958
S22229,KANNIYAKUMARI - 229,REAGON ANTO.J,Tamizhaga Vaazhvurimai Katchi,297,4,301,0.13,34/34,11:30 PM,04/05/2026,229,KANNIYAKUMARI,-,7,239150,0.12586242943759146
S22229,KANNIYAKUMARI - 229,SRIKRISHNAKUMAR.K,Thamizhaka Padaippalar Makkal Katchi,206,0,206,0.09,34/34,11:30 PM,04/05/2026,229,KANNIYAKUMARI,-,8,239150,0.08613840685762074
S22229,KANNIYAKUMARI - 229,SIVALINGAM.C,Naam Indiar Party,192,2,194,0.08,34/34,11:30 PM,04/05/2026,229,KANNIYAKUMARI,-,9,239150,0.08112063558436128
S22229,KANNIYAKUMARI - 229,MANAVAI KANNAN. M,Communist Party of India (Marxist-Leninist) Red Star,137,3,140,0.06,34/34,11:30 PM,04/05/2026,229,KANNIYAKUMARI,-,10,239150,0.058540664854693704
S22229,KANNIYAKUMARI - 229,DAVID SAHAYA BASCAR,Independent,108,9,117,0.05,34/34,11:30 PM,04/05/2026,229,KANNIYAKUMARI,Independent,11,239150,0.04892326991427974
S22229,KANNIYAKUMARI - 229,RAMAKRISHNAN.C,Independent,106,1,107,0.04,34/34,11:30 PM,04/05/2026,229,KANNIYAKUMARI,Independent,12,239150,0.04474179385323019
S22229,KANNIYAKUMARI - 229,SUDHAGAR.R,Independent,82,11,93,0.04,34/34,11:30 PM,04/05/2026,229,KANNIYAKUMARI,Independent,13,239150,0.03888772736776082
S22229,KANNIYAKUMARI - 229,THANUNEELAN . S,Independent,89,1,90,0.04,34/34,11:30 PM,04/05/2026,229,KANNIYAKUMARI,Independent,14,239150,0.03763328454944596
S22229,KANNIYAKUMARI - 229,KANAGARAJ.T,Independent,81,0,81,0.03,34/34,11:30 PM,04/05/2026,229,KANNIYAKUMARI,Independent,15,239150,0.03386995609450136
S22230,NAGERCOIL - 230,AUSTIN,Dravida Munnetra Kazhagam,68656,1224,69880,35.6,23/23,11:30 PM,04/05/2026,230,NAGERCOIL,INDIA/SPA,1,196280,35.602200937436315
S22230,NAGERCOIL - 230,BERVIN KINGS G,Tamilaga Vettri Kazhagam,61804,506,62310,31.75,23/23,11:30 PM,04/05/2026,230,NAGERCOIL,Solo,2,196280,31.745465661300184
S22230,NAGERCOIL - 230,GANDHI M R,Bharatiya Janata Party,51311,1044,52355,26.67,23/23,11:30 PM,04/05/2026,230,NAGERCOIL,NDA,3,196280,26.673629508864888
S22230,NAGERCOIL - 230,MUTHUKUMAR M,Naam Tamilar Katchi,8421,152,8573,4.37,23/23,11:30 PM,04/05/2026,230,NAGERCOIL,Solo,4,196280,4.367739963317709
S22230,NAGERCOIL - 230,NOTA,None of the Above,437,10,447,0.23,23/23,11:30 PM,04/05/2026,230,NAGERCOIL,NOTA/Unaligned,5,196280,0.22773588750764215
S22230,NAGERCOIL - 230,MOHIDEEN FAIGEE ALIAS SOORANKUDY FAIGEE,Independent,357,0,357,0.18,23/23,11:30 PM,04/05/2026,230,NAGERCOIL,Independent,6,196280,0.1818830242510699
S22230,NAGERCOIL - 230,SIVAKUMAR A,Independent,328,9,337,0.17,23/23,11:30 PM,04/05/2026,230,NAGERCOIL,Independent,7,196280,0.17169349908294274
S22230,NAGERCOIL - 230,DINO T,Naadaalum Makkal Katchi,326,1,327,0.17,23/23,11:30 PM,04/05/2026,230,NAGERCOIL,-,8,196280,0.16659873649887916
S22230,NAGERCOIL - 230,NAGARAJAN L,Thamizhaka Padaippalar Makkal Katchi,259,1,260,0.13,23/23,11:30 PM,04/05/2026,230,NAGERCOIL,-,9,196280,0.13246382718565314
S22230,NAGERCOIL - 230,NAGOOR MEERAN PEER MOHAMED U,Independent,232,2,234,0.12,23/23,11:30 PM,04/05/2026,230,NAGERCOIL,Independent,10,196280,0.11921744446708783
S22230,NAGERCOIL - 230,SUYAMBULINGAM A,Independent,207,2,209,0.11,23/23,11:30 PM,04/05/2026,230,NAGERCOIL,Independent,11,196280,0.10648053800692887
S22230,NAGERCOIL - 230,VALLIMAYIL P,Communist Party of India (Marxist-Leninist) Red Star,144,1,145,0.07,23/23,11:30 PM,04/05/2026,230,NAGERCOIL,-,12,196280,0.07387405746892195
S22230,NAGERCOIL - 230,RETNA MONY S,Independent,136,1,137,0.07,23/23,11:30 PM,04/05/2026,230,NAGERCOIL,Independent,13,196280,0.06979824740167108
S22230,NAGERCOIL - 230,ANTONY MICHAEL J,Viro Ke Vir Indian Party,112,4,116,0.06,23/23,11:30 PM,04/05/2026,230,NAGERCOIL,-,14,196280,0.059099245975137556
S22230,NAGERCOIL - 230,SUYAMBULINGAM P,Independent,107,5,112,0.06,23/23,11:30 PM,04/05/2026,230,NAGERCOIL,Independent,15,196280,0.05706134094151213
S22230,NAGERCOIL - 230,GUNASEKARAN S,Independent,110,1,111,0.06,23/23,11:30 PM,04/05/2026,230,NAGERCOIL,Independent,16,196280,0.05655186468310577
S22230,NAGERCOIL - 230,AJITH KUMAR A,Independent,99,1,100,0.05,23/23,11:30 PM,04/05/2026,230,NAGERCOIL,Independent,17,196280,0.05094762584063583
S22230,NAGERCOIL - 230,DINESH,Independent,90,4,94,0.05,23/23,11:30 PM,04/05/2026,230,NAGERCOIL,Independent,18,196280,0.04789076829019768
S22230,NAGERCOIL - 230,JEBARSON S,Tamizhaga Vaazhvurimai Katchi,69,1,70,0.04,23/23,11:30 PM,04/05/2026,230,NAGERCOIL,-,19,196280,0.03566333808844508
S22230,NAGERCOIL - 230,SALATE KANAGARAJ A,Naam Indiar Party,65,1,66,0.03,23/23,11:30 PM,04/05/2026,230,NAGERCOIL,-,20,196280,0.033625433054819645
S22230,NAGERCOIL - 230,VAIRAM PILLAI S,Independent,39,1,40,0.02,23/23,11:30 PM,04/05/2026,230,NAGERCOIL,Independent,21,196280,0.02037905033625433
S22231,COLACHAL - 231,THARAHAI CUTHBERT,Indian National Congress,65190,1017,66207,33.27,28/28,11:27 PM,04/05/2026,231,COLACHAL,INDIA/SPA,1,199013,33.26767598096607
S22231,COLACHAL - 231,PREM ALEX LAWRENCE,Tamilaga Vettri Kazhagam,62801,573,63374,31.84,28/28,11:27 PM,04/05/2026,231,COLACHAL,Solo,2,199013,31.844150884615576
S22231,COLACHAL - 231,SIVAKUMAR. T,Bharatiya Janata Party,53413,971,54384,27.33,28/28,11:27 PM,04/05/2026,231,COLACHAL,NDA,3,199013,27.326858044449356
S22231,COLACHAL - 231,ANCY SHOBA RANI. L,Naam Tamilar Katchi,12232,226,12458,6.26,28/28,11:27 PM,04/05/2026,231,COLACHAL,Solo,4,199013,6.259892569832122
S22231,COLACHAL - 231,NOTA,None of the Above,568,13,581,0.29,28/28,11:27 PM,04/05/2026,231,COLACHAL,NOTA/Unaligned,5,199013,0.291940727490164
S22231,COLACHAL - 231,SELVARAJ. M,Independent,346,3,349,0.18,28/28,11:27 PM,04/05/2026,231,COLACHAL,Independent,6,199013,0.17536542838910021
S22231,COLACHAL - 231,RAJASINGH. C,Bahujan Samaj Party,310,4,314,0.16,28/28,11:27 PM,04/05/2026,231,COLACHAL,Solo,7,199013,0.15777863757643973
S22231,COLACHAL - 231,ANTHONY MUTHU. S.M,Communist Party of India (Marxist-Leninist) (Liberation),300,4,304,0.15,28/28,11:27 PM,04/05/2026,231,COLACHAL,-,8,199013,0.15275384020139388
S22231,COLACHAL - 231,SARAVANAN. M,Independent,243,12,255,0.13,28/28,11:27 PM,04/05/2026,231,COLACHAL,Independent,9,199013,0.1281323330636692
S22231,COLACHAL - 231,GANESH. N,Thamizhaka Padaippalar Makkal Katchi,237,7,244,0.12,28/28,11:27 PM,04/05/2026,231,COLACHAL,-,10,199013,0.12260505595111877
S22231,COLACHAL - 231,CHRIST MILLER. S,All India Puratchi Thalaivar Makkal Munnettra Kazhagam,140,5,145,0.07,28/28,11:27 PM,04/05/2026,231,COLACHAL,-,11,199013,0.07285956193816484
S22231,COLACHAL - 231,KOIL RAJ. R,Naam Indiar Party,139,1,140,0.07,28/28,11:27 PM,04/05/2026,231,COLACHAL,-,12,199013,0.07034716325064191
S22231,COLACHAL - 231,ANTONY ALANKARAM. K,Independent,132,2,134,0.07,28/28,11:27 PM,04/05/2026,231,COLACHAL,Independent,13,199013,0.0673322848256144
S22231,COLACHAL - 231,MURALI. M,Tamizhaga Vaazhvurimai Katchi,124,0,124,0.06,28/28,11:27 PM,04/05/2026,231,COLACHAL,-,14,199013,0.062307487450568556
S22232,PADMANABHAPURAM - 232,CHELLASWAMY. R,Communist Party of India (Marxist),67896,1042,68938,38.18,24/24,11:27 PM,04/05/2026,232,PADMANABHAPURAM,INDIA/SPA,1,180555,38.181163634349645
S22232,PADMANABHAPURAM - 232,KRISHNA KUMAR. S,Tamilaga Vettri Kazhagam,52741,628,53369,29.56,24/24,11:27 PM,04/05/2026,232,PADMANABHAPURAM,Solo,2,180555,29.558306333250258
S22232,PADMANABHAPURAM - 232,RAMESH. P,Bharatiya Janata Party,43413,880,44293,24.53,24/24,11:27 PM,04/05/2026,232,PADMANABHAPURAM,NDA,3,180555,24.531583174102074
S22232,PADMANABHAPURAM - 232,SEELAN,Naam Tamilar Katchi,11048,240,11288,6.25,24/24,11:27 PM,04/05/2026,232,PADMANABHAPURAM,Solo,4,180555,6.251834621029603
S22232,PADMANABHAPURAM - 232,NOTA,None of the Above,596,19,615,0.34,24/24,11:27 PM,04/05/2026,232,PADMANABHAPURAM,NOTA/Unaligned,5,180555,0.34061643266594666
S22232,PADMANABHAPURAM - 232,VASANTHI. R,Independent,444,9,453,0.25,24/24,11:27 PM,04/05/2026,232,PADMANABHAPURAM,Independent,6,180555,0.2508930796710144
S22232,PADMANABHAPURAM - 232,DURAI RAJ. S,Independent,371,2,373,0.21,24/24,11:27 PM,04/05/2026,232,PADMANABHAPURAM,Independent,7,180555,0.20658525103154163
S22232,PADMANABHAPURAM - 232,RAKESH KUMAR. M,Thamizhaka Padaippalar Makkal Katchi,340,6,346,0.19,24/24,11:27 PM,04/05/2026,232,PADMANABHAPURAM,-,8,180555,0.19163135886571958
S22232,PADMANABHAPURAM - 232,SYEDALI. A,Our Mahathma National Party,311,3,314,0.17,24/24,11:27 PM,04/05/2026,232,PADMANABHAPURAM,-,9,180555,0.1739082274099305
S22232,PADMANABHAPURAM - 232,DR. KRISHNA PRASAD. B,Independent,228,1,229,0.13,24/24,11:27 PM,04/05/2026,232,PADMANABHAPURAM,Independent,10,180555,0.1268311594804907
S22232,PADMANABHAPURAM - 232,ARUL MANI. H,Independent,190,3,193,0.11,24/24,11:27 PM,04/05/2026,232,PADMANABHAPURAM,Independent,11,180555,0.10689263659272798
S22232,PADMANABHAPURAM - 232,VAIKUNDAMANI. N,Tamizhaga Vaazhvurimai Katchi,139,5,144,0.08,24/24,11:27 PM,04/05/2026,232,PADMANABHAPURAM,-,12,180555,0.07975409155105093
S22233,VILAVANCODE - 233,PRAVEEN T.T,Indian National Congress,69378,1377,70755,40.45,22/22,11:30 PM,04/05/2026,233,VILAVANCODE,INDIA/SPA,1,174927,40.448301291395836
S22233,VILAVANCODE - 233,MICHAEL KUMAR K,Tamilaga Vettri Kazhagam,49028,757,49785,28.46,22/22,11:30 PM,04/05/2026,233,VILAVANCODE,Solo,2,174927,28.460443499288274
S22233,VILAVANCODE - 233,VIJAYADHARANI S,Bharatiya Janata Party,44676,928,45604,26.07,22/22,11:30 PM,04/05/2026,233,VILAVANCODE,NDA,3,174927,26.070303612364015
S22233,VILAVANCODE - 233,MARIA STELLA,Naam Tamilar Katchi,6000,199,6199,3.54,22/22,11:30 PM,04/05/2026,233,VILAVANCODE,Solo,4,174927,3.5437639701132473
S22233,VILAVANCODE - 233,NOTA,None of the Above,811,17,828,0.47,22/22,11:30 PM,04/05/2026,233,VILAVANCODE,NOTA/Unaligned,5,174927,0.4733403076712
S22233,VILAVANCODE - 233,JOHN CHRISTOPHER T,Rashtriya Janata Dal,389,13,402,0.23,22/22,11:30 PM,04/05/2026,233,VILAVANCODE,-,6,174927,0.2298101493765971
S22233,VILAVANCODE - 233,BAIJU T,Viro Ke Vir Indian Party,287,7,294,0.17,22/22,11:30 PM,04/05/2026,233,VILAVANCODE,-,7,174927,0.168070109245571
S22233,VILAVANCODE - 233,MOHAN KUMAR M,All India Jananayaka Makkal Kazhagam,214,3,217,0.12,22/22,11:30 PM,04/05/2026,233,VILAVANCODE,-,8,174927,0.12405174730030241
S22233,VILAVANCODE - 233,VENKADEASAN. K,Thamizhaka Padaippalar Makkal Katchi,193,1,194,0.11,22/22,11:30 PM,04/05/2026,233,VILAVANCODE,-,9,174927,0.11090340542054686
S22233,VILAVANCODE - 233,JOSELAL L.V,Independent,185,5,190,0.11,22/22,11:30 PM,04/05/2026,233,VILAVANCODE,Independent,10,174927,0.1086167372675459
S22233,VILAVANCODE - 233,MURUGANANDHA PRASAD T,Independent,108,4,112,0.06,22/22,11:30 PM,04/05/2026,233,VILAVANCODE,Independent,11,174927,0.06402670828402705
S22233,VILAVANCODE - 233,PRAVEEN KUMAR,Independent,106,2,108,0.06,22/22,11:30 PM,04/05/2026,233,VILAVANCODE,Independent,12,174927,0.06174004013102608
S22233,VILAVANCODE - 233,SHIBU AMOSE,Independent,86,2,88,0.05,22/22,11:30 PM,04/05/2026,233,VILAVANCODE,Independent,13,174927,0.05030669936602125
S22233,VILAVANCODE - 233,DAVID T,Independent,72,9,81,0.05,22/22,11:30 PM,04/05/2026,233,VILAVANCODE,Independent,14,174927,0.04630503009826956
S22233,VILAVANCODE - 233,KRISHNAN M,Independent,66,4,70,0.04,22/22,11:30 PM,04/05/2026,233,VILAVANCODE,Independent,15,174927,0.04001669267751691
S22234,KILLIYOOR - 234,RAJESH KUMAR. S,Indian National Congress,65354,1080,66434,37.42,23/23,11:30 PM,04/05/2026,234,KILLIYOOR,INDIA/SPA,1,177534,37.420437775299376
S22234,KILLIYOOR - 234,SABIN. S,Tamilaga Vettri Kazhagam,64441,682,65123,36.68,23/23,11:30 PM,04/05/2026,234,KILLIYOOR,Solo,2,177534,36.68198767560017
S22234,KILLIYOOR - 234,NIVIN SIMON. J,Bharatiya Janata Party,30435,635,31070,17.5,23/23,11:30 PM,04/05/2026,234,KILLIYOOR,NDA,3,177534,17.500873072200253
S22234,KILLIYOOR - 234,HIMLAR,Naam Tamilar Katchi,12490,274,12764,7.19,23/23,11:30 PM,04/05/2026,234,KILLIYOOR,Solo,4,177534,7.189608750999809
S22234,KILLIYOOR - 234,NOTA,None of the Above,491,11,502,0.28,23/23,11:30 PM,04/05/2026,234,KILLIYOOR,NOTA/Unaligned,5,177534,0.2827627384050379
S22234,KILLIYOOR - 234,PRABHU. S,Thamizhaka Padaippalar Makkal Katchi,409,1,410,0.23,23/23,11:30 PM,04/05/2026,234,KILLIYOOR,-,6,177534,0.23094167877702299
S22234,KILLIYOOR - 234,AJAI (ALIAS) NAGARAJAN,Independent,240,1,241,0.14,23/23,11:30 PM,04/05/2026,234,KILLIYOOR,Independent,7,177534,0.13574864532990863
S22234,KILLIYOOR - 234,BERRILA. L,Independent,193,4,197,0.11,23/23,11:30 PM,04/05/2026,234,KILLIYOOR,Independent,8,177534,0.11096466029042325
S22234,KILLIYOOR - 234,JUSTIN. M,Independent,188,1,189,0.11,23/23,11:30 PM,04/05/2026,234,KILLIYOOR,Independent,9,177534,0.10645848119233499
S22234,KILLIYOOR - 234,BABY RAJ. P,Independent,157,5,162,0.09,23/23,11:30 PM,04/05/2026,234,KILLIYOOR,Independent,10,177534,0.09125012673628713
S22234,KILLIYOOR - 234,RUBIN ANTONY,Tamizhaga Vaazhvurimai Katchi,153,3,156,0.09,23/23,11:30 PM,04/05/2026,234,KILLIYOOR,-,11,177534,0.08787049241272095
S22234,KILLIYOOR - 234,SATHEESH. S,Independent,128,0,128,0.07,23/23,11:30 PM,04/05/2026,234,KILLIYOOR,Independent,12,177534,0.07209886556941206
S22234,KILLIYOOR - 234,JUSTIN. T,Indian Christian Front,82,3,85,0.05,23/23,11:30 PM,04/05/2026,234,KILLIYOOR,-,13,177534,0.047878152917187694
S22234,KILLIYOOR - 234,DR. RAMACHANDRAN. M,Independent,71,2,73,0.04,23/23,11:30 PM,04/05/2026,234,KILLIYOOR,Independent,14,177534,0.04111888427005531
